Student_ID,Age,Gender,Program,Semester,Exam_Score,Study_Hours_Per_Week,session_id,session_date,session_program,session_semester,status
1,22,Female,Computer Science,2,69.6,11.6,SES-2013,2023-10-22,Education,2,Present
49999,18,Male,Computer Science,7,70.81,10.8,SES-2002,2023-11-02,Computer Science,2,Present
49997,19,Male,Computer Science,7,70.81,10.8,SES-2046,2024-02-11,Computer Science,4,Present
49997,19,Male,Computer Science,7,70.81,10.8,SES-2045,2024-07-04,Education,8,Present
49997,19,Male,Education,4,53.99,11.5,SES-2001,2024-02-05,Computer Science,4,Present
49997,19,Male,Education,4,53.99,11.5,SES-2049,2024-04-17,Education,6,Present
49995,23,Male,Education,4,53.99,11.5,SES-2005,2024-05-15,Engineering,7,Absent
49995,23,Male,Education,4,53.99,11.5,SES-2043,2024-05-18,Education,7,Present
49995,23,Female,Business,2,73.54,12.2,SES-2035,2023-11-28,Social Sciences,3,Present
49994,22,Male,Social Sciences,7,63.63,11.0,SES-2008,2024-03-04,Computer Science,4,Present
49994,22,Male,Social Sciences,7,63.63,11.0,SES-2023,2024-04-21,Business,6,Present
49994,22,Male,Social Sciences,7,63.63,11.0,SES-2031,2024-07-18,Computer Science,8,Present
49993,20,Male,Social Sciences,7,63.63,11.0,SES-2037,2023-10-16,Computer Science,1,Present
49993,20,Male,Social Sciences,7,63.63,11.0,SES-2009,2024-05-12,Social Sciences,7,Absent
49989,19,Male,Business,7,47.29,8.8,SES-2021,2024-02-26,Social Sciences,4,Present
49989,19,Male,Business,7,47.29,8.8,SES-2038,2023-11-27,Social Sciences,2,Absent
49987,22,Male,Business,4,77.79,8.2,SES-2047,2024-02-01,Computer Science,4,Absent
49987,22,Male,Business,4,77.79,8.2,SES-2014,2024-03-28,Education,5,Present
49986,21,Male,Business,4,77.79,8.2,SES-2010,2024-03-24,Business,5,Present
49986,21,Female,Engineering,5,44.77,7.8,SES-2033,2023-11-14,Education,2,Present
49986,21,Female,Engineering,5,44.77,7.8,SES-2025,2023-11-24,Engineering,3,Absent
49985,24,Female,Engineering,5,44.77,7.8,SES-2029,2023-10-21,Education,2,Absent
49985,24,Female,Engineering,5,44.77,7.8,SES-2047,2024-02-01,Computer Science,4,Absent
49982,20,Female,Business,7,71.2,7.9,SES-2025,2023-11-24,Engineering,3,Present
49982,20,Female,Business,7,71.2,7.9,SES-2000,2023-10-24,Social Sciences,2,Absent
49977,20,Female,Business,1,56.89,6.2,SES-2021,2024-02-26,Social Sciences,4,Absent
49977,20,Male,Computer Science,2,63.53,6.8,SES-2012,2024-04-19,Education,5,Present
49977,20,Male,Computer Science,2,63.53,6.8,SES-2031,2024-07-18,Computer Science,8,Present
49977,20,Male,Engineering,2,64.93,3.9,SES-2038,2023-11-27,Social Sciences,2,Absent
49976,25,Male,Engineering,2,64.93,3.9,SES-2030,2024-05-13,Business,7,Absent
49976,25,Male,Social Sciences,2,72.26,5.0,SES-2020,2024-03-27,Computer Science,4,Present
49976,25,Male,Social Sciences,2,72.26,5.0,SES-2012,2024-04-19,Education,5,Present
49975,20,Male,Social Sciences,2,72.26,5.0,SES-2039,2024-02-08,Engineering,4,Present
49975,20,Male,Social Sciences,2,72.26,5.0,SES-2017,2024-03-23,Computer Science,4,Present
49975,20,Male,Social Sciences,2,72.26,5.0,SES-2037,2023-10-16,Computer Science,1,Present
49975,20,Male,Computer Science,3,65.13,8.5,SES-2038,2023-11-27,Social Sciences,2,Present
49975,20,Male,Computer Science,3,65.13,8.5,SES-2041,2023-10-05,Business,2,Present
49974,23,Male,Computer Science,3,65.13,8.5,SES-2031,2024-07-18,Computer Science,8,Present
49974,23,Male,Computer Science,3,65.13,8.5,SES-2012,2024-04-19,Education,5,Present
49974,23,Male,Computer Science,3,65.13,8.5,SES-2003,2023-10-08,Engineering,2,Present
49972,22,Female,Social Sciences,6,67.99,10.5,SES-2012,2024-04-19,Education,5,Absent
49972,22,Female,Social Sciences,6,67.99,10.5,SES-2003,2023-10-08,Engineering,2,Absent
49968,23,Female,Computer Science,5,51.5,7.6,SES-2045,2024-07-04,Education,8,Present
49968,23,Female,Computer Science,5,51.5,7.6,SES-2026,2024-04-19,Business,5,Present
49968,23,Female,Computer Science,5,51.5,7.6,SES-2016,2024-04-12,Social Sciences,6,Present
49968,23,Female,Computer Science,5,51.5,7.6,SES-2037,2023-10-16,Computer Science,1,Absent
49968,23,Female,Education,1,70.64,11.5,SES-2020,2024-03-27,Computer Science,4,Present
49967,18,Female,Education,1,70.64,11.5,SES-2035,2023-11-28,Social Sciences,3,Present
49966,22,Male,Computer Science,3,69.07,10.9,SES-2046,2024-02-11,Computer Science,4,Present
49966,22,Male,Computer Science,3,69.07,10.9,SES-2028,2024-06-25,Computer Science,8,Present
49966,22,Male,Computer Science,3,69.07,10.9,SES-2002,2023-11-02,Computer Science,2,Absent
49965,20,Male,Computer Science,3,69.07,10.9,SES-2035,2023-11-28,Social Sciences,3,Present
49965,20,Male,Computer Science,3,69.07,10.9,SES-2020,2024-03-27,Computer Science,4,Present
49964,21,Male,Social Sciences,7,53.31,5.8,SES-2040,2023-10-24,Business,2,Present
49964,21,Male,Social Sciences,7,53.31,5.8,SES-2047,2024-02-01,Computer Science,4,Present
49963,23,Male,Social Sciences,7,53.31,5.8,SES-2002,2023-11-02,Computer Science,2,Present
49960,22,Female,Education,5,78.17,14.7,SES-2043,2024-05-18,Education,7,Present
49960,22,Female,Education,5,78.17,14.7,SES-2015,2023-11-09,Business,2,Absent
49960,22,Female,Education,5,78.17,14.7,SES-2045,2024-07-04,Education,8,Present
49959,22,Female,Education,5,78.17,14.7,SES-2044,2024-04-22,Social Sciences,5,Present
49959,22,Male,Engineering,4,50.47,7.8,SES-2030,2024-05-13,Business,7,Present
49959,22,Male,Engineering,4,50.47,7.8,SES-2035,2023-11-28,Social Sciences,3,Present
49958,19,Male,Education,6,64.22,7.7,SES-2042,2023-12-17,Engineering,3,Present
49957,23,Male,Education,6,64.22,7.7,SES-2043,2024-05-18,Education,7,Absent
49957,23,Male,Education,6,64.22,7.7,SES-2008,2024-03-04,Computer Science,4,Absent
49957,23,Male,Education,6,64.22,7.7,SES-2004,2023-09-23,Engineering,1,Present
49957,23,Male,Education,1,51.41,8.1,SES-2044,2024-04-22,Social Sciences,5,Present
49956,21,Male,Education,1,51.41,8.1,SES-2019,2024-06-21,Engineering,7,Present
49956,21,Male,Education,1,51.41,8.1,SES-2030,2024-05-13,Business,7,Present
49954,19,Female,Business,8,54.49,10.9,SES-2044,2024-04-22,Social Sciences,5,Absent
49954,19,Male,Engineering,7,70.25,13.6,SES-2012,2024-04-19,Education,5,Present
49954,19,Male,Engineering,7,70.25,13.6,SES-2006,2024-03-25,Education,5,Present
49951,20,Female,Business,3,58.39,4.1,SES-2025,2023-11-24,Engineering,3,Absent
49951,20,Female,Business,3,58.39,4.1,SES-2012,2024-04-19,Education,5,Absent
49951,20,Female,Business,3,58.39,4.1,SES-2011,2023-11-03,Engineering,2,Absent
49950,20,Female,Business,3,58.39,4.1,SES-2040,2023-10-24,Business,2,Present
49946,22,Female,Engineering,3,68.15,8.8,SES-2000,2023-10-24,Social Sciences,2,Present
49946,22,Female,Engineering,3,68.15,8.8,SES-2025,2023-11-24,Engineering,3,Present
49945,20,Female,Engineering,3,68.15,8.8,SES-2044,2024-04-22,Social Sciences,5,Present
49944,20,Male,Education,6,68.98,9.3,SES-2008,2024-03-04,Computer Science,4,Present
49944,20,Male,Education,6,68.98,9.3,SES-2045,2024-07-04,Education,8,Present
49944,20,Male,Engineering,8,64.54,6.4,SES-2010,2024-03-24,Business,5,Absent
49943,17,Male,Engineering,8,64.54,6.4,SES-2000,2023-10-24,Social Sciences,2,Absent
49943,17,Male,Engineering,8,64.54,6.4,SES-2021,2024-02-26,Social Sciences,4,Present
49942,21,Male,Engineering,8,64.54,6.4,SES-2041,2023-10-05,Business,2,Present
49941,22,Female,Business,1,62.82,5.8,SES-2033,2023-11-14,Education,2,Present
49941,22,Female,Business,1,62.82,5.8,SES-2038,2023-11-27,Social Sciences,2,Present
49941,22,Female,Business,1,62.82,5.8,SES-2028,2024-06-25,Computer Science,8,Absent
49941,22,Female,Business,1,62.82,5.8,SES-2006,2024-03-25,Education,5,Present
49941,22,Female,Business,5,72.98,6.8,SES-2026,2024-04-19,Business,5,Present
49940,23,Female,Business,5,72.98,6.8,SES-2018,2023-11-06,Business,3,Present
49938,20,Male,Social Sciences,6,78.65,12.1,SES-2043,2024-05-18,Education,7,Absent
49937,20,Male,Engineering,4,65.92,7.5,SES-2005,2024-05-15,Engineering,7,Present
49937,20,Male,Engineering,4,65.92,7.5,SES-2045,2024-07-04,Education,8,Present
49937,20,Male,Engineering,4,65.92,7.5,SES-2010,2024-03-24,Business,5,Present
49936,24,Female,Computer Science,1,61.22,8.4,SES-2026,2024-04-19,Business,5,Present
49932,23,Male,Computer Science,7,75.12,11.9,SES-2027,2024-04-05,Engineering,6,Present
49932,23,Male,Computer Science,7,75.12,11.9,SES-2001,2024-02-05,Computer Science,4,Present
49932,23,Male,Computer Science,7,75.12,11.9,SES-2041,2023-10-05,Business,2,Present
49932,23,Male,Computer Science,7,75.12,11.9,SES-2000,2023-10-24,Social Sciences,2,Present
49930,19,Female,Computer Science,5,81.24,5.0,SES-2039,2024-02-08,Engineering,4,Absent
49930,19,Female,Computer Science,5,81.24,5.0,SES-2020,2024-03-27,Computer Science,4,Present
49930,19,Female,Computer Science,5,81.24,5.0,SES-2033,2023-11-14,Education,2,Present
49930,19,Female,Computer Science,5,81.24,5.0,SES-2015,2023-11-09,Business,2,Present
49927,21,Female,Engineering,7,77.31,11.9,SES-2043,2024-05-18,Education,7,Present
49927,21,Female,Engineering,7,77.31,11.9,SES-2035,2023-11-28,Social Sciences,3,Present
49926,21,Female,Engineering,7,77.31,11.9,SES-2016,2024-04-12,Social Sciences,6,Present
49926,21,Female,Engineering,7,77.31,11.9,SES-2015,2023-11-09,Business,2,Present
49925,22,Male,Business,6,49.08,10.8,SES-2021,2024-02-26,Social Sciences,4,Absent
49925,22,Male,Business,6,49.08,10.8,SES-2009,2024-05-12,Social Sciences,7,Absent
49925,22,Male,Business,6,49.08,10.8,SES-2015,2023-11-09,Business,2,Absent
49923,25,Female,Computer Science,7,55.61,6.8,SES-2004,2023-09-23,Engineering,1,Present
49923,25,Female,Computer Science,7,55.61,6.8,SES-2025,2023-11-24,Engineering,3,Present
49923,25,Female,Education,3,51.05,10.5,SES-2030,2024-05-13,Business,7,Present
49921,26,Female,Engineering,8,63.67,10.8,SES-2014,2024-03-28,Education,5,Present
49921,26,Female,Engineering,8,63.67,10.8,SES-2016,2024-04-12,Social Sciences,6,Present
49921,26,Female,Engineering,8,63.67,10.8,SES-2042,2023-12-17,Engineering,3,Present
49921,26,Female,Engineering,8,63.67,10.8,SES-2009,2024-05-12,Social Sciences,7,Present
49919,20,Female,Computer Science,2,96.18,14.3,SES-2008,2024-03-04,Computer Science,4,Present
49919,20,Female,Computer Science,2,96.18,14.3,SES-2016,2024-04-12,Social Sciences,6,Present
49915,21,Male,Social Sciences,1,45.54,9.2,SES-2002,2023-11-02,Computer Science,2,Absent
49915,21,Male,Social Sciences,1,45.54,9.2,SES-2035,2023-11-28,Social Sciences,3,Absent
49914,24,Male,Social Sciences,1,45.54,9.2,SES-2031,2024-07-18,Computer Science,8,Absent
49914,24,Male,Social Sciences,1,45.54,9.2,SES-2004,2023-09-23,Engineering,1,Present
49914,24,Female,Computer Science,2,83.21,13.9,SES-2038,2023-11-27,Social Sciences,2,Present
49910,23,Female,Social Sciences,4,52.6,3.9,SES-2013,2023-10-22,Education,2,Present
49908,20,Female,Social Sciences,4,52.6,3.9,SES-2047,2024-02-01,Computer Science,4,Absent
49907,23,Female,Social Sciences,4,52.6,3.9,SES-2010,2024-03-24,Business,5,Absent
49907,23,Female,Social Sciences,4,52.6,3.9,SES-2025,2023-11-24,Engineering,3,Present
49907,23,Female,Social Sciences,4,52.6,3.9,SES-2012,2024-04-19,Education,5,Absent
49906,20,Male,Engineering,2,76.8,11.5,SES-2035,2023-11-28,Social Sciences,3,Present
49905,19,Male,Computer Science,8,65.98,8.7,SES-2048,2023-09-03,Computer Science,1,Present
49905,19,Male,Computer Science,8,65.98,8.7,SES-2014,2024-03-28,Education,5,Present
49904,21,Female,Education,8,84.82,11.5,SES-2045,2024-07-04,Education,8,Present
49904,21,Female,Education,8,84.82,11.5,SES-2004,2023-09-23,Engineering,1,Present
49904,21,Female,Education,8,84.82,11.5,SES-2016,2024-04-12,Social Sciences,6,Present
49903,19,Female,Education,8,84.82,11.5,SES-2041,2023-10-05,Business,2,Present
49903,19,Female,Business,2,55.17,12.5,SES-2038,2023-11-27,Social Sciences,2,Present
49902,23,Female,Business,2,55.17,12.5,SES-2042,2023-12-17,Engineering,3,Absent
49901,20,Female,Business,2,55.17,12.5,SES-2013,2023-10-22,Education,2,Present
49901,20,Female,Business,2,55.17,12.5,SES-2043,2024-05-18,Education,7,Absent
49901,20,Male,Education,3,76.98,12.7,SES-2048,2023-09-03,Computer Science,1,Present
49901,20,Male,Education,3,76.98,12.7,SES-2027,2024-04-05,Engineering,6,Present
49901,20,Male,Education,3,76.98,12.7,SES-2022,2024-06-03,Education,7,Present
49900,20,Male,Education,3,76.98,12.7,SES-2013,2023-10-22,Education,2,Present
49898,22,Male,Computer Science,1,50.82,5.9,SES-2047,2024-02-01,Computer Science,4,Present
49896,21,Male,Computer Science,1,50.82,5.9,SES-2001,2024-02-05,Computer Science,4,Present
49896,21,Male,Computer Science,1,50.82,5.9,SES-2024,2024-06-05,Social Sciences,7,Absent
49896,21,Male,Computer Science,1,50.82,5.9,SES-2005,2024-05-15,Engineering,7,Present
49896,21,Male,Computer Science,1,50.82,5.9,SES-2016,2024-04-12,Social Sciences,6,Present
49895,19,Female,Business,1,63.25,3.5,SES-2018,2023-11-06,Business,3,Absent
49894,20,Female,Business,1,63.25,3.5,SES-2036,2024-02-12,Education,4,Absent
49894,20,Female,Business,1,63.25,3.5,SES-2048,2023-09-03,Computer Science,1,Absent
49894,20,Female,Social Sciences,2,51.14,7.5,SES-2029,2023-10-21,Education,2,Present
49893,20,Female,Social Sciences,2,51.14,7.5,SES-2003,2023-10-08,Engineering,2,Present
49893,20,Female,Social Sciences,2,51.14,7.5,SES-2010,2024-03-24,Business,5,Present
49893,20,Male,Education,7,70.18,7.6,SES-2047,2024-02-01,Computer Science,4,Present
49893,20,Male,Education,7,70.18,7.6,SES-2026,2024-04-19,Business,5,Present
49891,19,Male,Engineering,6,42.76,5.1,SES-2022,2024-06-03,Education,7,Present
49880,19,Male,Social Sciences,7,64.09,5.4,SES-2043,2024-05-18,Education,7,Present
49880,19,Male,Social Sciences,7,64.09,5.4,SES-2023,2024-04-21,Business,6,Present
49878,17,Male,Business,6,69.27,11.9,SES-2048,2023-09-03,Computer Science,1,Present
49878,17,Male,Business,6,69.27,11.9,SES-2043,2024-05-18,Education,7,Present
49877,23,Male,Business,6,69.27,11.9,SES-2040,2023-10-24,Business,2,Present
49877,23,Male,Education,7,52.32,7.7,SES-2004,2023-09-23,Engineering,1,Present
49876,22,Male,Education,7,52.32,7.7,SES-2042,2023-12-17,Engineering,3,Present
49876,22,Male,Education,7,52.32,7.7,SES-2033,2023-11-14,Education,2,Present
49876,22,Male,Business,2,51.78,11.2,SES-2029,2023-10-21,Education,2,Absent
49876,22,Male,Business,2,51.78,11.2,SES-2006,2024-03-25,Education,5,Present
49871,20,Male,Engineering,8,63.32,3.4,SES-2021,2024-02-26,Social Sciences,4,Absent
49871,20,Male,Engineering,8,63.32,3.4,SES-2028,2024-06-25,Computer Science,8,Absent
49871,20,Male,Engineering,8,63.32,3.4,SES-2011,2023-11-03,Engineering,2,Present
49870,24,Male,Education,3,50.63,8.8,SES-2023,2024-04-21,Business,6,Present
49870,24,Male,Education,7,70.64,12.6,SES-2026,2024-04-19,Business,5,Present
49870,24,Male,Education,7,70.64,12.6,SES-2033,2023-11-14,Education,2,Absent
49870,24,Male,Education,7,70.64,12.6,SES-2007,2024-06-09,Education,7,Present
49869,19,Male,Education,7,70.64,12.6,SES-2003,2023-10-08,Engineering,2,Present
49869,19,Male,Education,7,70.64,12.6,SES-2016,2024-04-12,Social Sciences,6,Absent
49868,19,Male,Computer Science,6,45.94,10.9,SES-2032,2023-11-25,Social Sciences,2,Absent
49868,19,Male,Social Sciences,1,50.32,8.5,SES-2005,2024-05-15,Engineering,7,Present
49867,22,Male,Social Sciences,1,50.32,8.5,SES-2035,2023-11-28,Social Sciences,3,Present
49866,17,Male,Engineering,5,71.12,9.0,SES-2032,2023-11-25,Social Sciences,2,Present
49866,17,Male,Engineering,5,71.12,9.0,SES-2024,2024-06-05,Social Sciences,7,Present
49865,20,Male,Education,7,64.61,11.6,SES-2023,2024-04-21,Business,6,Present
49865,20,Male,Education,7,64.61,11.6,SES-2027,2024-04-05,Engineering,6,Present
49864,26,Male,Education,8,89.11,7.8,SES-2041,2023-10-05,Business,2,Present
49864,26,Male,Education,8,89.11,7.8,SES-2034,2024-06-24,Social Sciences,8,Present
49863,21,Male,Education,8,89.11,7.8,SES-2047,2024-02-01,Computer Science,4,Present
49863,21,Male,Education,8,89.11,7.8,SES-2044,2024-04-22,Social Sciences,5,Present
49863,21,Male,Education,8,89.11,7.8,SES-2028,2024-06-25,Computer Science,8,Absent
49862,24,Female,Engineering,8,67.92,8.7,SES-2013,2023-10-22,Education,2,Present
49862,24,Female,Engineering,8,67.92,8.7,SES-2015,2023-11-09,Business,2,Present
49861,21,Female,Engineering,8,67.92,8.7,SES-2016,2024-04-12,Social Sciences,6,Absent
49861,21,Female,Engineering,8,67.92,8.7,SES-2041,2023-10-05,Business,2,Present
49860,23,Female,Computer Science,7,78.8,9.7,SES-2000,2023-10-24,Social Sciences,2,Present
49860,23,Female,Computer Science,7,78.8,9.7,SES-2019,2024-06-21,Engineering,7,Present
49860,23,Male,Business,7,68.18,12.0,SES-2021,2024-02-26,Social Sciences,4,Present
49860,23,Male,Business,7,68.18,12.0,SES-2032,2023-11-25,Social Sciences,2,Present
49858,20,Female,Business,3,66.52,5.9,SES-2028,2024-06-25,Computer Science,8,Present
49858,20,Female,Business,3,66.52,5.9,SES-2011,2023-11-03,Engineering,2,Present
49858,20,Female,Business,3,66.52,5.9,SES-2018,2023-11-06,Business,3,Present
49857,17,Female,Business,3,66.52,5.9,SES-2021,2024-02-26,Social Sciences,4,Present
49857,17,Female,Computer Science,1,63.35,10.2,SES-2009,2024-05-12,Social Sciences,7,Present
49855,24,Female,Computer Science,1,63.35,10.2,SES-2047,2024-02-01,Computer Science,4,Present
49853,21,Male,Business,4,63.56,3.9,SES-2014,2024-03-28,Education,5,Present
49853,21,Male,Business,4,63.56,3.9,SES-2031,2024-07-18,Computer Science,8,Absent
49853,21,Male,Business,4,63.56,3.9,SES-2019,2024-06-21,Engineering,7,Absent
49853,21,Male,Business,4,63.56,3.9,SES-2026,2024-04-19,Business,5,Absent
49852,21,Female,Business,2,42.67,4.8,SES-2015,2023-11-09,Business,2,Present
49852,21,Female,Business,2,42.67,4.8,SES-2026,2024-04-19,Business,5,Absent
49850,19,Female,Engineering,6,54.72,4.8,SES-2000,2023-10-24,Social Sciences,2,Absent
49850,19,Female,Engineering,6,54.72,4.8,SES-2030,2024-05-13,Business,7,Absent
49850,19,Female,Engineering,6,54.72,4.8,SES-2036,2024-02-12,Education,4,Absent
49849,24,Female,Engineering,6,54.72,4.8,SES-2008,2024-03-04,Computer Science,4,Absent
49848,22,Female,Education,4,54.89,5.8,SES-2024,2024-06-05,Social Sciences,7,Present
49848,22,Female,Education,4,54.89,5.8,SES-2021,2024-02-26,Social Sciences,4,Present
49848,22,Male,Business,5,86.45,9.3,SES-2036,2024-02-12,Education,4,Present
49848,22,Male,Business,5,86.45,9.3,SES-2032,2023-11-25,Social Sciences,2,Present
49848,22,Male,Business,5,86.45,9.3,SES-2034,2024-06-24,Social Sciences,8,Present
49847,17,Male,Business,5,86.45,9.3,SES-2037,2023-10-16,Computer Science,1,Present
49846,22,Male,Engineering,1,54.83,8.7,SES-2023,2024-04-21,Business,6,Present
49838,23,Female,Education,5,81.32,9.7,SES-2048,2023-09-03,Computer Science,1,Present
49838,23,Female,Education,5,81.32,9.7,SES-2028,2024-06-25,Computer Science,8,Present
49838,23,Female,Education,5,81.32,9.7,SES-2002,2023-11-02,Computer Science,2,Present
49837,22,Female,Education,5,81.32,9.7,SES-2019,2024-06-21,Engineering,7,Present
49837,22,Female,Social Sciences,7,69.19,8.8,SES-2032,2023-11-25,Social Sciences,2,Present
49837,22,Female,Social Sciences,7,69.19,8.8,SES-2028,2024-06-25,Computer Science,8,Present
49831,19,Female,Computer Science,4,56.59,4.6,SES-2034,2024-06-24,Social Sciences,8,Absent
49828,17,Male,Engineering,8,44.37,11.5,SES-2013,2023-10-22,Education,2,Present
49828,17,Male,Engineering,8,44.37,11.5,SES-2028,2024-06-25,Computer Science,8,Absent
49827,21,Male,Computer Science,4,64.14,14.9,SES-2020,2024-03-27,Computer Science,4,Present
49825,21,Male,Computer Science,4,64.14,14.9,SES-2026,2024-04-19,Business,5,Absent
49825,21,Male,Computer Science,4,64.14,14.9,SES-2027,2024-04-05,Engineering,6,Present
49824,18,Male,Computer Science,4,64.14,14.9,SES-2005,2024-05-15,Engineering,7,Present
49824,18,Male,Computer Science,4,64.14,14.9,SES-2016,2024-04-12,Social Sciences,6,Present
49822,23,Female,Social Sciences,5,67.97,10.6,SES-2025,2023-11-24,Engineering,3,Present
49822,23,Female,Social Sciences,5,67.97,10.6,SES-2024,2024-06-05,Social Sciences,7,Present
49822,23,Female,Social Sciences,5,67.97,10.6,SES-2042,2023-12-17,Engineering,3,Present
49821,24,Female,Social Sciences,5,67.97,10.6,SES-2019,2024-06-21,Engineering,7,Absent
49819,22,Male,Engineering,7,78.6,8.7,SES-2002,2023-11-02,Computer Science,2,Present
49818,19,Male,Engineering,7,78.6,8.7,SES-2025,2023-11-24,Engineering,3,Present
49818,19,Male,Engineering,7,78.6,8.7,SES-2049,2024-04-17,Education,6,Present
49818,19,Male,Engineering,7,78.6,8.7,SES-2042,2023-12-17,Engineering,3,Absent
49818,19,Male,Engineering,7,78.6,8.7,SES-2032,2023-11-25,Social Sciences,2,Present
49815,20,Female,Education,2,73.92,9.2,SES-2035,2023-11-28,Social Sciences,3,Present
49814,18,Female,Engineering,1,75.5,11.4,SES-2028,2024-06-25,Computer Science,8,Absent
49813,21,Male,Business,2,77.93,12.1,SES-2032,2023-11-25,Social Sciences,2,Present
49812,21,Male,Education,8,80.16,10.7,SES-2002,2023-11-02,Computer Science,2,Present
49812,21,Male,Education,8,80.16,10.7,SES-2014,2024-03-28,Education,5,Present
49812,21,Male,Education,8,80.16,10.7,SES-2005,2024-05-15,Engineering,7,Present
49812,21,Male,Education,8,80.16,10.7,SES-2038,2023-11-27,Social Sciences,2,Present
49810,23,Male,Engineering,4,60.93,8.1,SES-2029,2023-10-21,Education,2,Present
49810,23,Male,Engineering,4,60.93,8.1,SES-2028,2024-06-25,Computer Science,8,Present
49809,21,Male,Engineering,4,60.93,8.1,SES-2007,2024-06-09,Education,7,Present
49804,20,Female,Engineering,4,54.39,7.4,SES-2041,2023-10-05,Business,2,Present
49803,19,Female,Engineering,4,54.39,7.4,SES-2000,2023-10-24,Social Sciences,2,Absent
49803,19,Male,Engineering,8,58.04,5.1,SES-2026,2024-04-19,Business,5,Present
49803,19,Female,Computer Science,5,60.84,7.3,SES-2009,2024-05-12,Social Sciences,7,Present
49802,17,Female,Computer Science,5,60.84,7.3,SES-2046,2024-02-11,Computer Science,4,Present
49802,17,Female,Computer Science,5,60.84,7.3,SES-2025,2023-11-24,Engineering,3,Present
49799,22,Female,Social Sciences,1,63.09,9.5,SES-2019,2024-06-21,Engineering,7,Present
49797,24,Male,Business,7,74.91,2.7,SES-2029,2023-10-21,Education,2,Absent
49797,24,Male,Business,7,74.91,2.7,SES-2012,2024-04-19,Education,5,Absent
49797,24,Male,Business,7,74.91,2.7,SES-2049,2024-04-17,Education,6,Present
49796,20,Male,Business,7,74.91,2.7,SES-2047,2024-02-01,Computer Science,4,Present
49795,26,Male,Business,7,74.91,2.7,SES-2024,2024-06-05,Social Sciences,7,Absent
49795,26,Female,Business,2,52.13,7.8,SES-2028,2024-06-25,Computer Science,8,Absent
49795,26,Female,Business,2,52.13,7.8,SES-2019,2024-06-21,Engineering,7,Present
49795,26,Female,Business,2,52.13,7.8,SES-2035,2023-11-28,Social Sciences,3,Present
49795,26,Female,Business,2,52.13,7.8,SES-2025,2023-11-24,Engineering,3,Present
49794,21,Female,Business,5,55.05,8.1,SES-2011,2023-11-03,Engineering,2,Absent
49794,21,Male,Education,3,68.67,6.8,SES-2029,2023-10-21,Education,2,Present
49793,17,Male,Education,3,68.67,6.8,SES-2005,2024-05-15,Engineering,7,Present
49793,17,Male,Education,3,68.67,6.8,SES-2002,2023-11-02,Computer Science,2,Present
49792,23,Male,Education,3,68.67,6.8,SES-2038,2023-11-27,Social Sciences,2,Present
49792,23,Female,Computer Science,5,61.42,12.4,SES-2012,2024-04-19,Education,5,Present
49792,23,Female,Computer Science,5,61.42,12.4,SES-2002,2023-11-02,Computer Science,2,Present
49791,22,Female,Computer Science,5,61.42,12.4,SES-2026,2024-04-19,Business,5,Present
49791,22,Female,Computer Science,5,61.42,12.4,SES-2032,2023-11-25,Social Sciences,2,Absent
49789,20,Female,Engineering,5,65.89,12.9,SES-2043,2024-05-18,Education,7,Present
49789,20,Female,Engineering,5,65.89,12.9,SES-2005,2024-05-15,Engineering,7,Present
49789,20,Female,Engineering,5,65.89,12.9,SES-2002,2023-11-02,Computer Science,2,Present
49789,20,Male,Education,4,60.61,4.3,SES-2019,2024-06-21,Engineering,7,Absent
49789,20,Male,Education,4,60.61,4.3,SES-2013,2023-10-22,Education,2,Present
49789,20,Male,Education,4,60.61,4.3,SES-2031,2024-07-18,Computer Science,8,Absent
49788,21,Male,Computer Science,3,67.17,10.3,SES-2028,2024-06-25,Computer Science,8,Present
49788,21,Male,Computer Science,3,67.17,10.3,SES-2042,2023-12-17,Engineering,3,Present
49788,21,Male,Computer Science,3,67.17,10.3,SES-2029,2023-10-21,Education,2,Present
49787,22,Male,Computer Science,3,67.17,10.3,SES-2039,2024-02-08,Engineering,4,Present
49783,18,Female,Social Sciences,7,62.43,9.8,SES-2010,2024-03-24,Business,5,Present
49782,20,Female,Social Sciences,7,62.43,9.8,SES-2027,2024-04-05,Engineering,6,Present
49779,21,Female,Business,5,45.4,11.7,SES-2006,2024-03-25,Education,5,Absent
49778,17,Female,Business,5,45.4,11.7,SES-2037,2023-10-16,Computer Science,1,Absent
49758,22,Female,Business,1,74.43,11.9,SES-2030,2024-05-13,Business,7,Present
49756,19,Female,Business,1,74.43,11.9,SES-2036,2024-02-12,Education,4,Present
49756,19,Female,Business,1,74.43,11.9,SES-2007,2024-06-09,Education,7,Absent
49755,21,Female,Business,1,74.43,11.9,SES-2006,2024-03-25,Education,5,Absent
49755,21,Female,Business,1,74.43,11.9,SES-2008,2024-03-04,Computer Science,4,Absent
49751,21,Male,Computer Science,2,73.74,13.3,SES-2001,2024-02-05,Computer Science,4,Present
49751,21,Female,Social Sciences,6,41.43,7.7,SES-2044,2024-04-22,Social Sciences,5,Absent
49750,21,Female,Social Sciences,6,41.43,7.7,SES-2010,2024-03-24,Business,5,Present
49750,21,Female,Social Sciences,6,41.43,7.7,SES-2020,2024-03-27,Computer Science,4,Absent
49750,21,Female,Social Sciences,6,41.43,7.7,SES-2023,2024-04-21,Business,6,Present
49750,21,Female,Social Sciences,6,41.43,7.7,SES-2014,2024-03-28,Education,5,Absent
49749,22,Female,Engineering,8,62.1,8.3,SES-2016,2024-04-12,Social Sciences,6,Present
49749,22,Female,Engineering,8,62.1,8.3,SES-2020,2024-03-27,Computer Science,4,Present
49749,22,Male,Business,5,61.1,7.7,SES-2019,2024-06-21,Engineering,7,Present
49749,22,Male,Business,5,61.1,7.7,SES-2049,2024-04-17,Education,6,Present
49747,22,Female,Business,5,64.64,11.0,SES-2031,2024-07-18,Computer Science,8,Absent
49746,18,Female,Business,5,64.64,11.0,SES-2045,2024-07-04,Education,8,Absent
49746,18,Female,Business,5,64.64,11.0,SES-2037,2023-10-16,Computer Science,1,Present
49744,20,Female,Business,2,63.81,8.7,SES-2013,2023-10-22,Education,2,Present
49744,20,Female,Business,2,63.81,8.7,SES-2004,2023-09-23,Engineering,1,Present
49744,20,Female,Business,2,63.81,8.7,SES-2043,2024-05-18,Education,7,Absent
49744,20,Female,Business,2,63.81,8.7,SES-2007,2024-06-09,Education,7,Absent
49743,22,Male,Business,4,43.3,5.6,SES-2045,2024-07-04,Education,8,Absent
49742,24,Female,Computer Science,5,58.05,10.5,SES-2049,2024-04-17,Education,6,Present
49740,19,Male,Engineering,2,37.83,6.7,SES-2038,2023-11-27,Social Sciences,2,Absent
49740,19,Male,Engineering,2,37.83,6.7,SES-2019,2024-06-21,Engineering,7,Present
49740,19,Male,Engineering,2,37.83,6.7,SES-2027,2024-04-05,Engineering,6,Absent
49734,18,Male,Business,6,38.36,3.7,SES-2033,2023-11-14,Education,2,Absent
49734,18,Male,Business,6,38.36,3.7,SES-2020,2024-03-27,Computer Science,4,Absent
49733,19,Male,Business,6,38.36,3.7,SES-2037,2023-10-16,Computer Science,1,Present
49732,20,Male,Business,6,38.36,3.7,SES-2046,2024-02-11,Computer Science,4,Absent
49729,23,Female,Social Sciences,4,57.6,5.3,SES-2010,2024-03-24,Business,5,Present
49729,23,Female,Computer Science,2,93.41,11.6,SES-2029,2023-10-21,Education,2,Present
49729,23,Female,Computer Science,2,93.41,11.6,SES-2034,2024-06-24,Social Sciences,8,Present
49722,19,Male,Engineering,2,64.85,10.2,SES-2021,2024-02-26,Social Sciences,4,Present
49722,19,Male,Engineering,2,64.85,10.2,SES-2029,2023-10-21,Education,2,Absent
49721,20,Male,Engineering,2,64.85,10.2,SES-2004,2023-09-23,Engineering,1,Present
49720,23,Male,Engineering,2,64.85,10.2,SES-2042,2023-12-17,Engineering,3,Present
49720,23,Female,Social Sciences,1,55.1,8.9,SES-2045,2024-07-04,Education,8,Present
49720,23,Female,Social Sciences,1,55.1,8.9,SES-2030,2024-05-13,Business,7,Present
49720,23,Female,Social Sciences,1,55.1,8.9,SES-2020,2024-03-27,Computer Science,4,Present
49718,19,Male,Engineering,6,53.72,14.4,SES-2044,2024-04-22,Social Sciences,5,Absent
49718,19,Male,Engineering,3,83.72,10.7,SES-2039,2024-02-08,Engineering,4,Present
49718,19,Male,Engineering,3,83.72,10.7,SES-2003,2023-10-08,Engineering,2,Present
49718,19,Male,Engineering,3,83.72,10.7,SES-2044,2024-04-22,Social Sciences,5,Present
49717,17,Female,Computer Science,3,66.36,7.4,SES-2045,2024-07-04,Education,8,Absent
49717,17,Female,Computer Science,3,66.36,7.4,SES-2002,2023-11-02,Computer Science,2,Present
49717,17,Female,Computer Science,3,66.36,7.4,SES-2027,2024-04-05,Engineering,6,Present
49717,17,Female,Computer Science,3,66.36,7.4,SES-2004,2023-09-23,Engineering,1,Present
49716,23,Female,Computer Science,3,66.36,7.4,SES-2040,2023-10-24,Business,2,Present
49714,22,Male,Business,2,65.44,7.6,SES-2029,2023-10-21,Education,2,Present
49712,20,Male,Education,5,56.12,4.6,SES-2043,2024-05-18,Education,7,Absent
49711,17,Male,Education,5,56.12,4.6,SES-2039,2024-02-08,Engineering,4,Absent
49711,17,Male,Education,5,56.12,4.6,SES-2033,2023-11-14,Education,2,Absent
49710,26,Male,Social Sciences,4,38.11,7.3,SES-2015,2023-11-09,Business,2,Absent
49710,26,Male,Social Sciences,4,38.11,7.3,SES-2016,2024-04-12,Social Sciences,6,Absent
49710,26,Male,Social Sciences,4,38.11,7.3,SES-2001,2024-02-05,Computer Science,4,Absent
49710,26,Male,Social Sciences,4,38.11,7.3,SES-2008,2024-03-04,Computer Science,4,Absent
49710,26,Male,Social Sciences,4,38.11,7.3,SES-2025,2023-11-24,Engineering,3,Absent
49709,20,Male,Engineering,1,65.14,8.6,SES-2045,2024-07-04,Education,8,Present
49709,20,Male,Engineering,1,65.14,8.6,SES-2027,2024-04-05,Engineering,6,Present
49708,23,Male,Engineering,4,56.25,7.2,SES-2001,2024-02-05,Computer Science,4,Present
49708,23,Male,Engineering,4,56.25,7.2,SES-2027,2024-04-05,Engineering,6,Present
49707,22,Male,Engineering,4,56.25,7.2,SES-2017,2024-03-23,Computer Science,4,Present
49707,22,Male,Engineering,4,56.25,7.2,SES-2048,2023-09-03,Computer Science,1,Present
49700,21,Female,Computer Science,4,62.46,9.4,SES-2030,2024-05-13,Business,7,Present
49699,19,Female,Computer Science,4,62.46,9.4,SES-2042,2023-12-17,Engineering,3,Present
49699,19,Female,Computer Science,4,62.46,9.4,SES-2048,2023-09-03,Computer Science,1,Present
49699,19,Female,Computer Science,4,62.46,9.4,SES-2005,2024-05-15,Engineering,7,Present
49699,19,Female,Computer Science,4,62.46,9.4,SES-2032,2023-11-25,Social Sciences,2,Present
49698,21,Male,Computer Science,5,97.81,10.2,SES-2030,2024-05-13,Business,7,Present
49696,22,Female,Business,1,70.5,3.5,SES-2028,2024-06-25,Computer Science,8,Present
49692,19,Female,Education,6,64.22,10.4,SES-2025,2023-11-24,Engineering,3,Present
49691,23,Female,Education,6,64.22,10.4,SES-2023,2024-04-21,Business,6,Present
49691,23,Female,Education,6,64.22,10.4,SES-2040,2023-10-24,Business,2,Present
49691,23,Female,Education,6,64.22,10.4,SES-2028,2024-06-25,Computer Science,8,Absent
49691,23,Female,Engineering,3,71.66,11.2,SES-2021,2024-02-26,Social Sciences,4,Present
49691,23,Male,Business,7,56.33,14.1,SES-2008,2024-03-04,Computer Science,4,Absent
49691,23,Male,Business,7,56.33,14.1,SES-2023,2024-04-21,Business,6,Present
49691,23,Male,Computer Science,5,63.33,5.6,SES-2047,2024-02-01,Computer Science,4,Present
49691,23,Female,Social Sciences,1,58.26,10.4,SES-2040,2023-10-24,Business,2,Present
49689,22,Female,Social Sciences,1,58.26,10.4,SES-2036,2024-02-12,Education,4,Present
49689,22,Female,Social Sciences,1,58.26,10.4,SES-2005,2024-05-15,Engineering,7,Absent
49689,22,Female,Social Sciences,1,58.26,10.4,SES-2028,2024-06-25,Computer Science,8,Present
49689,22,Female,Social Sciences,1,58.26,10.4,SES-2043,2024-05-18,Education,7,Present
49687,23,Male,Business,1,55.26,12.6,SES-2042,2023-12-17,Engineering,3,Present
49686,19,Female,Engineering,3,55.47,9.4,SES-2011,2023-11-03,Engineering,2,Present
49686,19,Female,Computer Science,2,79.96,11.2,SES-2019,2024-06-21,Engineering,7,Present
49684,23,Female,Business,2,54.33,10.0,SES-2015,2023-11-09,Business,2,Present
49684,23,Female,Business,2,54.33,10.0,SES-2002,2023-11-02,Computer Science,2,Present
49684,23,Male,Engineering,4,87.51,7.5,SES-2024,2024-06-05,Social Sciences,7,Present
49684,23,Male,Engineering,4,87.51,7.5,SES-2009,2024-05-12,Social Sciences,7,Absent
49682,23,Male,Engineering,4,87.51,7.5,SES-2047,2024-02-01,Computer Science,4,Present
49682,23,Male,Engineering,4,87.51,7.5,SES-2032,2023-11-25,Social Sciences,2,Present
49679,22,Male,Computer Science,5,68.8,8.9,SES-2010,2024-03-24,Business,5,Present
49679,22,Male,Computer Science,5,68.8,8.9,SES-2040,2023-10-24,Business,2,Present
49679,22,Male,Computer Science,5,68.8,8.9,SES-2026,2024-04-19,Business,5,Present
49679,22,Male,Computer Science,5,68.8,8.9,SES-2017,2024-03-23,Computer Science,4,Present
49674,19,Female,Business,5,68.8,12.2,SES-2028,2024-06-25,Computer Science,8,Present
49672,18,Female,Business,5,68.8,12.2,SES-2034,2024-06-24,Social Sciences,8,Present
49672,18,Female,Business,5,68.8,12.2,SES-2023,2024-04-21,Business,6,Present
49671,19,Female,Business,5,68.8,12.2,SES-2013,2023-10-22,Education,2,Present
49671,19,Female,Business,5,68.8,12.2,SES-2009,2024-05-12,Social Sciences,7,Absent
49671,19,Female,Social Sciences,3,71.59,5.3,SES-2000,2023-10-24,Social Sciences,2,Present
49671,19,Female,Social Sciences,3,71.59,5.3,SES-2006,2024-03-25,Education,5,Present
49671,19,Female,Social Sciences,3,71.59,5.3,SES-2049,2024-04-17,Education,6,Present
49667,24,Male,Engineering,6,65.82,13.3,SES-2009,2024-05-12,Social Sciences,7,Present
49656,24,Male,Social Sciences,2,64.21,5.7,SES-2013,2023-10-22,Education,2,Present
49656,24,Male,Social Sciences,2,64.21,5.7,SES-2041,2023-10-05,Business,2,Present
49656,24,Male,Social Sciences,2,64.21,5.7,SES-2047,2024-02-01,Computer Science,4,Present
49650,20,Male,Engineering,2,78.18,10.9,SES-2031,2024-07-18,Computer Science,8,Present
49650,20,Male,Engineering,2,78.18,10.9,SES-2016,2024-04-12,Social Sciences,6,Present
49649,21,Male,Computer Science,3,54.62,6.3,SES-2008,2024-03-04,Computer Science,4,Absent
49647,21,Male,Computer Science,3,64.09,9.3,SES-2019,2024-06-21,Engineering,7,Present
49646,20,Female,Computer Science,5,71.55,12.0,SES-2042,2023-12-17,Engineering,3,Present
49646,20,Female,Computer Science,5,71.55,12.0,SES-2047,2024-02-01,Computer Science,4,Absent
49645,17,Male,Social Sciences,2,60.96,7.4,SES-2035,2023-11-28,Social Sciences,3,Present
49645,17,Female,Education,4,60.85,10.6,SES-2045,2024-07-04,Education,8,Present
49645,17,Female,Education,4,60.85,10.6,SES-2049,2024-04-17,Education,6,Present
49641,22,Female,Engineering,5,71.96,9.7,SES-2025,2023-11-24,Engineering,3,Present
49640,19,Female,Engineering,5,71.96,9.7,SES-2039,2024-02-08,Engineering,4,Present
49640,19,Female,Engineering,5,71.96,9.7,SES-2029,2023-10-21,Education,2,Present
49636,20,Female,Computer Science,4,76.07,4.4,SES-2013,2023-10-22,Education,2,Present
49636,20,Female,Computer Science,4,76.07,4.4,SES-2019,2024-06-21,Engineering,7,Absent
49636,20,Female,Computer Science,4,76.07,4.4,SES-2011,2023-11-03,Engineering,2,Absent
49636,20,Female,Engineering,6,66.65,7.1,SES-2042,2023-12-17,Engineering,3,Present
49636,20,Male,Social Sciences,5,75.11,9.4,SES-2009,2024-05-12,Social Sciences,7,Present
49631,23,Male,Computer Science,1,76.52,7.4,SES-2044,2024-04-22,Social Sciences,5,Present
49631,23,Male,Computer Science,1,76.52,7.4,SES-2001,2024-02-05,Computer Science,4,Present
49630,20,Male,Education,4,57.86,3.6,SES-2032,2023-11-25,Social Sciences,2,Absent
49630,20,Male,Education,4,57.86,3.6,SES-2014,2024-03-28,Education,5,Absent
49629,22,Male,Social Sciences,4,61.37,9.0,SES-2029,2023-10-21,Education,2,Present
49627,23,Male,Engineering,4,86.58,11.1,SES-2024,2024-06-05,Social Sciences,7,Absent
49627,23,Male,Business,7,62.5,6.5,SES-2024,2024-06-05,Social Sciences,7,Present
49626,24,Male,Business,7,62.5,6.5,SES-2007,2024-06-09,Education,7,Present
49626,24,Male,Business,7,62.5,6.5,SES-2014,2024-03-28,Education,5,Present
49626,24,Male,Business,7,62.5,6.5,SES-2031,2024-07-18,Computer Science,8,Present
49626,24,Male,Business,7,62.5,6.5,SES-2013,2023-10-22,Education,2,Present
49621,24,Male,Engineering,7,73.87,8.5,SES-2038,2023-11-27,Social Sciences,2,Present
49621,24,Male,Engineering,7,73.87,8.5,SES-2023,2024-04-21,Business,6,Present
49619,17,Female,Social Sciences,7,56.51,2.2,SES-2049,2024-04-17,Education,6,Absent
49619,17,Female,Social Sciences,7,56.51,2.2,SES-2020,2024-03-27,Computer Science,4,Absent
49619,17,Female,Social Sciences,1,63.23,9.5,SES-2014,2024-03-28,Education,5,Present
49618,21,Female,Social Sciences,1,63.23,9.5,SES-2016,2024-04-12,Social Sciences,6,Present
49618,21,Male,Education,2,50.83,6.6,SES-2048,2023-09-03,Computer Science,1,Present
49617,18,Male,Education,2,50.83,6.6,SES-2044,2024-04-22,Social Sciences,5,Present
49616,22,Female,Engineering,4,64.47,7.1,SES-2005,2024-05-15,Engineering,7,Present
49615,21,Female,Education,1,70.43,9.9,SES-2010,2024-03-24,Business,5,Present
49614,20,Female,Education,1,70.43,9.9,SES-2013,2023-10-22,Education,2,Absent
49614,20,Female,Education,1,70.43,9.9,SES-2043,2024-05-18,Education,7,Present
49614,20,Female,Education,1,70.43,9.9,SES-2038,2023-11-27,Social Sciences,2,Absent
49613,22,Female,Education,1,70.43,9.9,SES-2044,2024-04-22,Social Sciences,5,Present
49613,22,Female,Computer Science,3,77.82,7.6,SES-2017,2024-03-23,Computer Science,4,Present
49608,22,Male,Engineering,3,61.09,9.0,SES-2018,2023-11-06,Business,3,Present
49607,19,Male,Engineering,3,61.09,9.0,SES-2037,2023-10-16,Computer Science,1,Present
49607,19,Male,Engineering,3,61.09,9.0,SES-2010,2024-03-24,Business,5,Present
49604,22,Male,Social Sciences,5,54.26,6.5,SES-2034,2024-06-24,Social Sciences,8,Absent
49604,22,Male,Social Sciences,5,54.26,6.5,SES-2000,2023-10-24,Social Sciences,2,Present
49604,22,Male,Social Sciences,5,54.26,6.5,SES-2007,2024-06-09,Education,7,Present
49602,21,Male,Computer Science,7,90.49,11.0,SES-2021,2024-02-26,Social Sciences,4,Present
49602,21,Male,Computer Science,7,90.49,11.0,SES-2031,2024-07-18,Computer Science,8,Present
49602,21,Male,Computer Science,7,90.49,11.0,SES-2026,2024-04-19,Business,5,Present
49602,21,Male,Social Sciences,6,87.31,5.9,SES-2012,2024-04-19,Education,5,Present
49601,22,Male,Social Sciences,6,87.31,5.9,SES-2029,2023-10-21,Education,2,Present
49600,20,Male,Social Sciences,6,87.31,5.9,SES-2037,2023-10-16,Computer Science,1,Present
49600,20,Female,Education,1,69.12,5.7,SES-2024,2024-06-05,Social Sciences,7,Present
49600,20,Male,Education,4,74.54,0.9,SES-2038,2023-11-27,Social Sciences,2,Present
49600,20,Male,Education,4,74.54,0.9,SES-2049,2024-04-17,Education,6,Present
49600,20,Male,Education,4,74.54,0.9,SES-2039,2024-02-08,Engineering,4,Absent
49599,25,Male,Engineering,3,77.53,8.7,SES-2029,2023-10-21,Education,2,Present
49599,25,Male,Engineering,3,77.53,8.7,SES-2023,2024-04-21,Business,6,Absent
49599,25,Male,Engineering,3,77.53,8.7,SES-2024,2024-06-05,Social Sciences,7,Absent
49597,21,Male,Engineering,3,71.74,15.4,SES-2042,2023-12-17,Engineering,3,Present
49595,20,Male,Engineering,3,71.74,15.4,SES-2015,2023-11-09,Business,2,Present
49595,20,Male,Engineering,3,71.74,15.4,SES-2038,2023-11-27,Social Sciences,2,Present
49595,20,Male,Computer Science,4,63.41,8.2,SES-2020,2024-03-27,Computer Science,4,Present
49594,17,Male,Computer Science,4,63.41,8.2,SES-2004,2023-09-23,Engineering,1,Absent
49592,19,Female,Business,8,42.8,5.8,SES-2006,2024-03-25,Education,5,Absent
49591,20,Female,Business,8,42.8,5.8,SES-2033,2023-11-14,Education,2,Absent
49591,20,Female,Business,4,69.75,8.8,SES-2006,2024-03-25,Education,5,Present
49591,20,Female,Business,4,69.75,8.8,SES-2031,2024-07-18,Computer Science,8,Present
49591,20,Female,Business,4,69.75,8.8,SES-2011,2023-11-03,Engineering,2,Present
49588,23,Female,Business,4,69.75,8.8,SES-2033,2023-11-14,Education,2,Present
49587,17,Female,Business,7,68.6,8.9,SES-2023,2024-04-21,Business,6,Present
49587,17,Female,Business,7,68.6,8.9,SES-2022,2024-06-03,Education,7,Present
49586,21,Female,Business,3,61.47,7.1,SES-2047,2024-02-01,Computer Science,4,Present
49585,25,Female,Business,3,61.47,7.1,SES-2026,2024-04-19,Business,5,Present
49585,25,Female,Business,3,61.47,7.1,SES-2033,2023-11-14,Education,2,Absent
49585,25,Female,Business,3,61.47,7.1,SES-2025,2023-11-24,Engineering,3,Present
49583,23,Female,Computer Science,7,59.26,8.7,SES-2040,2023-10-24,Business,2,Present
49582,21,Female,Computer Science,7,59.26,8.7,SES-2039,2024-02-08,Engineering,4,Present
49577,22,Male,Engineering,1,73.68,6.6,SES-2020,2024-03-27,Computer Science,4,Present
49576,22,Male,Engineering,1,73.68,6.6,SES-2034,2024-06-24,Social Sciences,8,Present
49574,25,Female,Social Sciences,2,66.01,7.6,SES-2021,2024-02-26,Social Sciences,4,Present
49574,25,Female,Social Sciences,2,66.01,7.6,SES-2044,2024-04-22,Social Sciences,5,Present
49574,25,Female,Social Sciences,2,66.01,7.6,SES-2036,2024-02-12,Education,4,Present
49572,21,Female,Engineering,2,66.6,5.1,SES-2030,2024-05-13,Business,7,Present
49571,20,Male,Education,3,79.02,6.4,SES-2014,2024-03-28,Education,5,Present
49570,20,Male,Education,3,79.02,6.4,SES-2049,2024-04-17,Education,6,Present
49570,20,Female,Computer Science,2,69.58,12.6,SES-2036,2024-02-12,Education,4,Present
49570,20,Female,Computer Science,2,69.58,12.6,SES-2024,2024-06-05,Social Sciences,7,Absent
49570,20,Male,Computer Science,2,60.29,8.0,SES-2047,2024-02-01,Computer Science,4,Present
49569,22,Female,Social Sciences,7,59.26,5.9,SES-2001,2024-02-05,Computer Science,4,Present
49569,22,Female,Social Sciences,7,59.26,5.9,SES-2038,2023-11-27,Social Sciences,2,Present
49569,22,Female,Social Sciences,7,59.26,5.9,SES-2006,2024-03-25,Education,5,Absent
49569,22,Female,Social Sciences,7,59.26,5.9,SES-2009,2024-05-12,Social Sciences,7,Present
49568,17,Female,Business,4,53.83,6.4,SES-2004,2023-09-23,Engineering,1,Present
49568,17,Male,Education,1,79.34,12.0,SES-2033,2023-11-14,Education,2,Present
49568,17,Male,Education,1,79.34,12.0,SES-2014,2024-03-28,Education,5,Present
49567,19,Male,Education,1,79.34,12.0,SES-2034,2024-06-24,Social Sciences,8,Present
49563,19,Female,Education,4,76.54,11.3,SES-2028,2024-06-25,Computer Science,8,Present
49563,19,Female,Education,4,76.54,11.3,SES-2012,2024-04-19,Education,5,Present
49561,19,Female,Education,4,76.54,11.3,SES-2027,2024-04-05,Engineering,6,Present
49561,19,Female,Education,4,76.54,11.3,SES-2047,2024-02-01,Computer Science,4,Present
49555,20,Female,Education,4,79.85,14.2,SES-2017,2024-03-23,Computer Science,4,Present
49555,20,Female,Education,4,79.85,14.2,SES-2032,2023-11-25,Social Sciences,2,Present
49555,20,Female,Education,4,79.85,14.2,SES-2030,2024-05-13,Business,7,Present
49555,20,Female,Education,4,79.85,14.2,SES-2036,2024-02-12,Education,4,Present
49555,20,Male,Computer Science,7,55.24,11.3,SES-2000,2023-10-24,Social Sciences,2,Present
49553,24,Male,Computer Science,7,55.24,11.3,SES-2030,2024-05-13,Business,7,Present
49553,24,Male,Computer Science,7,55.24,11.3,SES-2024,2024-06-05,Social Sciences,7,Present
49553,24,Male,Computer Science,7,55.24,11.3,SES-2003,2023-10-08,Engineering,2,Present
49553,24,Male,Computer Science,7,55.24,11.3,SES-2002,2023-11-02,Computer Science,2,Present
49545,24,Female,Business,2,77.67,9.4,SES-2032,2023-11-25,Social Sciences,2,Present
49545,24,Female,Business,2,77.67,9.4,SES-2036,2024-02-12,Education,4,Present
49545,24,Female,Business,2,77.67,9.4,SES-2014,2024-03-28,Education,5,Present
49545,24,Female,Business,2,77.67,9.4,SES-2025,2023-11-24,Engineering,3,Present
49545,24,Female,Business,2,77.67,9.4,SES-2034,2024-06-24,Social Sciences,8,Absent
49539,19,Female,Education,7,44.52,5.6,SES-2047,2024-02-01,Computer Science,4,Present
49539,19,Female,Education,7,44.52,5.6,SES-2033,2023-11-14,Education,2,Absent
49539,19,Female,Education,7,44.52,5.6,SES-2048,2023-09-03,Computer Science,1,Absent
49538,17,Male,Engineering,1,71.51,6.9,SES-2009,2024-05-12,Social Sciences,7,Present
49538,17,Male,Engineering,1,71.51,6.9,SES-2036,2024-02-12,Education,4,Present
49538,17,Female,Business,3,86.64,12.1,SES-2029,2023-10-21,Education,2,Present
49537,20,Female,Business,3,86.64,12.1,SES-2049,2024-04-17,Education,6,Present
49537,20,Female,Business,3,86.64,12.1,SES-2016,2024-04-12,Social Sciences,6,Present
49537,20,Female,Business,3,86.64,12.1,SES-2048,2023-09-03,Computer Science,1,Present
49535,24,Female,Education,6,62.35,4.9,SES-2045,2024-07-04,Education,8,Absent
49535,24,Male,Computer Science,7,70.57,8.0,SES-2047,2024-02-01,Computer Science,4,Present
49534,19,Male,Computer Science,7,70.57,8.0,SES-2048,2023-09-03,Computer Science,1,Absent
49534,19,Male,Computer Science,7,70.57,8.0,SES-2041,2023-10-05,Business,2,Present
49531,20,Male,Education,5,45.4,6.7,SES-2027,2024-04-05,Engineering,6,Present
49531,20,Male,Education,5,45.4,6.7,SES-2005,2024-05-15,Engineering,7,Absent
49531,20,Male,Engineering,2,52.24,6.9,SES-2017,2024-03-23,Computer Science,4,Absent
49530,19,Male,Engineering,6,56.7,6.7,SES-2015,2023-11-09,Business,2,Present
49529,17,Male,Engineering,6,56.7,6.7,SES-2018,2023-11-06,Business,3,Absent
49525,24,Male,Engineering,8,52.54,7.0,SES-2043,2024-05-18,Education,7,Present
49520,18,Male,Education,7,63.66,10.3,SES-2000,2023-10-24,Social Sciences,2,Present
49519,22,Male,Education,7,63.66,10.3,SES-2006,2024-03-25,Education,5,Present
49519,22,Male,Education,7,63.66,10.3,SES-2032,2023-11-25,Social Sciences,2,Present
49518,17,Female,Business,6,72.78,9.8,SES-2040,2023-10-24,Business,2,Present
49517,18,Female,Business,6,72.78,9.8,SES-2028,2024-06-25,Computer Science,8,Present
49517,18,Female,Business,6,72.78,9.8,SES-2032,2023-11-25,Social Sciences,2,Present
49515,22,Female,Social Sciences,6,68.02,4.9,SES-2029,2023-10-21,Education,2,Absent
49514,21,Male,Business,2,66.51,8.0,SES-2040,2023-10-24,Business,2,Present
49513,20,Female,Education,3,63.71,3.9,SES-2034,2024-06-24,Social Sciences,8,Present
49511,24,Male,Engineering,7,60.04,10.7,SES-2017,2024-03-23,Computer Science,4,Present
49511,24,Male,Engineering,7,60.04,10.7,SES-2044,2024-04-22,Social Sciences,5,Present
49511,24,Male,Engineering,7,60.04,10.7,SES-2032,2023-11-25,Social Sciences,2,Present
49510,20,Female,Engineering,1,80.49,11.5,SES-2011,2023-11-03,Engineering,2,Absent
49508,17,Female,Engineering,1,80.49,11.5,SES-2010,2024-03-24,Business,5,Present
49507,19,Female,Engineering,1,80.49,11.5,SES-2016,2024-04-12,Social Sciences,6,Present
49507,19,Male,Computer Science,2,61.82,11.3,SES-2042,2023-12-17,Engineering,3,Present
49505,19,Female,Education,7,63.78,7.5,SES-2049,2024-04-17,Education,6,Absent
49502,20,Female,Computer Science,2,78.03,10.3,SES-2006,2024-03-25,Education,5,Present
49500,24,Male,Business,7,95.42,5.5,SES-2010,2024-03-24,Business,5,Present
49500,24,Male,Business,7,95.42,5.5,SES-2011,2023-11-03,Engineering,2,Absent
49500,24,Female,Engineering,1,67.85,7.0,SES-2027,2024-04-05,Engineering,6,Present
49500,24,Female,Engineering,1,67.85,7.0,SES-2035,2023-11-28,Social Sciences,3,Present
49499,21,Female,Engineering,1,67.85,7.0,SES-2046,2024-02-11,Computer Science,4,Absent
49499,21,Female,Engineering,1,67.85,7.0,SES-2031,2024-07-18,Computer Science,8,Present
49499,21,Female,Education,7,61.64,2.9,SES-2029,2023-10-21,Education,2,Absent
49499,21,Female,Education,7,61.64,2.9,SES-2028,2024-06-25,Computer Science,8,Absent
49499,21,Female,Education,7,61.64,2.9,SES-2006,2024-03-25,Education,5,Absent
49493,21,Male,Computer Science,5,72.73,8.5,SES-2015,2023-11-09,Business,2,Present
49493,21,Male,Computer Science,5,72.73,8.5,SES-2018,2023-11-06,Business,3,Present
49493,21,Male,Computer Science,5,72.73,8.5,SES-2006,2024-03-25,Education,5,Present
49492,22,Male,Engineering,2,79.03,8.0,SES-2028,2024-06-25,Computer Science,8,Present
49490,20,Male,Engineering,2,79.03,8.0,SES-2029,2023-10-21,Education,2,Present
49489,21,Male,Engineering,2,79.03,8.0,SES-2017,2024-03-23,Computer Science,4,Present
49488,22,Male,Engineering,3,80.24,4.5,SES-2012,2024-04-19,Education,5,Absent
49488,22,Male,Business,8,69.64,14.4,SES-2024,2024-06-05,Social Sciences,7,Present
49487,23,Male,Business,8,69.64,14.4,SES-2031,2024-07-18,Computer Science,8,Absent
49487,23,Male,Business,8,69.64,14.4,SES-2049,2024-04-17,Education,6,Present
49487,23,Male,Business,8,69.64,14.4,SES-2022,2024-06-03,Education,7,Present
49486,23,Male,Business,8,69.64,14.4,SES-2019,2024-06-21,Engineering,7,Present
49486,23,Male,Social Sciences,7,61.2,7.8,SES-2003,2023-10-08,Engineering,2,Present
49486,23,Male,Social Sciences,7,61.2,7.8,SES-2042,2023-12-17,Engineering,3,Absent
49486,23,Female,Business,8,53.96,12.0,SES-2005,2024-05-15,Engineering,7,Present
49485,21,Female,Computer Science,3,53.03,8.6,SES-2008,2024-03-04,Computer Science,4,Present
49485,21,Female,Computer Science,3,53.03,8.6,SES-2004,2023-09-23,Engineering,1,Present
49485,21,Female,Computer Science,3,53.03,8.6,SES-2046,2024-02-11,Computer Science,4,Present
49485,21,Female,Computer Science,3,71.61,7.4,SES-2028,2024-06-25,Computer Science,8,Absent
49484,19,Female,Computer Science,3,71.61,7.4,SES-2047,2024-02-01,Computer Science,4,Present
49484,19,Female,Computer Science,3,71.61,7.4,SES-2027,2024-04-05,Engineering,6,Present
49480,22,Female,Engineering,8,60.79,13.1,SES-2011,2023-11-03,Engineering,2,Present
49480,22,Female,Engineering,8,60.79,13.1,SES-2041,2023-10-05,Business,2,Present
49480,22,Female,Computer Science,3,78.12,10.4,SES-2008,2024-03-04,Computer Science,4,Present
49479,24,Female,Business,5,67.99,11.7,SES-2042,2023-12-17,Engineering,3,Present
49478,22,Female,Business,5,67.99,11.7,SES-2029,2023-10-21,Education,2,Present
49477,21,Female,Business,2,60.48,13.9,SES-2003,2023-10-08,Engineering,2,Present
49477,21,Female,Business,2,60.48,13.9,SES-2025,2023-11-24,Engineering,3,Absent
49477,21,Female,Business,2,60.48,13.9,SES-2036,2024-02-12,Education,4,Absent
49468,21,Male,Engineering,1,70.84,3.2,SES-2042,2023-12-17,Engineering,3,Present
49468,21,Male,Engineering,1,70.84,3.2,SES-2015,2023-11-09,Business,2,Absent
49459,21,Female,Computer Science,1,70.18,5.8,SES-2044,2024-04-22,Social Sciences,5,Present
49457,19,Male,Business,1,62.62,10.3,SES-2022,2024-06-03,Education,7,Absent
49457,19,Male,Business,1,62.62,10.3,SES-2016,2024-04-12,Social Sciences,6,Absent
49457,19,Male,Business,1,62.62,10.3,SES-2026,2024-04-19,Business,5,Present
49457,19,Male,Business,1,62.62,10.3,SES-2001,2024-02-05,Computer Science,4,Absent
49457,19,Male,Business,4,63.85,7.9,SES-2006,2024-03-25,Education,5,Present
49456,23,Male,Business,4,63.85,7.9,SES-2046,2024-02-11,Computer Science,4,Present
49456,23,Male,Business,4,63.85,7.9,SES-2031,2024-07-18,Computer Science,8,Absent
49452,17,Male,Business,2,64.48,9.2,SES-2042,2023-12-17,Engineering,3,Absent
49452,17,Male,Business,2,64.48,9.2,SES-2043,2024-05-18,Education,7,Present
49452,17,Male,Business,2,64.48,9.2,SES-2032,2023-11-25,Social Sciences,2,Present
49452,17,Male,Business,2,64.48,9.2,SES-2015,2023-11-09,Business,2,Present
49451,17,Male,Business,1,55.83,8.6,SES-2003,2023-10-08,Engineering,2,Present
49451,17,Male,Business,1,55.83,8.6,SES-2049,2024-04-17,Education,6,Present
49450,21,Male,Business,1,55.83,8.6,SES-2001,2024-02-05,Computer Science,4,Present
49449,22,Male,Business,1,55.83,8.6,SES-2040,2023-10-24,Business,2,Present
49449,22,Female,Business,4,83.11,16.5,SES-2037,2023-10-16,Computer Science,1,Present
49449,22,Female,Business,4,83.11,16.5,SES-2029,2023-10-21,Education,2,Present
49449,22,Female,Business,4,83.11,16.5,SES-2048,2023-09-03,Computer Science,1,Present
49448,22,Female,Business,4,83.11,16.5,SES-2007,2024-06-09,Education,7,Present
49448,22,Female,Social Sciences,2,75.57,11.3,SES-2049,2024-04-17,Education,6,Present
49445,19,Male,Business,4,85.87,9.3,SES-2039,2024-02-08,Engineering,4,Present
49444,17,Male,Business,4,85.87,9.3,SES-2007,2024-06-09,Education,7,Present
49440,23,Female,Engineering,3,78.75,10.0,SES-2006,2024-03-25,Education,5,Present
49435,21,Male,Education,4,66.3,5.2,SES-2009,2024-05-12,Social Sciences,7,Present
49433,22,Male,Education,4,66.3,5.2,SES-2036,2024-02-12,Education,4,Present
49433,22,Male,Education,4,66.3,5.2,SES-2039,2024-02-08,Engineering,4,Present
49429,22,Female,Engineering,1,61.71,7.9,SES-2013,2023-10-22,Education,2,Present
49429,22,Female,Engineering,1,61.71,7.9,SES-2024,2024-06-05,Social Sciences,7,Present
49428,22,Female,Engineering,1,61.71,7.9,SES-2042,2023-12-17,Engineering,3,Present
49428,22,Female,Engineering,1,61.71,7.9,SES-2048,2023-09-03,Computer Science,1,Present
49428,22,Female,Engineering,1,61.71,7.9,SES-2031,2024-07-18,Computer Science,8,Present
49428,22,Male,Computer Science,5,76.76,10.7,SES-2029,2023-10-21,Education,2,Present
49428,22,Male,Computer Science,5,76.76,10.7,SES-2038,2023-11-27,Social Sciences,2,Present
49422,20,Female,Computer Science,3,55.66,9.0,SES-2016,2024-04-12,Social Sciences,6,Present
49422,20,Female,Computer Science,3,55.66,9.0,SES-2041,2023-10-05,Business,2,Present
49422,20,Female,Computer Science,3,55.66,9.0,SES-2023,2024-04-21,Business,6,Present
49419,21,Female,Engineering,2,70.72,7.1,SES-2046,2024-02-11,Computer Science,4,Present
49419,21,Female,Engineering,2,70.72,7.1,SES-2026,2024-04-19,Business,5,Present
49419,21,Female,Engineering,2,70.72,7.1,SES-2030,2024-05-13,Business,7,Present
49418,22,Female,Education,3,74.67,6.8,SES-2025,2023-11-24,Engineering,3,Present
49417,21,Male,Computer Science,3,66.23,11.4,SES-2020,2024-03-27,Computer Science,4,Present
49417,21,Male,Computer Science,3,66.23,11.4,SES-2045,2024-07-04,Education,8,Present
49416,21,Male,Computer Science,3,66.23,11.4,SES-2023,2024-04-21,Business,6,Present
49412,17,Male,Computer Science,4,58.53,12.8,SES-2003,2023-10-08,Engineering,2,Present
49412,17,Female,Computer Science,7,63.53,9.8,SES-2007,2024-06-09,Education,7,Present
49412,17,Female,Computer Science,7,63.53,9.8,SES-2041,2023-10-05,Business,2,Present
49411,28,Female,Computer Science,7,63.53,9.8,SES-2006,2024-03-25,Education,5,Present
49411,28,Female,Computer Science,7,63.53,9.8,SES-2036,2024-02-12,Education,4,Present
49406,25,Male,Education,8,43.81,4.3,SES-2024,2024-06-05,Social Sciences,7,Absent
49406,25,Male,Education,8,43.81,4.3,SES-2037,2023-10-16,Computer Science,1,Present
49405,22,Male,Education,8,43.81,4.3,SES-2026,2024-04-19,Business,5,Present
49405,22,Female,Computer Science,5,63.2,14.9,SES-2005,2024-05-15,Engineering,7,Present
49404,21,Female,Computer Science,5,63.2,14.9,SES-2013,2023-10-22,Education,2,Absent
49403,18,Male,Computer Science,1,85.47,7.4,SES-2046,2024-02-11,Computer Science,4,Present
49401,25,Male,Computer Science,1,85.47,7.4,SES-2015,2023-11-09,Business,2,Present
49401,25,Male,Computer Science,1,85.47,7.4,SES-2035,2023-11-28,Social Sciences,3,Absent
49400,22,Female,Computer Science,2,57.32,3.4,SES-2030,2024-05-13,Business,7,Absent
49400,22,Female,Computer Science,2,57.32,3.4,SES-2033,2023-11-14,Education,2,Present
49400,22,Female,Computer Science,2,57.32,3.4,SES-2011,2023-11-03,Engineering,2,Present
49396,17,Female,Education,5,64.12,10.7,SES-2008,2024-03-04,Computer Science,4,Present
49396,17,Female,Education,5,64.12,10.7,SES-2037,2023-10-16,Computer Science,1,Present
49396,17,Female,Education,5,64.12,10.7,SES-2033,2023-11-14,Education,2,Present
49395,20,Female,Education,7,68.37,11.8,SES-2028,2024-06-25,Computer Science,8,Absent
49394,24,Female,Education,7,68.37,11.8,SES-2047,2024-02-01,Computer Science,4,Present
49394,24,Female,Education,7,68.37,11.8,SES-2038,2023-11-27,Social Sciences,2,Absent
49387,19,Female,Education,3,49.8,8.9,SES-2044,2024-04-22,Social Sciences,5,Present
49386,18,Female,Education,3,49.8,8.9,SES-2010,2024-03-24,Business,5,Present
49386,18,Female,Education,3,49.8,8.9,SES-2016,2024-04-12,Social Sciences,6,Absent
49386,18,Female,Education,3,49.8,8.9,SES-2040,2023-10-24,Business,2,Present
49386,18,Female,Education,3,49.8,8.9,SES-2004,2023-09-23,Engineering,1,Present
49385,23,Female,Engineering,6,56.45,7.9,SES-2049,2024-04-17,Education,6,Absent
49383,23,Female,Engineering,6,56.45,7.9,SES-2005,2024-05-15,Engineering,7,Absent
49383,23,Female,Engineering,6,56.45,7.9,SES-2023,2024-04-21,Business,6,Present
49382,23,Female,Social Sciences,6,76.54,9.5,SES-2035,2023-11-28,Social Sciences,3,Present
49382,23,Female,Social Sciences,6,76.54,9.5,SES-2019,2024-06-21,Engineering,7,Present
49380,20,Female,Education,5,73.58,6.7,SES-2035,2023-11-28,Social Sciences,3,Absent
49380,20,Female,Education,5,73.58,6.7,SES-2032,2023-11-25,Social Sciences,2,Present
49379,23,Female,Education,5,73.58,6.7,SES-2030,2024-05-13,Business,7,Absent
49379,23,Female,Education,5,73.58,6.7,SES-2018,2023-11-06,Business,3,Absent
49375,22,Male,Social Sciences,3,64.15,12.4,SES-2044,2024-04-22,Social Sciences,5,Absent
49375,22,Female,Education,7,46.74,6.5,SES-2036,2024-02-12,Education,4,Present
49375,22,Female,Education,7,46.74,6.5,SES-2009,2024-05-12,Social Sciences,7,Absent
49375,22,Female,Education,7,46.74,6.5,SES-2049,2024-04-17,Education,6,Absent
49372,21,Male,Business,4,79.71,9.9,SES-2049,2024-04-17,Education,6,Present
49371,21,Male,Business,4,79.71,9.9,SES-2042,2023-12-17,Engineering,3,Present
49371,21,Male,Business,4,79.71,9.9,SES-2045,2024-07-04,Education,8,Present
49371,21,Male,Business,4,79.71,9.9,SES-2011,2023-11-03,Engineering,2,Present
49370,20,Male,Business,4,79.71,9.9,SES-2002,2023-11-02,Computer Science,2,Present
49368,20,Male,Social Sciences,6,73.04,0.7,SES-2006,2024-03-25,Education,5,Absent
49368,20,Female,Computer Science,5,76.63,16.3,SES-2019,2024-06-21,Engineering,7,Present
49368,20,Female,Computer Science,5,76.63,16.3,SES-2011,2023-11-03,Engineering,2,Present
49368,20,Female,Computer Science,5,76.63,16.3,SES-2021,2024-02-26,Social Sciences,4,Present
49356,20,Female,Engineering,1,72.98,12.2,SES-2049,2024-04-17,Education,6,Present
49356,20,Female,Engineering,1,72.98,12.2,SES-2043,2024-05-18,Education,7,Present
49356,20,Female,Engineering,1,72.98,12.2,SES-2019,2024-06-21,Engineering,7,Present
49356,20,Male,Business,4,62.21,11.2,SES-2026,2024-04-19,Business,5,Present
49356,20,Male,Business,4,62.21,11.2,SES-2046,2024-02-11,Computer Science,4,Present
49355,22,Male,Business,4,62.21,11.2,SES-2003,2023-10-08,Engineering,2,Absent
49352,17,Female,Engineering,4,66.66,12.0,SES-2045,2024-07-04,Education,8,Present
49350,19,Female,Social Sciences,7,67.38,4.7,SES-2024,2024-06-05,Social Sciences,7,Absent
49347,24,Male,Engineering,6,62.62,12.4,SES-2010,2024-03-24,Business,5,Present
49347,24,Female,Computer Science,1,47.13,7.1,SES-2004,2023-09-23,Engineering,1,Absent
49347,24,Female,Computer Science,1,47.13,7.1,SES-2009,2024-05-12,Social Sciences,7,Present
49346,18,Female,Computer Science,1,47.13,7.1,SES-2048,2023-09-03,Computer Science,1,Absent
49346,18,Female,Computer Science,1,47.13,7.1,SES-2006,2024-03-25,Education,5,Present
49346,18,Female,Computer Science,1,47.13,7.1,SES-2008,2024-03-04,Computer Science,4,Absent
49340,22,Female,Computer Science,5,59.24,6.2,SES-2042,2023-12-17,Engineering,3,Present
49339,19,Female,Computer Science,5,59.24,6.2,SES-2049,2024-04-17,Education,6,Present
49339,19,Female,Computer Science,5,59.24,6.2,SES-2003,2023-10-08,Engineering,2,Present
49339,19,Female,Computer Science,5,59.24,6.2,SES-2047,2024-02-01,Computer Science,4,Present
49339,19,Female,Computer Science,5,59.24,6.2,SES-2020,2024-03-27,Computer Science,4,Present
49331,21,Male,Engineering,5,65.34,3.9,SES-2002,2023-11-02,Computer Science,2,Absent
49330,24,Male,Engineering,5,65.34,3.9,SES-2022,2024-06-03,Education,7,Absent
49330,24,Male,Engineering,5,65.34,3.9,SES-2004,2023-09-23,Engineering,1,Absent
49323,22,Female,Computer Science,6,64.59,13.0,SES-2026,2024-04-19,Business,5,Absent
49323,22,Female,Computer Science,6,64.59,13.0,SES-2049,2024-04-17,Education,6,Present
49323,22,Male,Education,8,68.16,12.3,SES-2043,2024-05-18,Education,7,Present
49323,22,Male,Education,8,68.16,12.3,SES-2038,2023-11-27,Social Sciences,2,Absent
49323,22,Male,Education,8,68.16,12.3,SES-2031,2024-07-18,Computer Science,8,Present
49319,20,Female,Business,4,63.81,5.8,SES-2029,2023-10-21,Education,2,Present
49319,20,Female,Business,4,63.81,5.8,SES-2043,2024-05-18,Education,7,Present
49319,20,Female,Business,4,63.81,5.8,SES-2022,2024-06-03,Education,7,Present
49314,19,Male,Engineering,5,57.42,4.8,SES-2018,2023-11-06,Business,3,Absent
49314,19,Female,Computer Science,4,45.11,6.5,SES-2033,2023-11-14,Education,2,Absent
49314,19,Female,Computer Science,4,45.11,6.5,SES-2049,2024-04-17,Education,6,Absent
49314,19,Female,Computer Science,4,45.11,6.5,SES-2017,2024-03-23,Computer Science,4,Absent
49313,22,Female,Computer Science,4,45.11,6.5,SES-2043,2024-05-18,Education,7,Present
49313,22,Female,Business,1,54.65,16.7,SES-2039,2024-02-08,Engineering,4,Present
49313,22,Male,Engineering,1,79.3,10.5,SES-2015,2023-11-09,Business,2,Present
49303,22,Male,Engineering,5,83.85,11.2,SES-2017,2024-03-23,Computer Science,4,Present
49302,20,Male,Engineering,5,83.85,11.2,SES-2042,2023-12-17,Engineering,3,Present
49302,20,Male,Engineering,5,83.85,11.2,SES-2029,2023-10-21,Education,2,Present
49302,20,Male,Engineering,5,83.85,11.2,SES-2009,2024-05-12,Social Sciences,7,Absent
49302,20,Male,Engineering,5,83.85,11.2,SES-2011,2023-11-03,Engineering,2,Absent
49294,22,Male,Engineering,1,54.25,9.6,SES-2010,2024-03-24,Business,5,Present
49287,22,Female,Education,3,70.02,13.6,SES-2001,2024-02-05,Computer Science,4,Present
49287,22,Female,Education,3,70.02,13.6,SES-2027,2024-04-05,Engineering,6,Present
49287,22,Female,Engineering,3,55.68,6.2,SES-2037,2023-10-16,Computer Science,1,Absent
49284,21,Male,Engineering,2,63.1,13.9,SES-2013,2023-10-22,Education,2,Present
49283,25,Male,Engineering,2,63.1,13.9,SES-2017,2024-03-23,Computer Science,4,Present
49278,21,Male,Computer Science,1,68.48,4.4,SES-2032,2023-11-25,Social Sciences,2,Absent
49277,19,Male,Business,2,71.2,7.0,SES-2015,2023-11-09,Business,2,Present
49277,19,Male,Business,2,71.2,7.0,SES-2014,2024-03-28,Education,5,Present
49274,20,Female,Business,3,49.31,5.6,SES-2043,2024-05-18,Education,7,Absent
49274,20,Female,Business,3,49.31,5.6,SES-2037,2023-10-16,Computer Science,1,Present
49274,20,Female,Business,3,49.31,5.6,SES-2030,2024-05-13,Business,7,Absent
49271,21,Male,Business,3,66.67,2.4,SES-2008,2024-03-04,Computer Science,4,Absent
49271,21,Male,Business,3,66.67,2.4,SES-2040,2023-10-24,Business,2,Absent
49271,21,Male,Business,3,66.67,2.4,SES-2046,2024-02-11,Computer Science,4,Absent
49271,21,Male,Computer Science,1,65.97,9.2,SES-2014,2024-03-28,Education,5,Absent
49271,21,Male,Computer Science,1,65.97,9.2,SES-2046,2024-02-11,Computer Science,4,Present
49271,21,Male,Computer Science,1,65.97,9.2,SES-2044,2024-04-22,Social Sciences,5,Present
49270,19,Male,Computer Science,1,65.97,9.2,SES-2025,2023-11-24,Engineering,3,Present
49269,20,Female,Computer Science,5,48.2,10.7,SES-2022,2024-06-03,Education,7,Present
49269,20,Female,Computer Science,5,48.2,10.7,SES-2011,2023-11-03,Engineering,2,Absent
49268,17,Female,Computer Science,5,48.2,10.7,SES-2033,2023-11-14,Education,2,Absent
49268,17,Male,Business,1,59.63,4.6,SES-2023,2024-04-21,Business,6,Absent
49268,17,Male,Business,1,59.63,4.6,SES-2037,2023-10-16,Computer Science,1,Absent
49268,17,Male,Business,1,59.63,4.6,SES-2029,2023-10-21,Education,2,Absent
49268,17,Male,Business,1,59.63,4.6,SES-2040,2023-10-24,Business,2,Present
49266,18,Female,Social Sciences,4,71.64,6.9,SES-2003,2023-10-08,Engineering,2,Present
49263,19,Female,Social Sciences,6,45.28,9.4,SES-2020,2024-03-27,Computer Science,4,Absent
49263,19,Female,Social Sciences,6,45.28,9.4,SES-2006,2024-03-25,Education,5,Absent
49260,21,Male,Social Sciences,2,54.92,6.6,SES-2031,2024-07-18,Computer Science,8,Absent
49260,21,Male,Social Sciences,2,54.92,6.6,SES-2009,2024-05-12,Social Sciences,7,Present
49259,22,Male,Social Sciences,2,54.92,6.6,SES-2012,2024-04-19,Education,5,Present
49259,22,Male,Social Sciences,2,54.92,6.6,SES-2018,2023-11-06,Business,3,Present
49258,20,Female,Education,2,81.48,8.9,SES-2009,2024-05-12,Social Sciences,7,Present
49258,20,Female,Education,2,81.48,8.9,SES-2018,2023-11-06,Business,3,Present
49256,22,Male,Engineering,4,40.82,6.4,SES-2019,2024-06-21,Engineering,7,Present
49256,22,Male,Engineering,4,40.82,6.4,SES-2026,2024-04-19,Business,5,Present
49254,20,Female,Engineering,7,41.44,9.6,SES-2020,2024-03-27,Computer Science,4,Absent
49254,20,Female,Engineering,7,41.44,9.6,SES-2001,2024-02-05,Computer Science,4,Present
49253,20,Female,Engineering,7,41.44,9.6,SES-2035,2023-11-28,Social Sciences,3,Absent
49253,20,Male,Computer Science,3,62.78,6.6,SES-2035,2023-11-28,Social Sciences,3,Absent
49253,20,Male,Computer Science,3,62.78,6.6,SES-2026,2024-04-19,Business,5,Present
49253,20,Male,Computer Science,3,62.78,6.6,SES-2004,2023-09-23,Engineering,1,Present
49253,20,Female,Computer Science,1,64.5,9.4,SES-2026,2024-04-19,Business,5,Present
49253,20,Female,Computer Science,1,64.5,9.4,SES-2038,2023-11-27,Social Sciences,2,Present
49251,19,Female,Social Sciences,4,86.61,10.0,SES-2026,2024-04-19,Business,5,Present
49251,19,Male,Engineering,4,83.59,11.2,SES-2038,2023-11-27,Social Sciences,2,Present
49251,19,Male,Engineering,4,83.59,11.2,SES-2039,2024-02-08,Engineering,4,Present
49251,19,Male,Engineering,4,83.59,11.2,SES-2008,2024-03-04,Computer Science,4,Present
49250,21,Female,Computer Science,8,61.06,9.8,SES-2019,2024-06-21,Engineering,7,Present
49250,21,Female,Computer Science,8,61.06,9.8,SES-2006,2024-03-25,Education,5,Present
49248,23,Male,Engineering,2,51.36,10.2,SES-2012,2024-04-19,Education,5,Absent
49247,20,Male,Social Sciences,4,46.85,6.4,SES-2007,2024-06-09,Education,7,Present
49247,20,Male,Social Sciences,4,46.85,6.4,SES-2009,2024-05-12,Social Sciences,7,Absent
49247,20,Female,Education,6,40.21,9.8,SES-2049,2024-04-17,Education,6,Absent
49247,20,Female,Education,6,40.21,9.8,SES-2039,2024-02-08,Engineering,4,Present
49247,20,Female,Education,6,40.21,9.8,SES-2033,2023-11-14,Education,2,Absent
49247,20,Female,Education,6,40.21,9.8,SES-2021,2024-02-26,Social Sciences,4,Absent
49247,20,Female,Business,2,70.96,9.2,SES-2013,2023-10-22,Education,2,Present
49246,20,Female,Business,2,70.96,9.2,SES-2029,2023-10-21,Education,2,Present
49246,20,Female,Business,2,70.96,9.2,SES-2030,2024-05-13,Business,7,Absent
49246,20,Female,Business,2,70.96,9.2,SES-2027,2024-04-05,Engineering,6,Present
49246,20,Male,Engineering,2,79.38,11.8,SES-2031,2024-07-18,Computer Science,8,Present
49245,20,Male,Engineering,2,79.38,11.8,SES-2009,2024-05-12,Social Sciences,7,Present
49242,18,Female,Computer Science,6,49.89,7.6,SES-2027,2024-04-05,Engineering,6,Present
49240,20,Male,Computer Science,1,51.36,11.7,SES-2023,2024-04-21,Business,6,Present
49240,20,Male,Computer Science,1,51.36,11.7,SES-2003,2023-10-08,Engineering,2,Present
49239,17,Male,Computer Science,1,51.36,11.7,SES-2042,2023-12-17,Engineering,3,Present
49239,17,Male,Computer Science,3,57.28,7.8,SES-2018,2023-11-06,Business,3,Present
49239,17,Male,Computer Science,3,57.28,7.8,SES-2013,2023-10-22,Education,2,Present
49239,17,Male,Computer Science,3,57.28,7.8,SES-2011,2023-11-03,Engineering,2,Present
49237,19,Female,Engineering,1,64.79,12.2,SES-2034,2024-06-24,Social Sciences,8,Present
49235,20,Female,Computer Science,1,72.18,7.1,SES-2035,2023-11-28,Social Sciences,3,Present
49235,20,Female,Computer Science,1,72.18,7.1,SES-2043,2024-05-18,Education,7,Present
49235,20,Female,Computer Science,1,72.18,7.1,SES-2020,2024-03-27,Computer Science,4,Present
49234,25,Female,Computer Science,1,72.18,7.1,SES-2000,2023-10-24,Social Sciences,2,Present
49234,25,Male,Education,2,70.43,5.8,SES-2038,2023-11-27,Social Sciences,2,Present
49234,25,Female,Engineering,7,60.4,11.6,SES-2000,2023-10-24,Social Sciences,2,Present
49234,25,Female,Engineering,7,60.4,11.6,SES-2028,2024-06-25,Computer Science,8,Present
49234,25,Female,Engineering,7,60.4,11.6,SES-2024,2024-06-05,Social Sciences,7,Present
49231,17,Male,Computer Science,1,39.68,7.9,SES-2043,2024-05-18,Education,7,Absent
49231,17,Male,Computer Science,1,39.68,7.9,SES-2000,2023-10-24,Social Sciences,2,Present
49231,17,Male,Computer Science,1,39.68,7.9,SES-2031,2024-07-18,Computer Science,8,Present
49231,17,Male,Computer Science,6,72.97,11.2,SES-2013,2023-10-22,Education,2,Present
49231,17,Male,Computer Science,6,72.97,11.2,SES-2007,2024-06-09,Education,7,Present
49230,27,Male,Computer Science,6,72.97,11.2,SES-2015,2023-11-09,Business,2,Present
49228,20,Male,Engineering,7,41.61,8.6,SES-2031,2024-07-18,Computer Science,8,Absent
49227,19,Male,Engineering,7,41.61,8.6,SES-2026,2024-04-19,Business,5,Absent
49226,19,Male,Engineering,7,41.61,8.6,SES-2043,2024-05-18,Education,7,Absent
49226,19,Male,Engineering,7,41.61,8.6,SES-2011,2023-11-03,Engineering,2,Present
49226,19,Male,Engineering,7,41.61,8.6,SES-2008,2024-03-04,Computer Science,4,Absent
49226,19,Male,Social Sciences,1,63.73,7.5,SES-2005,2024-05-15,Engineering,7,Present
49225,23,Male,Social Sciences,1,63.73,7.5,SES-2041,2023-10-05,Business,2,Present
49225,23,Female,Education,6,60.32,6.3,SES-2026,2024-04-19,Business,5,Present
49223,27,Female,Education,6,60.32,6.3,SES-2021,2024-02-26,Social Sciences,4,Present
49220,22,Female,Social Sciences,3,87.56,12.5,SES-2007,2024-06-09,Education,7,Present
49220,22,Female,Social Sciences,3,87.56,12.5,SES-2035,2023-11-28,Social Sciences,3,Present
49218,18,Female,Social Sciences,3,87.56,12.5,SES-2014,2024-03-28,Education,5,Present
49218,18,Male,Social Sciences,4,64.57,8.8,SES-2020,2024-03-27,Computer Science,4,Present
49218,18,Male,Social Sciences,4,64.57,8.8,SES-2028,2024-06-25,Computer Science,8,Present
49218,18,Male,Social Sciences,4,64.57,8.8,SES-2027,2024-04-05,Engineering,6,Present
49218,18,Male,Social Sciences,4,64.57,8.8,SES-2030,2024-05-13,Business,7,Present
49217,21,Male,Computer Science,2,67.0,10.1,SES-2043,2024-05-18,Education,7,Present
49214,20,Male,Education,7,63.62,14.5,SES-2049,2024-04-17,Education,6,Absent
49214,20,Male,Education,7,63.62,14.5,SES-2024,2024-06-05,Social Sciences,7,Present
49213,22,Male,Education,7,63.62,14.5,SES-2007,2024-06-09,Education,7,Present
49212,25,Male,Education,7,63.62,14.5,SES-2003,2023-10-08,Engineering,2,Absent
49212,25,Male,Education,7,63.62,14.5,SES-2047,2024-02-01,Computer Science,4,Absent
49202,23,Female,Education,6,79.69,7.5,SES-2039,2024-02-08,Engineering,4,Present
49202,23,Female,Education,6,79.69,7.5,SES-2003,2023-10-08,Engineering,2,Present
49202,23,Female,Education,6,79.69,7.5,SES-2030,2024-05-13,Business,7,Present
49202,23,Male,Education,2,64.91,8.2,SES-2018,2023-11-06,Business,3,Present
49202,23,Male,Education,2,64.91,8.2,SES-2038,2023-11-27,Social Sciences,2,Present
49201,22,Male,Education,2,64.91,8.2,SES-2027,2024-04-05,Engineering,6,Present
49201,22,Male,Education,2,64.91,8.2,SES-2010,2024-03-24,Business,5,Absent
49201,22,Female,Education,7,75.38,11.4,SES-2025,2023-11-24,Engineering,3,Present
49201,22,Female,Education,7,75.38,11.4,SES-2029,2023-10-21,Education,2,Absent
49200,20,Female,Education,7,75.38,11.4,SES-2031,2024-07-18,Computer Science,8,Present
49200,20,Female,Education,7,75.38,11.4,SES-2047,2024-02-01,Computer Science,4,Present
49199,21,Female,Education,7,75.38,11.4,SES-2016,2024-04-12,Social Sciences,6,Present
49197,21,Male,Computer Science,2,49.13,8.7,SES-2003,2023-10-08,Engineering,2,Absent
49197,21,Male,Computer Science,2,49.13,8.7,SES-2037,2023-10-16,Computer Science,1,Absent
49197,21,Male,Computer Science,2,49.13,8.7,SES-2039,2024-02-08,Engineering,4,Absent
49197,21,Male,Computer Science,2,49.13,8.7,SES-2036,2024-02-12,Education,4,Present
49197,21,Male,Education,1,55.03,7.4,SES-2039,2024-02-08,Engineering,4,Present
49197,21,Male,Education,1,55.03,7.4,SES-2046,2024-02-11,Computer Science,4,Present
49197,21,Male,Education,1,55.03,7.4,SES-2020,2024-03-27,Computer Science,4,Present
49191,21,Female,Computer Science,6,60.73,11.8,SES-2015,2023-11-09,Business,2,Present
49190,20,Female,Computer Science,6,60.73,11.8,SES-2046,2024-02-11,Computer Science,4,Absent
49190,20,Female,Computer Science,6,60.73,11.8,SES-2026,2024-04-19,Business,5,Present
49189,20,Female,Computer Science,6,60.73,11.8,SES-2005,2024-05-15,Engineering,7,Present
49189,20,Female,Computer Science,6,60.73,11.8,SES-2037,2023-10-16,Computer Science,1,Absent
49189,20,Female,Business,5,44.69,4.8,SES-2036,2024-02-12,Education,4,Absent
49187,17,Female,Business,5,44.69,4.8,SES-2043,2024-05-18,Education,7,Absent
49187,17,Male,Computer Science,6,54.57,6.8,SES-2048,2023-09-03,Computer Science,1,Present
49187,17,Male,Computer Science,6,54.57,6.8,SES-2036,2024-02-12,Education,4,Present
49187,17,Male,Social Sciences,1,65.18,5.6,SES-2016,2024-04-12,Social Sciences,6,Present
49186,23,Male,Engineering,4,63.48,9.7,SES-2003,2023-10-08,Engineering,2,Present
49186,23,Male,Engineering,4,63.48,9.7,SES-2013,2023-10-22,Education,2,Present
49186,23,Male,Engineering,4,63.48,9.7,SES-2000,2023-10-24,Social Sciences,2,Present
49186,23,Male,Engineering,4,63.48,9.7,SES-2029,2023-10-21,Education,2,Present
49186,23,Female,Education,4,78.72,10.8,SES-2041,2023-10-05,Business,2,Present
49181,23,Male,Computer Science,6,73.45,9.0,SES-2007,2024-06-09,Education,7,Present
49181,23,Male,Computer Science,6,73.45,9.0,SES-2014,2024-03-28,Education,5,Present
49181,23,Male,Computer Science,6,73.45,9.0,SES-2015,2023-11-09,Business,2,Present
49181,23,Male,Computer Science,6,73.45,9.0,SES-2008,2024-03-04,Computer Science,4,Present
49181,23,Male,Computer Science,6,73.45,9.0,SES-2046,2024-02-11,Computer Science,4,Present
49172,18,Female,Engineering,7,70.84,8.2,SES-2019,2024-06-21,Engineering,7,Present
49172,18,Female,Education,8,78.73,10.6,SES-2012,2024-04-19,Education,5,Present
49170,18,Female,Education,8,78.73,10.6,SES-2026,2024-04-19,Business,5,Present
49170,18,Female,Education,8,78.73,10.6,SES-2021,2024-02-26,Social Sciences,4,Absent
49170,18,Male,Engineering,4,56.65,9.9,SES-2024,2024-06-05,Social Sciences,7,Absent
49170,18,Male,Engineering,4,56.65,9.9,SES-2041,2023-10-05,Business,2,Present
49170,18,Male,Engineering,4,56.65,9.9,SES-2049,2024-04-17,Education,6,Present
49169,20,Male,Engineering,4,56.65,9.9,SES-2047,2024-02-01,Computer Science,4,Present
49169,20,Male,Engineering,4,56.65,9.9,SES-2016,2024-04-12,Social Sciences,6,Present
49168,25,Male,Social Sciences,7,88.4,16.1,SES-2039,2024-02-08,Engineering,4,Present
49168,25,Male,Social Sciences,7,88.4,16.1,SES-2042,2023-12-17,Engineering,3,Present
49168,25,Male,Social Sciences,7,88.4,16.1,SES-2030,2024-05-13,Business,7,Present
49168,25,Female,Social Sciences,6,66.44,13.5,SES-2041,2023-10-05,Business,2,Absent
49168,25,Female,Social Sciences,6,66.44,13.5,SES-2026,2024-04-19,Business,5,Present
49168,25,Female,Social Sciences,6,66.44,13.5,SES-2031,2024-07-18,Computer Science,8,Present
49166,17,Female,Business,8,56.06,11.9,SES-2005,2024-05-15,Engineering,7,Present
49165,19,Female,Business,7,61.94,10.0,SES-2015,2023-11-09,Business,2,Present
49156,20,Female,Education,5,82.32,10.9,SES-2038,2023-11-27,Social Sciences,2,Present
49153,21,Female,Education,5,82.32,10.9,SES-2027,2024-04-05,Engineering,6,Present
49153,21,Female,Education,5,82.32,10.9,SES-2023,2024-04-21,Business,6,Present
49153,21,Female,Education,5,82.32,10.9,SES-2048,2023-09-03,Computer Science,1,Present
49152,18,Female,Business,2,82.3,8.9,SES-2038,2023-11-27,Social Sciences,2,Present
49152,18,Male,Computer Science,1,58.95,5.3,SES-2006,2024-03-25,Education,5,Present
49152,18,Male,Computer Science,1,58.95,5.3,SES-2048,2023-09-03,Computer Science,1,Absent
49148,19,Male,Business,5,55.14,7.5,SES-2039,2024-02-08,Engineering,4,Present
49145,20,Male,Business,5,55.14,7.5,SES-2038,2023-11-27,Social Sciences,2,Present
49142,21,Female,Engineering,3,46.24,7.1,SES-2021,2024-02-26,Social Sciences,4,Absent
49142,21,Female,Engineering,3,46.24,7.1,SES-2033,2023-11-14,Education,2,Present
49142,21,Female,Engineering,3,46.24,7.1,SES-2040,2023-10-24,Business,2,Present
49142,21,Female,Engineering,3,46.24,7.1,SES-2032,2023-11-25,Social Sciences,2,Absent
49141,20,Female,Computer Science,1,63.69,7.9,SES-2020,2024-03-27,Computer Science,4,Present
49141,20,Female,Computer Science,1,63.69,7.9,SES-2011,2023-11-03,Engineering,2,Present
49139,21,Female,Computer Science,1,63.69,7.9,SES-2002,2023-11-02,Computer Science,2,Present
49139,21,Female,Engineering,6,88.85,12.6,SES-2014,2024-03-28,Education,5,Present
49139,21,Female,Engineering,6,88.85,12.6,SES-2035,2023-11-28,Social Sciences,3,Absent
49138,20,Female,Engineering,6,88.85,12.6,SES-2006,2024-03-25,Education,5,Present
49138,20,Female,Engineering,6,88.85,12.6,SES-2004,2023-09-23,Engineering,1,Present
49135,21,Male,Engineering,6,55.04,8.7,SES-2025,2023-11-24,Engineering,3,Present
49135,21,Male,Engineering,6,55.04,8.7,SES-2034,2024-06-24,Social Sciences,8,Present
49130,19,Female,Education,3,68.12,7.7,SES-2006,2024-03-25,Education,5,Present
49130,19,Female,Education,3,68.12,7.7,SES-2027,2024-04-05,Engineering,6,Present
49130,19,Female,Education,3,68.12,7.7,SES-2016,2024-04-12,Social Sciences,6,Absent
49130,19,Female,Social Sciences,3,82.5,11.5,SES-2021,2024-02-26,Social Sciences,4,Present
49129,23,Female,Computer Science,5,88.98,11.2,SES-2049,2024-04-17,Education,6,Present
49129,23,Female,Computer Science,5,88.98,11.2,SES-2040,2023-10-24,Business,2,Present
49128,23,Male,Computer Science,5,66.41,5.2,SES-2048,2023-09-03,Computer Science,1,Present
49127,20,Male,Computer Science,5,66.41,5.2,SES-2030,2024-05-13,Business,7,Present
49126,19,Female,Education,2,75.63,8.1,SES-2014,2024-03-28,Education,5,Present
49126,19,Female,Education,2,75.63,8.1,SES-2002,2023-11-02,Computer Science,2,Present
49126,19,Female,Education,2,75.63,8.1,SES-2049,2024-04-17,Education,6,Present
49126,19,Female,Education,2,75.63,8.1,SES-2039,2024-02-08,Engineering,4,Present
49125,24,Male,Social Sciences,2,49.6,4.4,SES-2048,2023-09-03,Computer Science,1,Absent
49120,21,Female,Computer Science,3,74.14,10.9,SES-2048,2023-09-03,Computer Science,1,Present
49119,22,Female,Computer Science,3,74.14,10.9,SES-2045,2024-07-04,Education,8,Present
49119,22,Female,Computer Science,3,74.14,10.9,SES-2005,2024-05-15,Engineering,7,Present
49119,22,Female,Computer Science,3,74.14,10.9,SES-2003,2023-10-08,Engineering,2,Present
49116,21,Female,Computer Science,1,70.99,12.4,SES-2026,2024-04-19,Business,5,Present
49115,24,Female,Computer Science,1,70.99,12.4,SES-2043,2024-05-18,Education,7,Present
49115,24,Female,Computer Science,1,70.99,12.4,SES-2007,2024-06-09,Education,7,Present
49113,23,Male,Business,1,68.13,5.9,SES-2003,2023-10-08,Engineering,2,Present
49111,23,Male,Social Sciences,3,65.96,12.2,SES-2049,2024-04-17,Education,6,Present
49106,24,Female,Education,1,78.48,11.1,SES-2034,2024-06-24,Social Sciences,8,Present
49105,19,Female,Education,1,78.48,11.1,SES-2024,2024-06-05,Social Sciences,7,Present
49105,19,Female,Education,1,78.48,11.1,SES-2047,2024-02-01,Computer Science,4,Present
49104,20,Male,Computer Science,2,88.36,6.4,SES-2003,2023-10-08,Engineering,2,Present
49104,20,Female,Business,6,54.24,3.0,SES-2015,2023-11-09,Business,2,Absent
49104,20,Female,Business,6,54.24,3.0,SES-2025,2023-11-24,Engineering,3,Absent
49103,19,Female,Business,6,54.24,3.0,SES-2023,2024-04-21,Business,6,Absent
49103,19,Male,Business,5,60.27,6.3,SES-2000,2023-10-24,Social Sciences,2,Present
49103,19,Male,Computer Science,6,62.61,9.0,SES-2024,2024-06-05,Social Sciences,7,Present
49098,23,Male,Business,4,64.05,10.3,SES-2011,2023-11-03,Engineering,2,Present
49098,23,Male,Business,4,64.05,10.3,SES-2023,2024-04-21,Business,6,Present
49098,23,Male,Business,4,64.05,10.3,SES-2028,2024-06-25,Computer Science,8,Absent
49096,21,Female,Social Sciences,4,74.93,7.8,SES-2041,2023-10-05,Business,2,Present
49096,21,Female,Social Sciences,4,74.93,7.8,SES-2030,2024-05-13,Business,7,Present
49095,19,Female,Social Sciences,4,74.93,7.8,SES-2046,2024-02-11,Computer Science,4,Present
49091,24,Female,Engineering,3,77.63,11.2,SES-2018,2023-11-06,Business,3,Absent
49091,24,Female,Engineering,3,77.63,11.2,SES-2019,2024-06-21,Engineering,7,Present
49090,21,Male,Computer Science,3,41.44,4.9,SES-2020,2024-03-27,Computer Science,4,Absent
49090,21,Male,Computer Science,3,41.44,4.9,SES-2040,2023-10-24,Business,2,Present
49090,21,Male,Computer Science,3,41.44,4.9,SES-2000,2023-10-24,Social Sciences,2,Present
49090,21,Male,Computer Science,3,41.44,4.9,SES-2032,2023-11-25,Social Sciences,2,Absent
49088,22,Male,Social Sciences,6,64.81,7.0,SES-2004,2023-09-23,Engineering,1,Present
49085,21,Female,Computer Science,1,77.49,12.7,SES-2037,2023-10-16,Computer Science,1,Present
49085,21,Female,Computer Science,1,77.49,12.7,SES-2041,2023-10-05,Business,2,Present
49085,21,Female,Computer Science,1,77.49,12.7,SES-2026,2024-04-19,Business,5,Absent
49083,22,Female,Computer Science,1,77.49,12.7,SES-2011,2023-11-03,Engineering,2,Present
49081,23,Female,Education,6,87.83,6.2,SES-2043,2024-05-18,Education,7,Present
49081,23,Female,Education,6,87.83,6.2,SES-2049,2024-04-17,Education,6,Present
49081,23,Female,Education,6,87.83,6.2,SES-2030,2024-05-13,Business,7,Present
49080,25,Female,Education,6,87.83,6.2,SES-2018,2023-11-06,Business,3,Present
49080,25,Female,Education,6,87.83,6.2,SES-2010,2024-03-24,Business,5,Present
49080,25,Female,Engineering,8,41.14,11.0,SES-2024,2024-06-05,Social Sciences,7,Absent
49079,22,Female,Engineering,8,41.14,11.0,SES-2009,2024-05-12,Social Sciences,7,Present
49079,22,Female,Engineering,8,41.14,11.0,SES-2045,2024-07-04,Education,8,Absent
49077,19,Female,Computer Science,7,76.77,12.3,SES-2024,2024-06-05,Social Sciences,7,Present
49076,21,Female,Computer Science,7,76.77,12.3,SES-2033,2023-11-14,Education,2,Absent
49076,21,Female,Computer Science,7,76.77,12.3,SES-2017,2024-03-23,Computer Science,4,Present
49067,25,Female,Computer Science,4,75.26,12.7,SES-2008,2024-03-04,Computer Science,4,Present
49067,25,Female,Computer Science,4,75.26,12.7,SES-2046,2024-02-11,Computer Science,4,Present
49067,25,Female,Computer Science,4,75.26,12.7,SES-2023,2024-04-21,Business,6,Present
49065,26,Female,Business,2,64.22,4.7,SES-2004,2023-09-23,Engineering,1,Absent
49065,26,Female,Business,2,64.22,4.7,SES-2048,2023-09-03,Computer Science,1,Absent
49064,24,Female,Business,2,64.22,4.7,SES-2044,2024-04-22,Social Sciences,5,Present
49064,24,Female,Business,2,64.22,4.7,SES-2045,2024-07-04,Education,8,Absent
49064,24,Female,Business,2,64.22,4.7,SES-2014,2024-03-28,Education,5,Absent
49060,24,Female,Computer Science,4,62.3,12.2,SES-2011,2023-11-03,Engineering,2,Present
49060,24,Female,Computer Science,4,62.3,12.2,SES-2013,2023-10-22,Education,2,Present
49059,17,Female,Computer Science,4,62.3,12.2,SES-2022,2024-06-03,Education,7,Present
49059,17,Female,Computer Science,4,62.3,12.2,SES-2003,2023-10-08,Engineering,2,Present
49059,17,Female,Social Sciences,2,81.31,12.4,SES-2038,2023-11-27,Social Sciences,2,Present
49058,23,Female,Social Sciences,2,81.31,12.4,SES-2043,2024-05-18,Education,7,Present
49058,23,Female,Engineering,4,62.96,3.4,SES-2021,2024-02-26,Social Sciences,4,Present
49057,24,Male,Computer Science,2,60.18,9.8,SES-2003,2023-10-08,Engineering,2,Present
49057,24,Male,Computer Science,2,60.18,9.8,SES-2045,2024-07-04,Education,8,Present
49057,24,Male,Computer Science,2,60.18,9.8,SES-2009,2024-05-12,Social Sciences,7,Present
49056,22,Male,Computer Science,2,60.18,9.8,SES-2022,2024-06-03,Education,7,Present
49055,22,Male,Computer Science,2,60.18,9.8,SES-2026,2024-04-19,Business,5,Present
49055,22,Female,Education,6,86.21,11.8,SES-2012,2024-04-19,Education,5,Present
49055,22,Female,Education,6,86.21,11.8,SES-2011,2023-11-03,Engineering,2,Present
49055,22,Female,Education,6,86.21,11.8,SES-2031,2024-07-18,Computer Science,8,Absent
49055,22,Male,Education,8,84.32,9.0,SES-2042,2023-12-17,Engineering,3,Present
49054,23,Male,Education,8,84.32,9.0,SES-2020,2024-03-27,Computer Science,4,Present
49054,23,Male,Education,8,84.32,9.0,SES-2014,2024-03-28,Education,5,Present
49053,17,Female,Education,1,58.37,3.7,SES-2002,2023-11-02,Computer Science,2,Absent
49051,21,Female,Education,1,58.37,3.7,SES-2019,2024-06-21,Engineering,7,Present
49051,21,Female,Education,1,58.37,3.7,SES-2032,2023-11-25,Social Sciences,2,Absent
49051,21,Male,Social Sciences,5,89.51,8.5,SES-2044,2024-04-22,Social Sciences,5,Present
49050,19,Male,Social Sciences,5,89.51,8.5,SES-2035,2023-11-28,Social Sciences,3,Present
49048,21,Female,Computer Science,1,87.55,13.2,SES-2001,2024-02-05,Computer Science,4,Present
49044,22,Female,Computer Science,4,75.92,13.0,SES-2011,2023-11-03,Engineering,2,Absent
49044,22,Female,Computer Science,4,75.92,13.0,SES-2012,2024-04-19,Education,5,Present
49044,22,Female,Computer Science,4,75.92,13.0,SES-2041,2023-10-05,Business,2,Absent
49043,24,Male,Social Sciences,1,48.38,8.2,SES-2040,2023-10-24,Business,2,Absent
49042,19,Male,Social Sciences,1,48.38,8.2,SES-2013,2023-10-22,Education,2,Absent
49037,18,Male,Business,7,74.73,13.4,SES-2042,2023-12-17,Engineering,3,Present
49037,18,Male,Business,7,74.73,13.4,SES-2010,2024-03-24,Business,5,Present
49037,18,Male,Business,7,74.73,13.4,SES-2036,2024-02-12,Education,4,Present
49035,21,Male,Computer Science,5,65.38,7.8,SES-2037,2023-10-16,Computer Science,1,Present
49035,21,Male,Computer Science,5,65.38,7.8,SES-2029,2023-10-21,Education,2,Present
49035,21,Male,Computer Science,5,65.38,7.8,SES-2016,2024-04-12,Social Sciences,6,Present
49034,24,Female,Business,8,81.78,12.6,SES-2012,2024-04-19,Education,5,Present
49034,24,Female,Business,8,81.78,12.6,SES-2011,2023-11-03,Engineering,2,Present
49033,23,Male,Engineering,8,76.69,10.2,SES-2043,2024-05-18,Education,7,Present
49032,19,Male,Engineering,8,76.69,10.2,SES-2031,2024-07-18,Computer Science,8,Absent
49028,20,Male,Computer Science,6,58.51,9.0,SES-2024,2024-06-05,Social Sciences,7,Absent
49022,20,Male,Business,2,80.59,10.7,SES-2049,2024-04-17,Education,6,Present
49021,20,Male,Education,4,82.16,13.2,SES-2022,2024-06-03,Education,7,Present
49021,20,Male,Education,4,82.16,13.2,SES-2023,2024-04-21,Business,6,Present
49021,20,Male,Education,1,68.28,6.6,SES-2048,2023-09-03,Computer Science,1,Absent
49021,20,Male,Education,1,68.28,6.6,SES-2037,2023-10-16,Computer Science,1,Present
49020,21,Male,Education,1,58.13,11.7,SES-2014,2024-03-28,Education,5,Absent
49020,21,Male,Education,1,58.13,11.7,SES-2039,2024-02-08,Engineering,4,Present
49019,23,Male,Education,1,58.13,11.7,SES-2018,2023-11-06,Business,3,Present
49019,23,Male,Education,1,58.13,11.7,SES-2024,2024-06-05,Social Sciences,7,Present
49019,23,Male,Business,7,55.35,13.3,SES-2019,2024-06-21,Engineering,7,Present
49018,20,Male,Business,7,55.35,13.3,SES-2024,2024-06-05,Social Sciences,7,Present
49017,21,Male,Business,7,55.35,13.3,SES-2017,2024-03-23,Computer Science,4,Present
49017,21,Male,Business,7,55.35,13.3,SES-2033,2023-11-14,Education,2,Absent
49017,21,Female,Engineering,5,79.51,8.3,SES-2030,2024-05-13,Business,7,Present
49016,19,Female,Engineering,5,79.51,8.3,SES-2032,2023-11-25,Social Sciences,2,Present
49016,19,Female,Engineering,5,79.51,8.3,SES-2000,2023-10-24,Social Sciences,2,Present
49016,19,Female,Engineering,5,79.51,8.3,SES-2042,2023-12-17,Engineering,3,Present
49015,21,Female,Business,4,50.03,11.7,SES-2017,2024-03-23,Computer Science,4,Present
49015,21,Female,Business,4,50.03,11.7,SES-2020,2024-03-27,Computer Science,4,Present
49014,21,Female,Business,7,52.81,10.3,SES-2026,2024-04-19,Business,5,Present
49014,21,Female,Business,7,52.81,10.3,SES-2032,2023-11-25,Social Sciences,2,Present
49010,20,Male,Engineering,5,77.69,15.9,SES-2037,2023-10-16,Computer Science,1,Present
49007,23,Male,Business,3,83.18,10.8,SES-2012,2024-04-19,Education,5,Present
49007,23,Male,Business,3,83.18,10.8,SES-2034,2024-06-24,Social Sciences,8,Present
49007,23,Female,Engineering,5,73.84,5.7,SES-2000,2023-10-24,Social Sciences,2,Present
49007,23,Female,Engineering,4,59.41,7.6,SES-2007,2024-06-09,Education,7,Present
49004,18,Female,Engineering,4,59.41,7.6,SES-2025,2023-11-24,Engineering,3,Present
49003,23,Female,Computer Science,1,67.82,10.6,SES-2037,2023-10-16,Computer Science,1,Present
48997,17,Male,Business,3,61.34,10.5,SES-2023,2024-04-21,Business,6,Absent
48997,17,Male,Business,3,61.34,10.5,SES-2013,2023-10-22,Education,2,Present
48997,17,Male,Business,3,61.34,10.5,SES-2030,2024-05-13,Business,7,Absent
48995,19,Male,Education,1,81.75,8.8,SES-2012,2024-04-19,Education,5,Absent
48995,19,Male,Education,1,81.75,8.8,SES-2025,2023-11-24,Engineering,3,Present
48995,19,Male,Engineering,8,53.72,9.0,SES-2010,2024-03-24,Business,5,Present
48995,19,Male,Engineering,8,53.72,9.0,SES-2028,2024-06-25,Computer Science,8,Present
48990,20,Female,Education,4,73.22,5.3,SES-2047,2024-02-01,Computer Science,4,Present
48990,20,Female,Education,4,73.22,5.3,SES-2001,2024-02-05,Computer Science,4,Present
48990,20,Female,Education,4,73.22,5.3,SES-2028,2024-06-25,Computer Science,8,Present
48990,20,Female,Social Sciences,2,74.84,10.5,SES-2004,2023-09-23,Engineering,1,Present
48990,20,Female,Social Sciences,2,74.84,10.5,SES-2025,2023-11-24,Engineering,3,Absent
48989,20,Female,Engineering,6,58.49,7.9,SES-2025,2023-11-24,Engineering,3,Present
48989,20,Female,Engineering,6,58.49,7.9,SES-2000,2023-10-24,Social Sciences,2,Present
48988,17,Female,Engineering,6,58.49,7.9,SES-2027,2024-04-05,Engineering,6,Present
48988,17,Female,Engineering,6,58.49,7.9,SES-2041,2023-10-05,Business,2,Absent
48987,22,Female,Engineering,6,58.49,7.9,SES-2017,2024-03-23,Computer Science,4,Present
48985,21,Male,Education,6,60.93,2.8,SES-2041,2023-10-05,Business,2,Present
48985,21,Male,Education,6,60.93,2.8,SES-2026,2024-04-19,Business,5,Absent
48985,21,Male,Education,6,60.93,2.8,SES-2043,2024-05-18,Education,7,Absent
48981,23,Male,Business,5,71.43,13.8,SES-2036,2024-02-12,Education,4,Present
48980,17,Male,Business,5,71.43,13.8,SES-2046,2024-02-11,Computer Science,4,Present
48980,17,Male,Business,5,71.43,13.8,SES-2038,2023-11-27,Social Sciences,2,Present
48980,17,Male,Business,5,71.43,13.8,SES-2008,2024-03-04,Computer Science,4,Present
48980,17,Male,Business,5,71.43,13.8,SES-2004,2023-09-23,Engineering,1,Present
48980,17,Female,Computer Science,2,74.18,11.5,SES-2021,2024-02-26,Social Sciences,4,Present
48980,17,Male,Business,2,58.89,13.6,SES-2012,2024-04-19,Education,5,Present
48977,20,Male,Computer Science,3,66.05,6.9,SES-2013,2023-10-22,Education,2,Present
48977,20,Male,Computer Science,3,66.05,6.9,SES-2002,2023-11-02,Computer Science,2,Present
48977,20,Male,Computer Science,3,66.05,6.9,SES-2008,2024-03-04,Computer Science,4,Absent
48977,20,Male,Computer Science,3,66.05,6.9,SES-2027,2024-04-05,Engineering,6,Absent
48975,22,Female,Engineering,2,43.72,13.8,SES-2018,2023-11-06,Business,3,Present
48973,23,Female,Engineering,2,43.72,13.8,SES-2035,2023-11-28,Social Sciences,3,Absent
48973,23,Male,Business,3,47.02,5.1,SES-2014,2024-03-28,Education,5,Absent
48972,19,Male,Business,3,47.02,5.1,SES-2046,2024-02-11,Computer Science,4,Absent
48970,23,Female,Education,7,59.34,7.6,SES-2010,2024-03-24,Business,5,Present
48970,23,Female,Education,7,59.34,7.6,SES-2048,2023-09-03,Computer Science,1,Present
48969,21,Female,Education,7,59.34,7.6,SES-2016,2024-04-12,Social Sciences,6,Present
48969,21,Female,Education,7,59.34,7.6,SES-2027,2024-04-05,Engineering,6,Present
48969,21,Female,Education,7,59.34,7.6,SES-2026,2024-04-19,Business,5,Present
48968,20,Female,Social Sciences,1,77.16,8.0,SES-2039,2024-02-08,Engineering,4,Present
48968,20,Female,Social Sciences,1,77.16,8.0,SES-2023,2024-04-21,Business,6,Present
48967,21,Female,Social Sciences,1,77.16,8.0,SES-2012,2024-04-19,Education,5,Present
48967,21,Female,Social Sciences,1,77.16,8.0,SES-2021,2024-02-26,Social Sciences,4,Absent
48966,19,Female,Social Sciences,1,77.16,8.0,SES-2041,2023-10-05,Business,2,Absent
48964,20,Female,Education,5,67.35,10.2,SES-2038,2023-11-27,Social Sciences,2,Present
48963,20,Female,Education,5,67.35,10.2,SES-2032,2023-11-25,Social Sciences,2,Present
48962,22,Female,Education,5,67.35,10.2,SES-2044,2024-04-22,Social Sciences,5,Present
48961,19,Female,Education,5,67.35,10.2,SES-2014,2024-03-28,Education,5,Present
48961,19,Female,Education,5,67.35,10.2,SES-2028,2024-06-25,Computer Science,8,Present
48960,23,Male,Computer Science,6,54.94,5.0,SES-2006,2024-03-25,Education,5,Absent
48959,23,Male,Computer Science,6,54.94,5.0,SES-2037,2023-10-16,Computer Science,1,Present
48959,23,Male,Education,7,63.66,9.1,SES-2037,2023-10-16,Computer Science,1,Present
48959,23,Male,Education,7,63.66,9.1,SES-2023,2024-04-21,Business,6,Present
48959,23,Male,Education,7,63.66,9.1,SES-2025,2023-11-24,Engineering,3,Present
48955,19,Female,Education,5,83.69,12.2,SES-2018,2023-11-06,Business,3,Absent
48955,19,Female,Education,5,83.69,12.2,SES-2030,2024-05-13,Business,7,Absent
48952,22,Female,Education,4,56.19,15.0,SES-2019,2024-06-21,Engineering,7,Present
48952,22,Female,Education,4,56.19,15.0,SES-2011,2023-11-03,Engineering,2,Present
48952,22,Female,Education,4,56.19,15.0,SES-2022,2024-06-03,Education,7,Absent
48952,22,Female,Business,1,74.48,10.0,SES-2014,2024-03-28,Education,5,Present
48949,21,Female,Business,1,74.48,10.0,SES-2041,2023-10-05,Business,2,Present
48949,21,Female,Business,1,74.48,10.0,SES-2006,2024-03-25,Education,5,Absent
48947,22,Female,Business,1,74.48,10.0,SES-2019,2024-06-21,Engineering,7,Present
48946,22,Female,Social Sciences,6,82.69,15.7,SES-2030,2024-05-13,Business,7,Present
48944,18,Female,Education,4,68.95,11.9,SES-2045,2024-07-04,Education,8,Present
48942,24,Male,Social Sciences,2,69.08,7.1,SES-2002,2023-11-02,Computer Science,2,Absent
48942,24,Male,Social Sciences,2,69.08,7.1,SES-2041,2023-10-05,Business,2,Present
48942,24,Male,Social Sciences,2,69.08,7.1,SES-2020,2024-03-27,Computer Science,4,Present
48941,19,Male,Social Sciences,2,69.08,7.1,SES-2024,2024-06-05,Social Sciences,7,Present
48941,19,Male,Engineering,4,67.9,5.9,SES-2021,2024-02-26,Social Sciences,4,Absent
48941,19,Male,Engineering,4,67.9,5.9,SES-2022,2024-06-03,Education,7,Absent
48939,22,Male,Engineering,4,67.9,5.9,SES-2042,2023-12-17,Engineering,3,Present
48936,23,Male,Engineering,4,66.1,12.3,SES-2041,2023-10-05,Business,2,Present
48936,23,Male,Engineering,4,66.1,12.3,SES-2003,2023-10-08,Engineering,2,Present
48936,23,Male,Engineering,4,66.1,12.3,SES-2028,2024-06-25,Computer Science,8,Present
48935,25,Male,Education,5,51.71,4.5,SES-2015,2023-11-09,Business,2,Absent
48935,25,Male,Computer Science,6,68.17,7.9,SES-2036,2024-02-12,Education,4,Present
48935,25,Female,Business,6,71.19,8.9,SES-2043,2024-05-18,Education,7,Present
48935,25,Male,Computer Science,4,64.99,8.5,SES-2044,2024-04-22,Social Sciences,5,Absent
48933,21,Male,Computer Science,4,64.99,8.5,SES-2010,2024-03-24,Business,5,Absent
48933,21,Male,Computer Science,4,64.99,8.5,SES-2046,2024-02-11,Computer Science,4,Present
48933,21,Male,Computer Science,4,64.99,8.5,SES-2023,2024-04-21,Business,6,Present
48931,22,Female,Engineering,4,53.25,3.2,SES-2018,2023-11-06,Business,3,Absent
48931,22,Female,Engineering,4,53.25,3.2,SES-2001,2024-02-05,Computer Science,4,Absent
48927,25,Female,Engineering,5,53.39,11.1,SES-2044,2024-04-22,Social Sciences,5,Present
48927,25,Female,Social Sciences,6,55.25,8.4,SES-2032,2023-11-25,Social Sciences,2,Present
48927,25,Female,Social Sciences,6,55.25,8.4,SES-2040,2023-10-24,Business,2,Present
48924,22,Male,Education,8,42.15,6.2,SES-2000,2023-10-24,Social Sciences,2,Absent
48924,22,Male,Education,8,42.15,6.2,SES-2004,2023-09-23,Engineering,1,Absent
48924,22,Male,Education,2,68.73,9.0,SES-2001,2024-02-05,Computer Science,4,Absent
48921,20,Male,Education,2,68.73,9.0,SES-2025,2023-11-24,Engineering,3,Present
48921,20,Male,Education,2,68.73,9.0,SES-2010,2024-03-24,Business,5,Present
48921,20,Male,Business,2,53.48,9.6,SES-2018,2023-11-06,Business,3,Present
48921,20,Male,Business,2,53.48,9.6,SES-2032,2023-11-25,Social Sciences,2,Present
48920,21,Male,Business,2,53.48,9.6,SES-2013,2023-10-22,Education,2,Present
48920,21,Male,Business,2,53.48,9.6,SES-2014,2024-03-28,Education,5,Present
48920,21,Male,Social Sciences,3,71.56,6.4,SES-2028,2024-06-25,Computer Science,8,Present
48920,21,Male,Social Sciences,3,71.56,6.4,SES-2038,2023-11-27,Social Sciences,2,Present
48919,17,Male,Social Sciences,3,71.56,6.4,SES-2040,2023-10-24,Business,2,Present
48919,17,Male,Social Sciences,3,71.56,6.4,SES-2016,2024-04-12,Social Sciences,6,Present
48918,24,Male,Social Sciences,3,71.56,6.4,SES-2031,2024-07-18,Computer Science,8,Present
48913,19,Male,Social Sciences,3,84.93,5.6,SES-2029,2023-10-21,Education,2,Present
48913,19,Male,Education,2,59.24,8.2,SES-2006,2024-03-25,Education,5,Present
48912,22,Male,Engineering,2,53.62,9.6,SES-2019,2024-06-21,Engineering,7,Present
48912,22,Male,Engineering,2,53.62,9.6,SES-2034,2024-06-24,Social Sciences,8,Present
48912,22,Male,Engineering,2,53.62,9.6,SES-2008,2024-03-04,Computer Science,4,Present
48912,22,Male,Engineering,2,53.62,9.6,SES-2010,2024-03-24,Business,5,Present
48912,22,Male,Engineering,2,53.62,9.6,SES-2031,2024-07-18,Computer Science,8,Absent
48910,21,Male,Computer Science,5,62.46,6.4,SES-2010,2024-03-24,Business,5,Present
48910,21,Male,Computer Science,5,62.46,6.4,SES-2002,2023-11-02,Computer Science,2,Present
48910,21,Male,Computer Science,5,62.46,6.4,SES-2012,2024-04-19,Education,5,Present
48910,21,Male,Education,4,67.02,6.2,SES-2028,2024-06-25,Computer Science,8,Present
48909,21,Male,Education,4,67.02,6.2,SES-2014,2024-03-28,Education,5,Present
48907,21,Female,Computer Science,4,63.32,9.9,SES-2016,2024-04-12,Social Sciences,6,Present
48904,18,Female,Education,3,88.13,12.3,SES-2023,2024-04-21,Business,6,Present
48904,18,Female,Education,3,88.13,12.3,SES-2044,2024-04-22,Social Sciences,5,Present
48903,22,Female,Education,3,88.13,12.3,SES-2049,2024-04-17,Education,6,Present
48903,22,Female,Education,3,88.13,12.3,SES-2024,2024-06-05,Social Sciences,7,Absent
48903,22,Female,Education,3,88.13,12.3,SES-2025,2023-11-24,Engineering,3,Present
48903,22,Male,Computer Science,4,58.14,6.6,SES-2036,2024-02-12,Education,4,Present
48903,22,Male,Computer Science,4,58.14,6.6,SES-2004,2023-09-23,Engineering,1,Present
48902,19,Male,Computer Science,4,58.14,6.6,SES-2013,2023-10-22,Education,2,Present
48902,19,Male,Computer Science,4,58.14,6.6,SES-2032,2023-11-25,Social Sciences,2,Present
48901,20,Male,Business,2,90.31,7.5,SES-2046,2024-02-11,Computer Science,4,Present
48901,20,Male,Computer Science,1,51.76,5.0,SES-2014,2024-03-28,Education,5,Present
48899,20,Male,Computer Science,1,51.76,5.0,SES-2002,2023-11-02,Computer Science,2,Present
48898,17,Male,Computer Science,1,51.76,5.0,SES-2048,2023-09-03,Computer Science,1,Present
48898,17,Male,Computer Science,1,51.76,5.0,SES-2035,2023-11-28,Social Sciences,3,Present
48897,17,Female,Engineering,3,71.03,7.8,SES-2029,2023-10-21,Education,2,Absent
48895,18,Female,Engineering,3,71.03,7.8,SES-2009,2024-05-12,Social Sciences,7,Present
48892,19,Female,Engineering,1,46.61,15.3,SES-2001,2024-02-05,Computer Science,4,Absent
48892,19,Female,Engineering,1,46.61,15.3,SES-2041,2023-10-05,Business,2,Present
48890,24,Female,Business,2,74.52,13.4,SES-2017,2024-03-23,Computer Science,4,Present
48885,20,Male,Business,1,81.41,16.3,SES-2000,2023-10-24,Social Sciences,2,Present
48884,21,Male,Business,1,81.41,16.3,SES-2029,2023-10-21,Education,2,Present
48884,21,Male,Business,1,81.41,16.3,SES-2034,2024-06-24,Social Sciences,8,Present
48884,21,Male,Business,1,81.41,16.3,SES-2031,2024-07-18,Computer Science,8,Present
48884,21,Male,Business,1,81.41,16.3,SES-2038,2023-11-27,Social Sciences,2,Present
48881,22,Female,Computer Science,4,65.7,9.9,SES-2025,2023-11-24,Engineering,3,Absent
48881,22,Female,Computer Science,4,65.7,9.9,SES-2015,2023-11-09,Business,2,Present
48880,22,Female,Computer Science,4,65.7,9.9,SES-2016,2024-04-12,Social Sciences,6,Present
48880,22,Female,Computer Science,4,65.7,9.9,SES-2014,2024-03-28,Education,5,Present
48876,22,Female,Business,5,46.12,9.0,SES-2025,2023-11-24,Engineering,3,Present
48876,22,Female,Business,2,78.41,11.7,SES-2045,2024-07-04,Education,8,Present
48875,20,Female,Business,2,78.41,11.7,SES-2023,2024-04-21,Business,6,Present
48875,20,Female,Business,2,78.41,11.7,SES-2048,2023-09-03,Computer Science,1,Present
48875,20,Female,Engineering,6,47.17,13.1,SES-2031,2024-07-18,Computer Science,8,Absent
48874,18,Female,Engineering,6,47.17,13.1,SES-2032,2023-11-25,Social Sciences,2,Absent
48874,18,Female,Computer Science,3,68.28,14.9,SES-2038,2023-11-27,Social Sciences,2,Absent
48873,23,Female,Computer Science,3,68.28,14.9,SES-2041,2023-10-05,Business,2,Present
48873,23,Female,Business,2,54.93,9.0,SES-2009,2024-05-12,Social Sciences,7,Present
48873,23,Female,Business,2,54.93,9.0,SES-2032,2023-11-25,Social Sciences,2,Present
48872,20,Female,Business,2,54.93,9.0,SES-2023,2024-04-21,Business,6,Absent
48872,20,Female,Business,6,88.96,10.8,SES-2025,2023-11-24,Engineering,3,Present
48872,20,Female,Business,6,88.96,10.8,SES-2044,2024-04-22,Social Sciences,5,Absent
48870,22,Female,Education,5,52.21,10.6,SES-2004,2023-09-23,Engineering,1,Present
48866,20,Male,Education,8,62.37,5.7,SES-2008,2024-03-04,Computer Science,4,Present
48866,20,Male,Education,8,62.37,5.7,SES-2009,2024-05-12,Social Sciences,7,Present
48865,24,Male,Education,3,50.12,7.2,SES-2001,2024-02-05,Computer Science,4,Present
48859,22,Female,Business,5,74.62,12.8,SES-2001,2024-02-05,Computer Science,4,Absent
48857,18,Female,Social Sciences,7,57.92,9.8,SES-2018,2023-11-06,Business,3,Present
48857,18,Female,Social Sciences,7,57.92,9.8,SES-2019,2024-06-21,Engineering,7,Absent
48857,18,Female,Social Sciences,7,57.92,9.8,SES-2049,2024-04-17,Education,6,Present
48857,18,Female,Social Sciences,7,57.92,9.8,SES-2011,2023-11-03,Engineering,2,Present
48857,18,Female,Social Sciences,7,57.92,9.8,SES-2010,2024-03-24,Business,5,Present
48855,24,Female,Engineering,1,77.35,10.1,SES-2043,2024-05-18,Education,7,Absent
48855,24,Female,Engineering,1,77.35,10.1,SES-2006,2024-03-25,Education,5,Present
48854,17,Male,Engineering,2,58.39,10.2,SES-2000,2023-10-24,Social Sciences,2,Present
48853,18,Male,Engineering,2,58.39,10.2,SES-2048,2023-09-03,Computer Science,1,Present
48853,18,Male,Engineering,2,58.39,10.2,SES-2017,2024-03-23,Computer Science,4,Present
48853,18,Female,Business,5,71.98,7.7,SES-2000,2023-10-24,Social Sciences,2,Present
48852,18,Male,Business,6,61.55,6.2,SES-2033,2023-11-14,Education,2,Absent
48852,18,Male,Business,6,61.55,6.2,SES-2013,2023-10-22,Education,2,Present
48852,18,Male,Business,6,61.55,6.2,SES-2049,2024-04-17,Education,6,Present
48850,20,Male,Social Sciences,1,71.35,13.3,SES-2018,2023-11-06,Business,3,Present
48850,20,Male,Social Sciences,1,71.35,13.3,SES-2031,2024-07-18,Computer Science,8,Present
48850,20,Female,Engineering,8,88.2,7.1,SES-2035,2023-11-28,Social Sciences,3,Present
48850,20,Female,Engineering,8,88.2,7.1,SES-2010,2024-03-24,Business,5,Absent
48850,20,Female,Engineering,8,88.2,7.1,SES-2042,2023-12-17,Engineering,3,Absent
48849,22,Female,Engineering,8,88.2,7.1,SES-2014,2024-03-28,Education,5,Present
48847,20,Male,Engineering,1,72.33,12.3,SES-2019,2024-06-21,Engineering,7,Present
48846,23,Male,Engineering,1,72.33,12.3,SES-2038,2023-11-27,Social Sciences,2,Absent
48846,23,Male,Engineering,1,72.33,12.3,SES-2013,2023-10-22,Education,2,Present
48845,19,Female,Education,8,80.38,8.6,SES-2047,2024-02-01,Computer Science,4,Present
48845,19,Female,Education,8,80.38,8.6,SES-2027,2024-04-05,Engineering,6,Present
48845,19,Female,Education,8,80.38,8.6,SES-2029,2023-10-21,Education,2,Present
48844,25,Male,Engineering,3,75.46,4.0,SES-2031,2024-07-18,Computer Science,8,Absent
48844,25,Male,Engineering,3,75.46,4.0,SES-2043,2024-05-18,Education,7,Absent
48843,22,Male,Engineering,5,81.11,8.6,SES-2011,2023-11-03,Engineering,2,Present
48843,22,Male,Engineering,5,81.11,8.6,SES-2010,2024-03-24,Business,5,Present
48842,17,Male,Engineering,5,81.11,8.6,SES-2045,2024-07-04,Education,8,Present
48842,17,Male,Engineering,5,58.23,9.3,SES-2012,2024-04-19,Education,5,Present
48841,19,Male,Education,8,58.91,7.4,SES-2041,2023-10-05,Business,2,Absent
48840,21,Male,Education,8,58.91,7.4,SES-2025,2023-11-24,Engineering,3,Present
48840,21,Male,Education,8,58.91,7.4,SES-2046,2024-02-11,Computer Science,4,Present
48840,21,Male,Social Sciences,6,88.38,13.1,SES-2014,2024-03-28,Education,5,Present
48840,21,Male,Social Sciences,6,88.38,13.1,SES-2023,2024-04-21,Business,6,Present
48840,21,Male,Social Sciences,6,88.38,13.1,SES-2033,2023-11-14,Education,2,Present
48837,18,Female,Engineering,2,50.92,7.0,SES-2033,2023-11-14,Education,2,Present
48837,18,Male,Education,6,68.29,15.3,SES-2037,2023-10-16,Computer Science,1,Present
48837,18,Male,Education,6,68.29,15.3,SES-2044,2024-04-22,Social Sciences,5,Present
48837,18,Male,Education,6,68.29,15.3,SES-2012,2024-04-19,Education,5,Present
48837,18,Male,Education,6,68.29,15.3,SES-2022,2024-06-03,Education,7,Present
48837,18,Male,Engineering,1,54.12,8.5,SES-2032,2023-11-25,Social Sciences,2,Present
48837,18,Male,Engineering,1,54.12,8.5,SES-2011,2023-11-03,Engineering,2,Present
48837,18,Male,Engineering,1,54.12,8.5,SES-2049,2024-04-17,Education,6,Present
48836,24,Female,Engineering,3,59.38,6.6,SES-2039,2024-02-08,Engineering,4,Present
48836,24,Female,Engineering,3,59.38,6.6,SES-2035,2023-11-28,Social Sciences,3,Present
48836,24,Female,Engineering,3,59.38,6.6,SES-2027,2024-04-05,Engineering,6,Present
48834,20,Female,Engineering,3,59.38,6.6,SES-2024,2024-06-05,Social Sciences,7,Present
48834,20,Female,Engineering,3,59.38,6.6,SES-2014,2024-03-28,Education,5,Present
48834,20,Male,Education,2,49.92,12.2,SES-2047,2024-02-01,Computer Science,4,Absent
48832,20,Male,Education,2,49.92,12.2,SES-2046,2024-02-11,Computer Science,4,Absent
48832,20,Male,Education,2,49.92,12.2,SES-2022,2024-06-03,Education,7,Absent
48832,20,Male,Education,2,49.92,12.2,SES-2028,2024-06-25,Computer Science,8,Absent
48832,20,Female,Computer Science,3,68.64,9.0,SES-2036,2024-02-12,Education,4,Present
48832,20,Female,Computer Science,3,68.64,9.0,SES-2037,2023-10-16,Computer Science,1,Present
48831,23,Female,Computer Science,3,68.64,9.0,SES-2049,2024-04-17,Education,6,Present
48831,23,Female,Computer Science,3,68.64,9.0,SES-2000,2023-10-24,Social Sciences,2,Present
48828,20,Male,Social Sciences,6,52.7,4.5,SES-2007,2024-06-09,Education,7,Absent
48826,23,Male,Social Sciences,1,45.87,4.3,SES-2038,2023-11-27,Social Sciences,2,Present
48826,23,Male,Social Sciences,1,45.87,4.3,SES-2034,2024-06-24,Social Sciences,8,Present
48826,23,Male,Social Sciences,1,45.87,4.3,SES-2020,2024-03-27,Computer Science,4,Absent
48826,23,Female,Engineering,3,91.99,10.5,SES-2012,2024-04-19,Education,5,Present
48825,20,Female,Engineering,3,91.99,10.5,SES-2034,2024-06-24,Social Sciences,8,Present
48825,20,Female,Engineering,3,91.99,10.5,SES-2030,2024-05-13,Business,7,Present
48825,20,Female,Engineering,3,91.99,10.5,SES-2047,2024-02-01,Computer Science,4,Present
48825,20,Male,Social Sciences,4,57.18,6.6,SES-2040,2023-10-24,Business,2,Absent
48824,21,Male,Social Sciences,4,57.18,6.6,SES-2015,2023-11-09,Business,2,Present
48824,21,Male,Social Sciences,4,57.18,6.6,SES-2000,2023-10-24,Social Sciences,2,Absent
48823,24,Male,Social Sciences,4,57.18,6.6,SES-2045,2024-07-04,Education,8,Present
48822,19,Female,Computer Science,1,47.75,8.0,SES-2044,2024-04-22,Social Sciences,5,Absent
48822,19,Female,Computer Science,1,47.75,8.0,SES-2009,2024-05-12,Social Sciences,7,Absent
48822,19,Female,Computer Science,1,47.75,8.0,SES-2035,2023-11-28,Social Sciences,3,Present
48821,25,Female,Social Sciences,6,76.95,10.0,SES-2027,2024-04-05,Engineering,6,Present
48821,25,Female,Social Sciences,6,76.95,10.0,SES-2048,2023-09-03,Computer Science,1,Present
48820,21,Female,Social Sciences,6,76.95,10.0,SES-2020,2024-03-27,Computer Science,4,Absent
48819,17,Male,Engineering,5,51.22,5.0,SES-2008,2024-03-04,Computer Science,4,Present
48819,17,Male,Engineering,5,51.22,5.0,SES-2018,2023-11-06,Business,3,Present
48819,17,Male,Engineering,5,51.22,5.0,SES-2033,2023-11-14,Education,2,Present
48819,17,Female,Social Sciences,2,74.01,5.2,SES-2046,2024-02-11,Computer Science,4,Present
48818,22,Female,Computer Science,6,77.54,11.7,SES-2003,2023-10-08,Engineering,2,Present
48818,22,Female,Computer Science,6,77.54,11.7,SES-2017,2024-03-23,Computer Science,4,Present
48818,22,Male,Business,6,77.59,10.6,SES-2001,2024-02-05,Computer Science,4,Present
48818,22,Male,Business,6,77.59,10.6,SES-2011,2023-11-03,Engineering,2,Present
48817,19,Male,Computer Science,2,49.63,9.2,SES-2018,2023-11-06,Business,3,Present
48817,19,Male,Education,1,61.33,9.8,SES-2024,2024-06-05,Social Sciences,7,Present
48817,19,Male,Education,1,61.33,9.8,SES-2005,2024-05-15,Engineering,7,Present
48816,22,Male,Engineering,4,80.63,8.4,SES-2008,2024-03-04,Computer Science,4,Present
48816,22,Female,Computer Science,3,52.09,10.3,SES-2014,2024-03-28,Education,5,Absent
48816,22,Female,Computer Science,3,52.09,10.3,SES-2025,2023-11-24,Engineering,3,Absent
48815,22,Female,Computer Science,3,52.09,10.3,SES-2023,2024-04-21,Business,6,Present
48812,23,Male,Engineering,2,70.23,8.5,SES-2004,2023-09-23,Engineering,1,Present
48812,23,Male,Engineering,2,70.23,8.5,SES-2006,2024-03-25,Education,5,Present
48812,23,Male,Engineering,2,70.23,8.5,SES-2024,2024-06-05,Social Sciences,7,Present
48812,23,Male,Engineering,2,60.18,10.0,SES-2008,2024-03-04,Computer Science,4,Present
48810,17,Female,Engineering,3,66.1,6.0,SES-2010,2024-03-24,Business,5,Absent
48810,17,Female,Engineering,3,66.1,6.0,SES-2047,2024-02-01,Computer Science,4,Present
48810,17,Female,Engineering,3,66.1,6.0,SES-2045,2024-07-04,Education,8,Absent
48809,19,Male,Education,6,92.9,13.1,SES-2031,2024-07-18,Computer Science,8,Present
48809,19,Male,Education,6,92.9,13.1,SES-2018,2023-11-06,Business,3,Absent
48809,19,Male,Education,6,92.9,13.1,SES-2022,2024-06-03,Education,7,Present
48807,19,Female,Engineering,2,72.04,12.7,SES-2034,2024-06-24,Social Sciences,8,Present
48807,19,Male,Computer Science,6,82.15,9.8,SES-2016,2024-04-12,Social Sciences,6,Present
48806,22,Male,Computer Science,6,82.15,9.8,SES-2035,2023-11-28,Social Sciences,3,Present
48806,22,Male,Computer Science,6,82.15,9.8,SES-2022,2024-06-03,Education,7,Present
48806,22,Male,Computer Science,6,82.15,9.8,SES-2006,2024-03-25,Education,5,Present
48805,22,Male,Business,2,76.46,8.8,SES-2012,2024-04-19,Education,5,Present
48805,22,Male,Business,2,76.46,8.8,SES-2008,2024-03-04,Computer Science,4,Present
48805,22,Male,Business,2,76.46,8.8,SES-2044,2024-04-22,Social Sciences,5,Present
48802,21,Male,Social Sciences,3,74.71,6.8,SES-2025,2023-11-24,Engineering,3,Present
48801,21,Male,Social Sciences,3,74.71,6.8,SES-2041,2023-10-05,Business,2,Present
48801,21,Male,Social Sciences,3,74.71,6.8,SES-2029,2023-10-21,Education,2,Present
48792,20,Male,Social Sciences,2,71.66,8.9,SES-2044,2024-04-22,Social Sciences,5,Absent
48791,22,Male,Social Sciences,3,76.1,5.1,SES-2041,2023-10-05,Business,2,Absent
48791,22,Male,Social Sciences,3,76.1,5.1,SES-2040,2023-10-24,Business,2,Absent
48788,24,Female,Computer Science,7,69.63,3.9,SES-2001,2024-02-05,Computer Science,4,Absent
48788,24,Female,Computer Science,7,69.63,3.9,SES-2033,2023-11-14,Education,2,Present
48787,22,Female,Computer Science,7,69.63,3.9,SES-2037,2023-10-16,Computer Science,1,Absent
48787,22,Male,Education,7,72.05,4.1,SES-2021,2024-02-26,Social Sciences,4,Absent
48787,22,Male,Education,7,72.05,4.1,SES-2042,2023-12-17,Engineering,3,Present
48784,19,Female,Engineering,2,69.9,7.0,SES-2020,2024-03-27,Computer Science,4,Present
48783,24,Female,Engineering,2,69.9,7.0,SES-2043,2024-05-18,Education,7,Present
48782,21,Male,Education,7,85.19,8.6,SES-2031,2024-07-18,Computer Science,8,Present
48782,21,Male,Education,7,85.19,8.6,SES-2047,2024-02-01,Computer Science,4,Present
48781,22,Male,Education,7,85.19,8.6,SES-2004,2023-09-23,Engineering,1,Present
48779,18,Male,Business,6,41.9,14.8,SES-2025,2023-11-24,Engineering,3,Absent
48779,18,Male,Computer Science,1,48.77,5.4,SES-2030,2024-05-13,Business,7,Present
48779,18,Male,Computer Science,1,48.77,5.4,SES-2008,2024-03-04,Computer Science,4,Absent
48774,22,Male,Engineering,1,77.19,9.0,SES-2012,2024-04-19,Education,5,Present
48774,22,Male,Engineering,1,77.19,9.0,SES-2029,2023-10-21,Education,2,Present
48774,22,Female,Engineering,2,73.0,8.8,SES-2016,2024-04-12,Social Sciences,6,Present
48774,22,Female,Engineering,2,73.0,8.8,SES-2011,2023-11-03,Engineering,2,Present
48774,22,Female,Engineering,2,73.0,8.8,SES-2025,2023-11-24,Engineering,3,Present
48770,23,Male,Engineering,5,51.33,9.0,SES-2033,2023-11-14,Education,2,Present
48770,23,Male,Engineering,5,51.33,9.0,SES-2004,2023-09-23,Engineering,1,Present
48769,22,Male,Engineering,5,51.33,9.0,SES-2010,2024-03-24,Business,5,Present
48769,22,Male,Engineering,5,51.33,9.0,SES-2038,2023-11-27,Social Sciences,2,Present
48766,23,Female,Engineering,3,69.1,10.2,SES-2016,2024-04-12,Social Sciences,6,Present
48763,22,Female,Engineering,3,69.1,10.2,SES-2027,2024-04-05,Engineering,6,Present
48763,22,Female,Engineering,3,69.1,10.2,SES-2049,2024-04-17,Education,6,Present
48763,22,Female,Engineering,3,69.1,10.2,SES-2023,2024-04-21,Business,6,Present
48763,22,Female,Engineering,3,69.1,10.2,SES-2033,2023-11-14,Education,2,Absent
48762,24,Male,Engineering,7,63.42,9.5,SES-2018,2023-11-06,Business,3,Present
48762,24,Male,Engineering,7,63.42,9.5,SES-2038,2023-11-27,Social Sciences,2,Present
48762,24,Female,Education,2,82.12,14.6,SES-2045,2024-07-04,Education,8,Present
48762,24,Female,Education,2,82.12,14.6,SES-2023,2024-04-21,Business,6,Present
48762,24,Female,Education,3,75.14,10.2,SES-2022,2024-06-03,Education,7,Present
48760,25,Male,Engineering,4,65.65,13.0,SES-2020,2024-03-27,Computer Science,4,Present
48760,25,Male,Engineering,4,65.65,13.0,SES-2019,2024-06-21,Engineering,7,Absent
48760,25,Male,Engineering,4,65.65,13.0,SES-2016,2024-04-12,Social Sciences,6,Present
48760,25,Male,Engineering,4,65.65,13.0,SES-2000,2023-10-24,Social Sciences,2,Present
48760,25,Male,Engineering,4,65.65,13.0,SES-2021,2024-02-26,Social Sciences,4,Present
48757,27,Female,Engineering,8,64.71,7.2,SES-2041,2023-10-05,Business,2,Present
48757,27,Female,Computer Science,1,40.8,11.5,SES-2040,2023-10-24,Business,2,Absent
48757,27,Male,Computer Science,6,85.01,10.4,SES-2033,2023-11-14,Education,2,Present
48753,19,Female,Computer Science,1,60.07,12.8,SES-2045,2024-07-04,Education,8,Present
48752,19,Female,Computer Science,1,60.07,12.8,SES-2025,2023-11-24,Engineering,3,Present
48752,19,Female,Computer Science,1,60.07,12.8,SES-2035,2023-11-28,Social Sciences,3,Present
48750,22,Male,Business,1,59.34,5.8,SES-2037,2023-10-16,Computer Science,1,Present
48749,23,Male,Business,1,59.34,5.8,SES-2046,2024-02-11,Computer Science,4,Present
48749,23,Male,Business,1,59.34,5.8,SES-2041,2023-10-05,Business,2,Present
48748,23,Male,Computer Science,4,75.83,11.8,SES-2030,2024-05-13,Business,7,Present
48748,23,Male,Computer Science,4,75.83,11.8,SES-2009,2024-05-12,Social Sciences,7,Present
48748,23,Male,Computer Science,4,75.83,11.8,SES-2025,2023-11-24,Engineering,3,Present
48746,18,Male,Computer Science,6,53.16,11.9,SES-2019,2024-06-21,Engineering,7,Present
48746,18,Male,Computer Science,6,53.16,11.9,SES-2035,2023-11-28,Social Sciences,3,Absent
48745,23,Male,Business,7,86.77,11.9,SES-2005,2024-05-15,Engineering,7,Present
48745,23,Male,Business,7,86.77,11.9,SES-2014,2024-03-28,Education,5,Present
48741,21,Male,Business,7,86.77,11.9,SES-2031,2024-07-18,Computer Science,8,Present
48740,22,Male,Engineering,5,52.03,9.8,SES-2032,2023-11-25,Social Sciences,2,Present
48740,22,Male,Engineering,5,52.03,9.8,SES-2016,2024-04-12,Social Sciences,6,Present
48739,19,Male,Engineering,5,52.03,9.8,SES-2044,2024-04-22,Social Sciences,5,Present
48739,19,Male,Engineering,5,52.03,9.8,SES-2039,2024-02-08,Engineering,4,Absent
48736,25,Female,Business,6,86.92,9.6,SES-2002,2023-11-02,Computer Science,2,Present
48735,22,Female,Engineering,5,84.78,11.2,SES-2001,2024-02-05,Computer Science,4,Present
48735,22,Female,Engineering,5,84.78,11.2,SES-2015,2023-11-09,Business,2,Present
48735,22,Female,Engineering,5,84.78,11.2,SES-2009,2024-05-12,Social Sciences,7,Present
48735,22,Female,Engineering,5,84.78,11.2,SES-2007,2024-06-09,Education,7,Absent
48730,19,Male,Computer Science,2,67.72,7.0,SES-2003,2023-10-08,Engineering,2,Present
48730,19,Male,Computer Science,2,67.72,7.0,SES-2031,2024-07-18,Computer Science,8,Present
48730,19,Male,Computer Science,2,67.72,7.0,SES-2043,2024-05-18,Education,7,Absent
48729,20,Male,Business,6,74.69,4.2,SES-2030,2024-05-13,Business,7,Absent
48728,24,Male,Business,6,74.69,4.2,SES-2009,2024-05-12,Social Sciences,7,Absent
48720,24,Female,Social Sciences,2,78.35,5.9,SES-2027,2024-04-05,Engineering,6,Present
48720,24,Female,Social Sciences,2,78.35,5.9,SES-2038,2023-11-27,Social Sciences,2,Present
48720,24,Female,Social Sciences,2,78.35,5.9,SES-2045,2024-07-04,Education,8,Present
48718,19,Female,Social Sciences,2,78.35,5.9,SES-2011,2023-11-03,Engineering,2,Present
48718,19,Female,Social Sciences,2,78.35,5.9,SES-2024,2024-06-05,Social Sciences,7,Present
48718,19,Female,Computer Science,1,80.1,12.5,SES-2000,2023-10-24,Social Sciences,2,Absent
48718,19,Female,Computer Science,1,80.1,12.5,SES-2049,2024-04-17,Education,6,Present
48718,19,Female,Education,8,70.01,5.7,SES-2025,2023-11-24,Engineering,3,Present
48717,20,Female,Education,8,70.01,5.7,SES-2042,2023-12-17,Engineering,3,Present
48716,22,Female,Engineering,2,86.39,7.7,SES-2014,2024-03-28,Education,5,Present
48714,22,Female,Engineering,1,58.8,3.3,SES-2036,2024-02-12,Education,4,Absent
48712,19,Male,Computer Science,6,52.71,9.3,SES-2023,2024-04-21,Business,6,Present
48710,25,Male,Education,6,55.32,5.7,SES-2016,2024-04-12,Social Sciences,6,Absent
48710,25,Male,Education,6,55.32,5.7,SES-2029,2023-10-21,Education,2,Present
48710,25,Male,Computer Science,1,77.84,9.4,SES-2022,2024-06-03,Education,7,Present
48706,26,Female,Education,4,50.93,4.8,SES-2031,2024-07-18,Computer Science,8,Absent
48700,22,Male,Education,3,84.91,12.7,SES-2006,2024-03-25,Education,5,Present
48700,22,Male,Education,3,84.91,12.7,SES-2047,2024-02-01,Computer Science,4,Absent
48700,22,Male,Education,3,84.91,12.7,SES-2015,2023-11-09,Business,2,Present
48699,23,Male,Education,3,84.91,12.7,SES-2025,2023-11-24,Engineering,3,Present
48699,23,Female,Education,6,80.81,14.5,SES-2047,2024-02-01,Computer Science,4,Present
48699,23,Female,Education,6,80.81,14.5,SES-2019,2024-06-21,Engineering,7,Present
48699,23,Female,Education,6,80.81,14.5,SES-2031,2024-07-18,Computer Science,8,Present
48698,18,Female,Education,6,80.81,14.5,SES-2020,2024-03-27,Computer Science,4,Absent
48698,18,Female,Education,6,80.81,14.5,SES-2016,2024-04-12,Social Sciences,6,Present
48698,18,Male,Engineering,5,70.85,12.5,SES-2041,2023-10-05,Business,2,Present
48696,22,Female,Computer Science,7,57.13,7.2,SES-2003,2023-10-08,Engineering,2,Present
48696,22,Female,Computer Science,7,57.13,7.2,SES-2002,2023-11-02,Computer Science,2,Present
48696,22,Female,Computer Science,7,57.13,7.2,SES-2024,2024-06-05,Social Sciences,7,Present
48695,23,Female,Computer Science,7,57.13,7.2,SES-2001,2024-02-05,Computer Science,4,Present
48692,17,Female,Engineering,4,53.23,8.5,SES-2031,2024-07-18,Computer Science,8,Present
48692,17,Female,Engineering,4,53.23,8.5,SES-2000,2023-10-24,Social Sciences,2,Present
48691,22,Female,Engineering,4,53.23,8.5,SES-2007,2024-06-09,Education,7,Present
48691,22,Female,Engineering,4,53.23,8.5,SES-2032,2023-11-25,Social Sciences,2,Present
48690,23,Female,Engineering,4,53.23,8.5,SES-2016,2024-04-12,Social Sciences,6,Present
48689,17,Female,Computer Science,7,72.15,9.3,SES-2027,2024-04-05,Engineering,6,Absent
48688,17,Female,Computer Science,7,72.15,9.3,SES-2005,2024-05-15,Engineering,7,Present
48688,17,Female,Social Sciences,4,53.8,6.5,SES-2028,2024-06-25,Computer Science,8,Present
48688,17,Female,Social Sciences,4,53.8,6.5,SES-2016,2024-04-12,Social Sciences,6,Present
48688,17,Female,Social Sciences,4,53.8,6.5,SES-2025,2023-11-24,Engineering,3,Present
48687,24,Female,Computer Science,4,67.92,3.4,SES-2019,2024-06-21,Engineering,7,Absent
48687,24,Female,Computer Science,4,67.92,3.4,SES-2008,2024-03-04,Computer Science,4,Absent
48686,22,Female,Computer Science,4,67.92,3.4,SES-2042,2023-12-17,Engineering,3,Absent
48686,22,Female,Computer Science,4,67.92,3.4,SES-2020,2024-03-27,Computer Science,4,Absent
48686,22,Female,Computer Science,4,67.92,3.4,SES-2010,2024-03-24,Business,5,Present
48686,22,Male,Computer Science,2,72.84,3.3,SES-2022,2024-06-03,Education,7,Absent
48685,25,Male,Computer Science,2,72.84,3.3,SES-2025,2023-11-24,Engineering,3,Absent
48685,25,Male,Computer Science,2,72.84,3.3,SES-2003,2023-10-08,Engineering,2,Absent
48683,24,Male,Computer Science,1,64.18,9.4,SES-2044,2024-04-22,Social Sciences,5,Present
48682,19,Female,Social Sciences,1,59.68,12.1,SES-2045,2024-07-04,Education,8,Present
48682,19,Female,Social Sciences,1,59.68,12.1,SES-2025,2023-11-24,Engineering,3,Present
48682,19,Female,Social Sciences,1,59.68,12.1,SES-2040,2023-10-24,Business,2,Present
48681,17,Female,Social Sciences,1,59.68,12.1,SES-2005,2024-05-15,Engineering,7,Present
48681,17,Male,Business,3,60.54,8.7,SES-2020,2024-03-27,Computer Science,4,Present
48681,17,Male,Business,3,60.54,8.7,SES-2022,2024-06-03,Education,7,Absent
48681,17,Male,Business,3,60.54,8.7,SES-2037,2023-10-16,Computer Science,1,Present
48680,23,Male,Business,3,60.54,8.7,SES-2027,2024-04-05,Engineering,6,Present
48680,23,Female,Business,7,62.34,5.0,SES-2000,2023-10-24,Social Sciences,2,Present
48677,18,Female,Social Sciences,1,74.01,13.2,SES-2020,2024-03-27,Computer Science,4,Present
48677,18,Female,Social Sciences,1,74.01,13.2,SES-2025,2023-11-24,Engineering,3,Present
48675,19,Female,Social Sciences,1,74.01,13.2,SES-2040,2023-10-24,Business,2,Present
48675,19,Female,Social Sciences,1,74.01,13.2,SES-2048,2023-09-03,Computer Science,1,Absent
48675,19,Female,Business,6,62.21,5.9,SES-2040,2023-10-24,Business,2,Present
48674,21,Female,Business,6,62.21,5.9,SES-2024,2024-06-05,Social Sciences,7,Present
48674,21,Female,Business,6,62.21,5.9,SES-2004,2023-09-23,Engineering,1,Present
48674,21,Female,Business,6,62.21,5.9,SES-2002,2023-11-02,Computer Science,2,Absent
48667,21,Male,Education,1,56.18,7.7,SES-2022,2024-06-03,Education,7,Absent
48667,21,Male,Education,1,56.18,7.7,SES-2018,2023-11-06,Business,3,Present
48667,21,Female,Business,1,67.9,10.2,SES-2028,2024-06-25,Computer Science,8,Present
48666,23,Female,Business,1,67.9,10.2,SES-2017,2024-03-23,Computer Science,4,Present
48665,18,Female,Business,1,67.9,10.2,SES-2031,2024-07-18,Computer Science,8,Present
48665,18,Male,Computer Science,8,77.33,12.9,SES-2005,2024-05-15,Engineering,7,Present
48664,24,Male,Computer Science,8,77.33,12.9,SES-2048,2023-09-03,Computer Science,1,Present
48664,24,Male,Computer Science,8,77.33,12.9,SES-2035,2023-11-28,Social Sciences,3,Present
48664,24,Female,Business,2,87.25,7.5,SES-2030,2024-05-13,Business,7,Present
48663,27,Female,Business,1,67.34,10.2,SES-2036,2024-02-12,Education,4,Present
48663,27,Female,Business,1,67.34,10.2,SES-2018,2023-11-06,Business,3,Present
48661,24,Female,Business,1,67.34,10.2,SES-2044,2024-04-22,Social Sciences,5,Present
48658,17,Male,Engineering,6,52.2,5.2,SES-2034,2024-06-24,Social Sciences,8,Present
48658,17,Male,Computer Science,6,47.69,5.8,SES-2012,2024-04-19,Education,5,Present
48658,17,Male,Computer Science,6,47.69,5.8,SES-2039,2024-02-08,Engineering,4,Absent
48657,20,Female,Computer Science,4,67.5,16.1,SES-2014,2024-03-28,Education,5,Present
48657,20,Female,Computer Science,4,67.5,16.1,SES-2003,2023-10-08,Engineering,2,Present
48657,20,Female,Computer Science,4,67.5,16.1,SES-2012,2024-04-19,Education,5,Present
48655,22,Female,Computer Science,4,67.5,16.1,SES-2035,2023-11-28,Social Sciences,3,Absent
48655,22,Female,Computer Science,4,67.5,16.1,SES-2046,2024-02-11,Computer Science,4,Absent
48655,22,Female,Computer Science,3,59.74,11.0,SES-2028,2024-06-25,Computer Science,8,Absent
48655,22,Female,Computer Science,3,59.74,11.0,SES-2006,2024-03-25,Education,5,Absent
48652,21,Female,Engineering,2,65.61,14.6,SES-2031,2024-07-18,Computer Science,8,Present
48652,21,Female,Engineering,2,65.61,14.6,SES-2007,2024-06-09,Education,7,Present
48652,21,Male,Business,4,73.48,8.8,SES-2020,2024-03-27,Computer Science,4,Present
48651,17,Male,Business,4,73.48,8.8,SES-2047,2024-02-01,Computer Science,4,Absent
48651,17,Male,Business,4,73.48,8.8,SES-2011,2023-11-03,Engineering,2,Absent
48651,17,Male,Social Sciences,2,71.93,6.5,SES-2038,2023-11-27,Social Sciences,2,Present
48651,17,Male,Social Sciences,2,71.93,6.5,SES-2025,2023-11-24,Engineering,3,Present
48650,18,Male,Education,2,49.56,9.7,SES-2008,2024-03-04,Computer Science,4,Present
48650,18,Male,Education,2,49.56,9.7,SES-2028,2024-06-25,Computer Science,8,Absent
48648,22,Male,Education,5,61.8,11.8,SES-2043,2024-05-18,Education,7,Present
48647,18,Male,Education,5,61.8,11.8,SES-2015,2023-11-09,Business,2,Present
48647,18,Male,Education,5,61.8,11.8,SES-2023,2024-04-21,Business,6,Present
48647,18,Male,Education,5,61.8,11.8,SES-2007,2024-06-09,Education,7,Present
48647,18,Male,Education,5,61.8,11.8,SES-2002,2023-11-02,Computer Science,2,Present
48643,20,Male,Computer Science,5,53.97,9.0,SES-2012,2024-04-19,Education,5,Present
48643,20,Male,Computer Science,5,53.97,9.0,SES-2046,2024-02-11,Computer Science,4,Present
48643,20,Male,Computer Science,5,53.97,9.0,SES-2005,2024-05-15,Engineering,7,Present
48643,20,Male,Computer Science,5,53.97,9.0,SES-2045,2024-07-04,Education,8,Absent
48643,20,Male,Computer Science,5,53.97,9.0,SES-2024,2024-06-05,Social Sciences,7,Present
48642,22,Female,Education,8,78.57,9.7,SES-2049,2024-04-17,Education,6,Present
48641,20,Female,Education,8,78.57,9.7,SES-2034,2024-06-24,Social Sciences,8,Present
48641,20,Female,Education,8,78.57,9.7,SES-2003,2023-10-08,Engineering,2,Present
48641,20,Female,Computer Science,2,52.74,4.9,SES-2028,2024-06-25,Computer Science,8,Present
48640,20,Female,Computer Science,2,52.74,4.9,SES-2002,2023-11-02,Computer Science,2,Absent
48640,20,Female,Computer Science,2,52.74,4.9,SES-2035,2023-11-28,Social Sciences,3,Absent
48640,20,Female,Computer Science,2,52.74,4.9,SES-2001,2024-02-05,Computer Science,4,Absent
48637,21,Male,Engineering,2,78.22,13.3,SES-2040,2023-10-24,Business,2,Present
48637,21,Male,Engineering,2,78.22,13.3,SES-2015,2023-11-09,Business,2,Present
48637,21,Male,Engineering,2,78.22,13.3,SES-2024,2024-06-05,Social Sciences,7,Present
48637,21,Male,Engineering,2,78.22,13.3,SES-2003,2023-10-08,Engineering,2,Present
48636,20,Male,Social Sciences,3,44.5,5.9,SES-2016,2024-04-12,Social Sciences,6,Present
48636,20,Male,Social Sciences,3,44.5,5.9,SES-2000,2023-10-24,Social Sciences,2,Present
48636,20,Male,Social Sciences,3,44.5,5.9,SES-2032,2023-11-25,Social Sciences,2,Absent
48635,22,Male,Social Sciences,3,44.5,5.9,SES-2035,2023-11-28,Social Sciences,3,Absent
48635,22,Male,Social Sciences,3,44.5,5.9,SES-2011,2023-11-03,Engineering,2,Present
48635,22,Male,Education,8,70.21,8.1,SES-2042,2023-12-17,Engineering,3,Absent
48632,21,Female,Computer Science,6,77.02,10.5,SES-2016,2024-04-12,Social Sciences,6,Absent
48632,21,Female,Computer Science,6,77.02,10.5,SES-2028,2024-06-25,Computer Science,8,Present
48631,21,Female,Computer Science,6,77.02,10.5,SES-2025,2023-11-24,Engineering,3,Present
48631,21,Female,Education,4,63.0,10.7,SES-2044,2024-04-22,Social Sciences,5,Present
48631,21,Female,Education,4,63.0,10.7,SES-2014,2024-03-28,Education,5,Present
48629,19,Female,Education,4,63.0,10.7,SES-2049,2024-04-17,Education,6,Present
48629,19,Female,Education,4,63.0,10.7,SES-2042,2023-12-17,Engineering,3,Present
48629,19,Female,Education,4,63.0,10.7,SES-2030,2024-05-13,Business,7,Present
48625,21,Female,Business,1,79.14,11.2,SES-2046,2024-02-11,Computer Science,4,Present
48625,21,Female,Business,1,79.14,11.2,SES-2037,2023-10-16,Computer Science,1,Present
48624,22,Female,Business,1,79.14,11.2,SES-2047,2024-02-01,Computer Science,4,Present
48623,22,Female,Business,1,79.14,11.2,SES-2041,2023-10-05,Business,2,Present
48621,24,Female,Education,4,58.94,8.7,SES-2045,2024-07-04,Education,8,Present
48620,24,Female,Education,4,58.94,8.7,SES-2046,2024-02-11,Computer Science,4,Absent
48620,24,Female,Education,4,58.94,8.7,SES-2014,2024-03-28,Education,5,Absent
48620,24,Male,Computer Science,3,59.9,6.3,SES-2019,2024-06-21,Engineering,7,Absent
48614,22,Female,Computer Science,8,68.7,8.6,SES-2022,2024-06-03,Education,7,Present
48613,21,Female,Computer Science,8,68.7,8.6,SES-2049,2024-04-17,Education,6,Present
48613,21,Female,Computer Science,8,68.7,8.6,SES-2013,2023-10-22,Education,2,Present
48613,21,Female,Computer Science,8,68.7,8.6,SES-2029,2023-10-21,Education,2,Present
48613,21,Female,Computer Science,8,68.7,8.6,SES-2003,2023-10-08,Engineering,2,Present
48611,23,Female,Engineering,1,59.97,5.9,SES-2031,2024-07-18,Computer Science,8,Present
48610,17,Female,Engineering,1,59.97,5.9,SES-2030,2024-05-13,Business,7,Present
48610,17,Male,Computer Science,1,69.24,7.5,SES-2015,2023-11-09,Business,2,Present
48610,17,Male,Computer Science,1,69.24,7.5,SES-2020,2024-03-27,Computer Science,4,Present
48610,17,Male,Computer Science,1,69.24,7.5,SES-2001,2024-02-05,Computer Science,4,Present
48610,17,Male,Social Sciences,3,55.06,8.6,SES-2022,2024-06-03,Education,7,Absent
48610,17,Male,Social Sciences,3,55.06,8.6,SES-2009,2024-05-12,Social Sciences,7,Present
48609,19,Male,Social Sciences,3,55.06,8.6,SES-2019,2024-06-21,Engineering,7,Present
48608,19,Male,Social Sciences,3,55.06,8.6,SES-2001,2024-02-05,Computer Science,4,Present
48608,19,Male,Social Sciences,3,55.06,8.6,SES-2025,2023-11-24,Engineering,3,Present
48608,19,Male,Engineering,5,65.64,12.1,SES-2022,2024-06-03,Education,7,Present
48608,19,Female,Education,2,69.63,10.3,SES-2040,2023-10-24,Business,2,Present
48608,19,Female,Education,2,69.63,10.3,SES-2022,2024-06-03,Education,7,Present
48607,23,Female,Education,2,69.63,10.3,SES-2034,2024-06-24,Social Sciences,8,Present
48607,23,Female,Education,2,69.63,10.3,SES-2029,2023-10-21,Education,2,Present
48606,17,Female,Computer Science,4,69.42,11.1,SES-2013,2023-10-22,Education,2,Present
48606,17,Female,Computer Science,4,69.42,11.1,SES-2029,2023-10-21,Education,2,Present
48604,23,Female,Engineering,2,58.14,4.8,SES-2011,2023-11-03,Engineering,2,Present
48604,23,Female,Engineering,2,58.14,4.8,SES-2031,2024-07-18,Computer Science,8,Present
48602,21,Male,Engineering,6,64.6,6.3,SES-2041,2023-10-05,Business,2,Absent
48600,22,Male,Engineering,6,64.6,6.3,SES-2019,2024-06-21,Engineering,7,Present
48600,22,Male,Engineering,6,64.6,6.3,SES-2007,2024-06-09,Education,7,Present
48600,22,Male,Computer Science,4,57.48,4.0,SES-2019,2024-06-21,Engineering,7,Present
48600,22,Female,Social Sciences,6,60.06,5.8,SES-2018,2023-11-06,Business,3,Absent
48599,19,Female,Social Sciences,6,60.06,5.8,SES-2034,2024-06-24,Social Sciences,8,Absent
48599,19,Female,Social Sciences,6,60.06,5.8,SES-2015,2023-11-09,Business,2,Present
48599,19,Female,Social Sciences,6,60.06,5.8,SES-2001,2024-02-05,Computer Science,4,Present
48598,24,Female,Social Sciences,6,60.06,5.8,SES-2049,2024-04-17,Education,6,Present
48598,24,Male,Computer Science,4,59.51,10.2,SES-2013,2023-10-22,Education,2,Present
48598,24,Male,Computer Science,4,59.51,10.2,SES-2015,2023-11-09,Business,2,Present
48598,24,Male,Computer Science,4,59.51,10.2,SES-2037,2023-10-16,Computer Science,1,Present
48598,24,Male,Computer Science,4,59.51,10.2,SES-2024,2024-06-05,Social Sciences,7,Present
48597,23,Male,Computer Science,4,59.51,10.2,SES-2041,2023-10-05,Business,2,Present
48597,23,Female,Business,5,82.74,11.3,SES-2000,2023-10-24,Social Sciences,2,Absent
48597,23,Female,Business,5,82.74,11.3,SES-2025,2023-11-24,Engineering,3,Present
48597,23,Female,Business,5,82.74,11.3,SES-2047,2024-02-01,Computer Science,4,Present
48597,23,Male,Engineering,8,60.9,6.7,SES-2040,2023-10-24,Business,2,Present
48596,23,Male,Engineering,8,60.9,6.7,SES-2039,2024-02-08,Engineering,4,Present
48596,23,Male,Engineering,8,60.9,6.7,SES-2001,2024-02-05,Computer Science,4,Present
48596,23,Male,Engineering,8,60.9,6.7,SES-2038,2023-11-27,Social Sciences,2,Absent
48594,22,Female,Computer Science,3,55.69,7.3,SES-2025,2023-11-24,Engineering,3,Present
48593,22,Female,Computer Science,3,55.69,7.3,SES-2045,2024-07-04,Education,8,Present
48593,22,Female,Computer Science,3,55.69,7.3,SES-2037,2023-10-16,Computer Science,1,Present
48591,17,Female,Computer Science,3,55.69,7.3,SES-2043,2024-05-18,Education,7,Present
48591,17,Female,Education,5,78.96,14.9,SES-2035,2023-11-28,Social Sciences,3,Absent
48591,17,Female,Education,5,78.96,14.9,SES-2038,2023-11-27,Social Sciences,2,Present
48591,17,Female,Social Sciences,3,72.42,7.0,SES-2009,2024-05-12,Social Sciences,7,Absent
48586,20,Female,Education,3,77.15,13.6,SES-2024,2024-06-05,Social Sciences,7,Present
48586,20,Female,Education,3,77.15,13.6,SES-2005,2024-05-15,Engineering,7,Absent
48586,20,Female,Education,3,77.15,13.6,SES-2015,2023-11-09,Business,2,Present
48586,20,Female,Education,3,77.15,13.6,SES-2000,2023-10-24,Social Sciences,2,Present
48584,21,Female,Engineering,3,71.37,12.0,SES-2046,2024-02-11,Computer Science,4,Present
48584,21,Female,Engineering,3,71.37,12.0,SES-2031,2024-07-18,Computer Science,8,Present
48584,21,Female,Engineering,3,71.37,12.0,SES-2014,2024-03-28,Education,5,Absent
48583,24,Female,Engineering,3,71.37,12.0,SES-2016,2024-04-12,Social Sciences,6,Present
48576,19,Male,Engineering,3,66.27,8.4,SES-2044,2024-04-22,Social Sciences,5,Present
48575,18,Male,Computer Science,7,47.0,10.2,SES-2029,2023-10-21,Education,2,Absent
48575,18,Male,Computer Science,7,47.0,10.2,SES-2008,2024-03-04,Computer Science,4,Absent
48573,20,Male,Computer Science,7,47.0,10.2,SES-2048,2023-09-03,Computer Science,1,Absent
48573,20,Female,Social Sciences,1,56.84,8.9,SES-2016,2024-04-12,Social Sciences,6,Present
48572,20,Female,Social Sciences,1,56.84,8.9,SES-2046,2024-02-11,Computer Science,4,Present
48571,20,Female,Education,8,65.06,7.8,SES-2031,2024-07-18,Computer Science,8,Present
48569,22,Male,Engineering,2,81.01,12.1,SES-2011,2023-11-03,Engineering,2,Present
48569,22,Male,Engineering,2,81.01,12.1,SES-2003,2023-10-08,Engineering,2,Present
48569,22,Male,Engineering,2,81.01,12.1,SES-2002,2023-11-02,Computer Science,2,Present
48569,22,Male,Education,5,56.25,2.6,SES-2021,2024-02-26,Social Sciences,4,Present
48567,20,Male,Education,1,53.5,7.4,SES-2000,2023-10-24,Social Sciences,2,Present
48567,20,Male,Education,1,53.5,7.4,SES-2028,2024-06-25,Computer Science,8,Present
48567,20,Female,Engineering,7,53.73,5.5,SES-2003,2023-10-08,Engineering,2,Present
48560,22,Female,Engineering,6,72.8,5.6,SES-2018,2023-11-06,Business,3,Present
48560,22,Female,Engineering,5,78.52,13.7,SES-2041,2023-10-05,Business,2,Present
48559,21,Female,Engineering,5,78.52,13.7,SES-2001,2024-02-05,Computer Science,4,Present
48559,21,Female,Engineering,5,78.52,13.7,SES-2002,2023-11-02,Computer Science,2,Absent
48558,22,Female,Engineering,5,78.52,13.7,SES-2017,2024-03-23,Computer Science,4,Present
48558,22,Female,Engineering,5,78.52,13.7,SES-2015,2023-11-09,Business,2,Present
48552,20,Female,Engineering,2,78.68,10.3,SES-2032,2023-11-25,Social Sciences,2,Present
48550,17,Male,Business,3,90.14,7.9,SES-2028,2024-06-25,Computer Science,8,Absent
48548,18,Male,Business,2,85.74,11.7,SES-2017,2024-03-23,Computer Science,4,Present
48548,18,Male,Business,2,85.74,11.7,SES-2032,2023-11-25,Social Sciences,2,Present
48548,18,Male,Business,2,85.74,11.7,SES-2007,2024-06-09,Education,7,Present
48548,18,Male,Business,2,85.74,11.7,SES-2049,2024-04-17,Education,6,Present
48546,17,Female,Social Sciences,1,61.76,10.4,SES-2010,2024-03-24,Business,5,Present
48543,20,Female,Engineering,2,61.26,6.9,SES-2044,2024-04-22,Social Sciences,5,Present
48542,17,Female,Engineering,2,61.26,6.9,SES-2023,2024-04-21,Business,6,Absent
48542,17,Female,Engineering,2,61.26,6.9,SES-2042,2023-12-17,Engineering,3,Present
48541,22,Female,Engineering,2,61.26,6.9,SES-2040,2023-10-24,Business,2,Present
48541,22,Female,Engineering,2,61.26,6.9,SES-2037,2023-10-16,Computer Science,1,Present
48536,20,Male,Computer Science,2,69.42,13.0,SES-2003,2023-10-08,Engineering,2,Present
48535,20,Male,Computer Science,2,69.42,13.0,SES-2023,2024-04-21,Business,6,Present
48534,19,Male,Computer Science,2,69.42,13.0,SES-2022,2024-06-03,Education,7,Present
48534,19,Male,Education,1,58.7,11.6,SES-2031,2024-07-18,Computer Science,8,Present
48533,21,Male,Education,1,58.7,11.6,SES-2021,2024-02-26,Social Sciences,4,Absent
48532,19,Male,Education,1,58.7,11.6,SES-2038,2023-11-27,Social Sciences,2,Present
48532,19,Male,Education,1,58.7,11.6,SES-2037,2023-10-16,Computer Science,1,Absent
48529,20,Female,Computer Science,5,83.97,10.6,SES-2005,2024-05-15,Engineering,7,Present
48529,20,Female,Computer Science,5,83.97,10.6,SES-2044,2024-04-22,Social Sciences,5,Present
48529,20,Female,Business,3,67.85,8.9,SES-2004,2023-09-23,Engineering,1,Absent
48529,20,Female,Business,3,67.85,8.9,SES-2032,2023-11-25,Social Sciences,2,Present
48528,23,Female,Business,3,67.85,8.9,SES-2045,2024-07-04,Education,8,Present
48528,23,Male,Social Sciences,1,76.18,10.2,SES-2003,2023-10-08,Engineering,2,Absent
48528,23,Male,Social Sciences,1,76.18,10.2,SES-2013,2023-10-22,Education,2,Present
48527,20,Male,Social Sciences,1,76.18,10.2,SES-2043,2024-05-18,Education,7,Present
48527,20,Male,Social Sciences,1,76.18,10.2,SES-2039,2024-02-08,Engineering,4,Present
48527,20,Male,Social Sciences,1,76.18,10.2,SES-2041,2023-10-05,Business,2,Present
48527,20,Female,Computer Science,6,43.91,7.0,SES-2012,2024-04-19,Education,5,Absent
48527,20,Female,Computer Science,6,43.91,7.0,SES-2020,2024-03-27,Computer Science,4,Present
48524,17,Female,Social Sciences,1,47.62,3.9,SES-2035,2023-11-28,Social Sciences,3,Present
48524,17,Female,Social Sciences,1,47.62,3.9,SES-2043,2024-05-18,Education,7,Present
48524,17,Female,Social Sciences,1,47.62,3.9,SES-2009,2024-05-12,Social Sciences,7,Absent
48519,23,Female,Engineering,4,66.2,7.5,SES-2009,2024-05-12,Social Sciences,7,Present
48519,23,Female,Engineering,5,61.77,10.2,SES-2049,2024-04-17,Education,6,Present
48519,23,Female,Engineering,5,61.77,10.2,SES-2046,2024-02-11,Computer Science,4,Present
48518,19,Female,Engineering,5,61.77,10.2,SES-2000,2023-10-24,Social Sciences,2,Present
48518,19,Female,Engineering,5,61.77,10.2,SES-2027,2024-04-05,Engineering,6,Present
48517,18,Female,Business,8,57.71,8.7,SES-2005,2024-05-15,Engineering,7,Present
48516,22,Female,Business,8,57.71,8.7,SES-2035,2023-11-28,Social Sciences,3,Present
48516,22,Female,Business,8,57.71,8.7,SES-2015,2023-11-09,Business,2,Present
48516,22,Female,Business,8,57.71,8.7,SES-2024,2024-06-05,Social Sciences,7,Present
48516,22,Female,Business,8,57.71,8.7,SES-2019,2024-06-21,Engineering,7,Absent
48514,20,Male,Education,2,79.08,10.2,SES-2049,2024-04-17,Education,6,Present
48512,19,Male,Education,2,79.08,10.2,SES-2037,2023-10-16,Computer Science,1,Absent
48512,19,Male,Education,2,79.08,10.2,SES-2041,2023-10-05,Business,2,Absent
48509,19,Female,Computer Science,7,48.1,4.9,SES-2022,2024-06-03,Education,7,Absent
48508,24,Female,Computer Science,7,48.1,4.9,SES-2012,2024-04-19,Education,5,Present
48498,22,Male,Computer Science,5,53.09,6.6,SES-2005,2024-05-15,Engineering,7,Present
48493,23,Male,Business,7,65.94,12.5,SES-2003,2023-10-08,Engineering,2,Absent
48493,23,Male,Business,7,65.94,12.5,SES-2012,2024-04-19,Education,5,Present
48493,23,Male,Business,7,65.94,12.5,SES-2020,2024-03-27,Computer Science,4,Present
48493,23,Male,Business,7,65.94,12.5,SES-2002,2023-11-02,Computer Science,2,Present
48492,21,Male,Business,8,66.53,5.4,SES-2041,2023-10-05,Business,2,Present
48492,21,Male,Business,8,66.53,5.4,SES-2027,2024-04-05,Engineering,6,Present
48492,21,Male,Business,8,66.53,5.4,SES-2034,2024-06-24,Social Sciences,8,Present
48492,21,Female,Business,6,55.67,5.8,SES-2009,2024-05-12,Social Sciences,7,Present
48492,21,Female,Business,6,55.67,5.8,SES-2007,2024-06-09,Education,7,Present
48488,21,Male,Education,6,68.58,10.2,SES-2004,2023-09-23,Engineering,1,Present
48488,21,Male,Education,6,68.58,10.2,SES-2015,2023-11-09,Business,2,Absent
48488,21,Female,Computer Science,7,76.73,5.8,SES-2039,2024-02-08,Engineering,4,Present
48485,19,Female,Computer Science,5,79.42,10.5,SES-2041,2023-10-05,Business,2,Present
48485,19,Female,Computer Science,5,79.42,10.5,SES-2013,2023-10-22,Education,2,Absent
48485,19,Female,Computer Science,5,79.42,10.5,SES-2011,2023-11-03,Engineering,2,Present
48483,22,Female,Computer Science,5,79.42,10.5,SES-2012,2024-04-19,Education,5,Present
48481,17,Female,Social Sciences,4,61.79,9.9,SES-2049,2024-04-17,Education,6,Present
48479,22,Male,Engineering,4,58.4,5.8,SES-2003,2023-10-08,Engineering,2,Present
48479,22,Male,Engineering,4,58.4,5.8,SES-2046,2024-02-11,Computer Science,4,Present
48479,22,Male,Engineering,4,58.4,5.8,SES-2015,2023-11-09,Business,2,Present
48479,22,Male,Engineering,4,58.4,5.8,SES-2044,2024-04-22,Social Sciences,5,Present
48478,22,Male,Computer Science,7,53.84,8.4,SES-2002,2023-11-02,Computer Science,2,Present
48478,22,Male,Computer Science,7,53.84,8.4,SES-2032,2023-11-25,Social Sciences,2,Present
48477,20,Male,Computer Science,7,53.84,8.4,SES-2035,2023-11-28,Social Sciences,3,Present
48476,17,Male,Computer Science,7,53.84,8.4,SES-2018,2023-11-06,Business,3,Present
48472,19,Male,Engineering,6,65.78,10.0,SES-2023,2024-04-21,Business,6,Present
48471,21,Male,Engineering,6,65.78,10.0,SES-2003,2023-10-08,Engineering,2,Absent
48471,21,Female,Education,3,76.5,8.6,SES-2024,2024-06-05,Social Sciences,7,Present
48471,21,Female,Education,3,76.5,8.6,SES-2027,2024-04-05,Engineering,6,Present
48471,21,Female,Education,3,76.5,8.6,SES-2029,2023-10-21,Education,2,Present
48471,21,Female,Education,3,76.5,8.6,SES-2018,2023-11-06,Business,3,Present
48470,21,Female,Education,3,76.5,8.6,SES-2040,2023-10-24,Business,2,Present
48467,19,Male,Computer Science,7,72.39,10.4,SES-2011,2023-11-03,Engineering,2,Present
48467,19,Male,Computer Science,7,72.39,10.4,SES-2041,2023-10-05,Business,2,Present
48465,19,Male,Computer Science,4,72.76,8.4,SES-2015,2023-11-09,Business,2,Present
48465,19,Female,Computer Science,8,62.28,9.5,SES-2025,2023-11-24,Engineering,3,Present
48465,19,Female,Computer Science,8,62.28,9.5,SES-2042,2023-12-17,Engineering,3,Present
48465,19,Male,Engineering,5,75.67,11.5,SES-2006,2024-03-25,Education,5,Present
48465,19,Male,Engineering,5,75.67,11.5,SES-2020,2024-03-27,Computer Science,4,Present
48465,19,Male,Engineering,5,75.67,11.5,SES-2040,2023-10-24,Business,2,Absent
48465,19,Female,Business,4,45.56,4.8,SES-2007,2024-06-09,Education,7,Absent
48464,23,Female,Business,4,45.56,4.8,SES-2010,2024-03-24,Business,5,Absent
48464,23,Female,Business,4,45.56,4.8,SES-2024,2024-06-05,Social Sciences,7,Absent
48464,23,Female,Business,5,82.81,7.9,SES-2030,2024-05-13,Business,7,Present
48464,23,Male,Business,8,66.15,13.1,SES-2049,2024-04-17,Education,6,Present
48464,23,Male,Business,8,66.15,13.1,SES-2036,2024-02-12,Education,4,Absent
48463,23,Female,Engineering,2,72.95,9.8,SES-2016,2024-04-12,Social Sciences,6,Present
48463,23,Female,Engineering,2,72.95,9.8,SES-2027,2024-04-05,Engineering,6,Present
48461,20,Female,Computer Science,8,52.44,5.5,SES-2019,2024-06-21,Engineering,7,Present
48460,19,Female,Computer Science,8,52.44,5.5,SES-2048,2023-09-03,Computer Science,1,Present
48460,19,Female,Computer Science,8,52.44,5.5,SES-2030,2024-05-13,Business,7,Present
48460,19,Female,Business,6,73.6,9.9,SES-2023,2024-04-21,Business,6,Present
48458,20,Male,Business,2,72.84,6.9,SES-2017,2024-03-23,Computer Science,4,Present
48457,20,Male,Business,8,67.31,8.7,SES-2025,2023-11-24,Engineering,3,Present
48457,20,Male,Business,8,67.31,8.7,SES-2017,2024-03-23,Computer Science,4,Present
48457,20,Male,Business,8,67.31,8.7,SES-2007,2024-06-09,Education,7,Present
48457,20,Male,Business,8,67.31,8.7,SES-2010,2024-03-24,Business,5,Present
48452,17,Female,Business,1,64.33,10.8,SES-2035,2023-11-28,Social Sciences,3,Present
48452,17,Female,Business,1,64.33,10.8,SES-2028,2024-06-25,Computer Science,8,Absent
48450,20,Male,Education,5,78.14,5.5,SES-2028,2024-06-25,Computer Science,8,Present
48449,20,Male,Education,5,78.14,5.5,SES-2020,2024-03-27,Computer Science,4,Present
48449,20,Female,Business,1,72.37,8.4,SES-2000,2023-10-24,Social Sciences,2,Present
48449,20,Female,Business,1,72.37,8.4,SES-2026,2024-04-19,Business,5,Present
48449,20,Female,Business,1,72.37,8.4,SES-2018,2023-11-06,Business,3,Present
48448,20,Female,Business,1,72.37,8.4,SES-2019,2024-06-21,Engineering,7,Absent
48448,20,Female,Business,1,72.37,8.4,SES-2042,2023-12-17,Engineering,3,Present
48445,22,Female,Engineering,2,89.15,6.6,SES-2042,2023-12-17,Engineering,3,Present
48443,22,Female,Engineering,2,89.15,6.6,SES-2049,2024-04-17,Education,6,Present
48443,22,Female,Engineering,2,89.15,6.6,SES-2047,2024-02-01,Computer Science,4,Present
48441,17,Female,Engineering,3,69.65,11.7,SES-2004,2023-09-23,Engineering,1,Present
48440,20,Female,Engineering,3,69.65,11.7,SES-2034,2024-06-24,Social Sciences,8,Present
48440,20,Female,Engineering,3,69.65,11.7,SES-2046,2024-02-11,Computer Science,4,Present
48440,20,Female,Engineering,3,69.65,11.7,SES-2039,2024-02-08,Engineering,4,Present
48439,20,Female,Engineering,8,40.02,6.3,SES-2049,2024-04-17,Education,6,Present
48438,19,Female,Engineering,8,40.02,6.3,SES-2032,2023-11-25,Social Sciences,2,Absent
48438,19,Female,Engineering,8,40.02,6.3,SES-2002,2023-11-02,Computer Science,2,Absent
48438,19,Female,Engineering,8,40.02,6.3,SES-2026,2024-04-19,Business,5,Absent
48438,19,Female,Computer Science,6,79.79,11.4,SES-2025,2023-11-24,Engineering,3,Present
48433,24,Male,Social Sciences,8,83.68,17.6,SES-2033,2023-11-14,Education,2,Present
48432,21,Male,Social Sciences,8,83.68,17.6,SES-2043,2024-05-18,Education,7,Present
48431,20,Female,Education,6,86.21,3.9,SES-2001,2024-02-05,Computer Science,4,Absent
48431,20,Female,Education,6,86.21,3.9,SES-2037,2023-10-16,Computer Science,1,Absent
48431,20,Female,Education,6,86.21,3.9,SES-2025,2023-11-24,Engineering,3,Absent
48431,20,Female,Education,6,86.21,3.9,SES-2036,2024-02-12,Education,4,Absent
48431,20,Female,Education,6,86.21,3.9,SES-2006,2024-03-25,Education,5,Present
48427,24,Female,Computer Science,1,66.22,9.4,SES-2037,2023-10-16,Computer Science,1,Present
48427,24,Female,Computer Science,1,66.22,9.4,SES-2003,2023-10-08,Engineering,2,Present
48427,24,Female,Computer Science,1,66.22,9.4,SES-2039,2024-02-08,Engineering,4,Present
48423,24,Female,Computer Science,8,42.63,7.2,SES-2022,2024-06-03,Education,7,Absent
48423,24,Female,Computer Science,8,42.63,7.2,SES-2047,2024-02-01,Computer Science,4,Absent
48423,24,Female,Computer Science,8,42.63,7.2,SES-2014,2024-03-28,Education,5,Absent
48422,19,Female,Computer Science,8,42.63,7.2,SES-2007,2024-06-09,Education,7,Absent
48422,19,Female,Computer Science,8,42.63,7.2,SES-2030,2024-05-13,Business,7,Present
48420,20,Female,Education,2,65.36,5.9,SES-2039,2024-02-08,Engineering,4,Present
48420,20,Female,Education,2,65.36,5.9,SES-2022,2024-06-03,Education,7,Present
48419,22,Female,Education,2,65.36,5.9,SES-2023,2024-04-21,Business,6,Present
48419,22,Female,Education,8,77.48,11.5,SES-2019,2024-06-21,Engineering,7,Present
48419,22,Male,Engineering,2,59.23,10.9,SES-2043,2024-05-18,Education,7,Present
48418,21,Male,Engineering,2,59.23,10.9,SES-2018,2023-11-06,Business,3,Present
48414,19,Female,Engineering,1,73.15,12.0,SES-2042,2023-12-17,Engineering,3,Present
48414,19,Male,Business,2,42.63,10.6,SES-2040,2023-10-24,Business,2,Present
48414,19,Male,Business,2,42.63,10.6,SES-2038,2023-11-27,Social Sciences,2,Absent
48414,19,Male,Business,2,42.63,10.6,SES-2039,2024-02-08,Engineering,4,Present
48413,20,Male,Business,2,42.63,10.6,SES-2004,2023-09-23,Engineering,1,Absent
48413,20,Female,Computer Science,6,71.87,9.6,SES-2028,2024-06-25,Computer Science,8,Present
48413,20,Female,Computer Science,6,71.87,9.6,SES-2018,2023-11-06,Business,3,Present
48411,20,Female,Computer Science,6,71.87,9.6,SES-2021,2024-02-26,Social Sciences,4,Present
48411,20,Female,Computer Science,6,71.87,9.6,SES-2013,2023-10-22,Education,2,Present
48406,21,Female,Social Sciences,5,66.69,9.1,SES-2019,2024-06-21,Engineering,7,Present
48406,21,Female,Social Sciences,5,66.69,9.1,SES-2040,2023-10-24,Business,2,Present
48405,21,Female,Social Sciences,5,66.69,9.1,SES-2025,2023-11-24,Engineering,3,Present
48405,21,Female,Social Sciences,5,66.69,9.1,SES-2012,2024-04-19,Education,5,Present
48404,20,Male,Education,6,67.03,12.4,SES-2018,2023-11-06,Business,3,Present
48404,20,Male,Education,6,67.03,12.4,SES-2011,2023-11-03,Engineering,2,Present
48404,20,Male,Education,6,67.03,12.4,SES-2044,2024-04-22,Social Sciences,5,Present
48403,23,Male,Education,6,67.03,12.4,SES-2000,2023-10-24,Social Sciences,2,Present
48403,23,Male,Education,6,67.03,12.4,SES-2021,2024-02-26,Social Sciences,4,Absent
48401,22,Female,Computer Science,4,68.94,6.0,SES-2009,2024-05-12,Social Sciences,7,Present
48401,22,Female,Computer Science,4,68.94,6.0,SES-2020,2024-03-27,Computer Science,4,Present
48398,22,Male,Engineering,2,70.0,11.0,SES-2018,2023-11-06,Business,3,Present
48397,18,Male,Business,2,53.5,13.4,SES-2029,2023-10-21,Education,2,Absent
48397,18,Male,Business,2,53.5,13.4,SES-2035,2023-11-28,Social Sciences,3,Absent
48397,18,Male,Business,2,53.5,13.4,SES-2012,2024-04-19,Education,5,Present
48397,18,Male,Engineering,2,79.03,14.6,SES-2015,2023-11-09,Business,2,Present
48396,22,Male,Business,1,61.78,4.1,SES-2016,2024-04-12,Social Sciences,6,Absent
48396,22,Male,Business,1,61.78,4.1,SES-2031,2024-07-18,Computer Science,8,Absent
48396,22,Female,Computer Science,1,60.38,4.2,SES-2047,2024-02-01,Computer Science,4,Absent
48395,17,Female,Computer Science,1,60.38,4.2,SES-2007,2024-06-09,Education,7,Absent
48394,17,Female,Computer Science,1,60.38,4.2,SES-2024,2024-06-05,Social Sciences,7,Absent
48394,17,Female,Computer Science,1,60.38,4.2,SES-2035,2023-11-28,Social Sciences,3,Absent
48394,17,Female,Computer Science,1,60.38,4.2,SES-2008,2024-03-04,Computer Science,4,Present
48394,17,Male,Social Sciences,4,80.51,4.5,SES-2032,2023-11-25,Social Sciences,2,Absent
48394,17,Male,Social Sciences,4,80.51,4.5,SES-2006,2024-03-25,Education,5,Present
48391,22,Male,Social Sciences,4,80.51,4.5,SES-2004,2023-09-23,Engineering,1,Absent
48391,22,Male,Social Sciences,4,80.51,4.5,SES-2041,2023-10-05,Business,2,Absent
48391,22,Female,Computer Science,2,69.17,9.1,SES-2018,2023-11-06,Business,3,Present
48390,23,Female,Computer Science,2,69.17,9.1,SES-2032,2023-11-25,Social Sciences,2,Present
48388,18,Male,Education,4,73.85,11.0,SES-2030,2024-05-13,Business,7,Present
48388,18,Male,Education,4,73.85,11.0,SES-2033,2023-11-14,Education,2,Present
48388,18,Male,Education,4,73.85,11.0,SES-2024,2024-06-05,Social Sciences,7,Present
48388,18,Male,Education,4,73.85,11.0,SES-2043,2024-05-18,Education,7,Present
48387,19,Male,Education,4,73.85,11.0,SES-2039,2024-02-08,Engineering,4,Absent
48387,19,Female,Social Sciences,1,66.55,11.7,SES-2044,2024-04-22,Social Sciences,5,Present
48387,19,Female,Social Sciences,1,66.55,11.7,SES-2032,2023-11-25,Social Sciences,2,Present
48387,19,Female,Social Sciences,1,66.55,11.7,SES-2027,2024-04-05,Engineering,6,Present
48384,19,Female,Social Sciences,1,66.55,11.7,SES-2021,2024-02-26,Social Sciences,4,Present
48384,19,Female,Social Sciences,1,66.55,11.7,SES-2022,2024-06-03,Education,7,Present
48383,20,Male,Computer Science,1,56.88,8.8,SES-2034,2024-06-24,Social Sciences,8,Present
48381,21,Male,Computer Science,1,56.88,8.8,SES-2007,2024-06-09,Education,7,Present
48381,21,Male,Computer Science,1,56.88,8.8,SES-2037,2023-10-16,Computer Science,1,Absent
48381,21,Male,Computer Science,1,56.88,8.8,SES-2042,2023-12-17,Engineering,3,Present
48379,23,Male,Engineering,1,72.87,7.1,SES-2048,2023-09-03,Computer Science,1,Present
48379,23,Male,Engineering,1,72.87,7.1,SES-2023,2024-04-21,Business,6,Present
48379,23,Female,Business,5,60.99,9.1,SES-2037,2023-10-16,Computer Science,1,Present
48378,20,Female,Business,5,60.99,9.1,SES-2039,2024-02-08,Engineering,4,Present
48378,20,Female,Business,5,60.99,9.1,SES-2023,2024-04-21,Business,6,Present
48377,18,Female,Business,5,60.99,9.1,SES-2000,2023-10-24,Social Sciences,2,Present
48377,18,Female,Business,5,60.99,9.1,SES-2017,2024-03-23,Computer Science,4,Present
48377,18,Male,Social Sciences,6,74.63,11.6,SES-2005,2024-05-15,Engineering,7,Present
48377,18,Male,Social Sciences,6,74.63,11.6,SES-2004,2023-09-23,Engineering,1,Present
48376,18,Male,Social Sciences,6,74.63,11.6,SES-2009,2024-05-12,Social Sciences,7,Present
48375,20,Male,Social Sciences,4,80.77,8.7,SES-2030,2024-05-13,Business,7,Present
48374,17,Female,Education,4,79.96,6.2,SES-2010,2024-03-24,Business,5,Present
48374,17,Female,Education,4,79.96,6.2,SES-2041,2023-10-05,Business,2,Present
48374,17,Female,Education,4,79.96,6.2,SES-2044,2024-04-22,Social Sciences,5,Present
48373,23,Female,Education,4,79.96,6.2,SES-2014,2024-03-28,Education,5,Present
48372,21,Female,Engineering,2,58.78,12.4,SES-2007,2024-06-09,Education,7,Present
48371,19,Female,Engineering,2,58.78,12.4,SES-2046,2024-02-11,Computer Science,4,Absent
48369,22,Male,Education,5,60.76,9.4,SES-2004,2023-09-23,Engineering,1,Present
48368,23,Male,Education,5,60.76,9.4,SES-2021,2024-02-26,Social Sciences,4,Absent
48368,23,Male,Education,5,60.76,9.4,SES-2046,2024-02-11,Computer Science,4,Present
48365,22,Male,Education,6,51.08,8.8,SES-2031,2024-07-18,Computer Science,8,Present
48365,22,Male,Education,6,51.08,8.8,SES-2009,2024-05-12,Social Sciences,7,Present
48365,22,Male,Education,6,51.08,8.8,SES-2037,2023-10-16,Computer Science,1,Absent
48364,22,Male,Education,6,51.08,8.8,SES-2000,2023-10-24,Social Sciences,2,Absent
48364,22,Male,Computer Science,2,69.7,15.5,SES-2040,2023-10-24,Business,2,Present
48363,17,Male,Engineering,1,55.69,9.9,SES-2030,2024-05-13,Business,7,Present
48358,20,Female,Business,7,66.69,13.3,SES-2048,2023-09-03,Computer Science,1,Absent
48358,20,Female,Business,7,66.69,13.3,SES-2013,2023-10-22,Education,2,Present
48358,20,Female,Business,7,66.69,13.3,SES-2029,2023-10-21,Education,2,Absent
48357,19,Female,Business,5,77.05,12.3,SES-2020,2024-03-27,Computer Science,4,Present
48356,23,Female,Business,5,77.05,12.3,SES-2036,2024-02-12,Education,4,Present
48354,18,Female,Business,5,77.05,12.3,SES-2037,2023-10-16,Computer Science,1,Present
48354,18,Female,Computer Science,2,80.95,6.8,SES-2026,2024-04-19,Business,5,Present
48354,18,Female,Computer Science,2,80.95,6.8,SES-2014,2024-03-28,Education,5,Present
48354,18,Female,Computer Science,2,80.95,6.8,SES-2006,2024-03-25,Education,5,Present
48352,26,Female,Engineering,4,75.66,10.3,SES-2045,2024-07-04,Education,8,Absent
48352,26,Female,Engineering,4,75.66,10.3,SES-2033,2023-11-14,Education,2,Present
48352,26,Female,Engineering,4,75.66,10.3,SES-2042,2023-12-17,Engineering,3,Absent
48352,26,Female,Engineering,4,75.66,10.3,SES-2007,2024-06-09,Education,7,Present
48352,26,Female,Engineering,4,75.66,10.3,SES-2004,2023-09-23,Engineering,1,Present
48351,19,Female,Computer Science,3,59.66,12.5,SES-2029,2023-10-21,Education,2,Absent
48351,19,Female,Social Sciences,1,80.84,7.5,SES-2039,2024-02-08,Engineering,4,Present
48351,19,Female,Social Sciences,1,80.84,7.5,SES-2047,2024-02-01,Computer Science,4,Absent
48350,22,Female,Social Sciences,1,80.84,7.5,SES-2031,2024-07-18,Computer Science,8,Absent
48350,22,Female,Business,7,91.66,9.7,SES-2045,2024-07-04,Education,8,Absent
48350,22,Female,Education,5,71.73,8.3,SES-2017,2024-03-23,Computer Science,4,Absent
48349,24,Female,Education,5,71.73,8.3,SES-2038,2023-11-27,Social Sciences,2,Present
48349,24,Female,Education,5,71.73,8.3,SES-2042,2023-12-17,Engineering,3,Present
48347,20,Male,Computer Science,1,42.8,10.5,SES-2035,2023-11-28,Social Sciences,3,Present
48347,20,Male,Computer Science,1,42.8,10.5,SES-2042,2023-12-17,Engineering,3,Absent
48347,20,Male,Computer Science,1,42.8,10.5,SES-2014,2024-03-28,Education,5,Absent
48347,20,Male,Computer Science,1,42.8,10.5,SES-2033,2023-11-14,Education,2,Absent
48346,20,Female,Social Sciences,3,79.53,15.3,SES-2009,2024-05-12,Social Sciences,7,Present
48346,20,Female,Social Sciences,3,79.53,15.3,SES-2041,2023-10-05,Business,2,Present
48346,20,Female,Social Sciences,3,79.53,15.3,SES-2029,2023-10-21,Education,2,Present
48345,22,Female,Social Sciences,3,79.53,15.3,SES-2003,2023-10-08,Engineering,2,Present
48343,21,Female,Education,8,61.0,13.0,SES-2043,2024-05-18,Education,7,Present
48343,21,Female,Education,8,61.0,13.0,SES-2028,2024-06-25,Computer Science,8,Present
48343,21,Female,Computer Science,5,46.26,13.3,SES-2029,2023-10-21,Education,2,Absent
48343,21,Female,Computer Science,5,46.26,13.3,SES-2024,2024-06-05,Social Sciences,7,Absent
48339,22,Male,Business,4,58.48,6.2,SES-2015,2023-11-09,Business,2,Present
48338,24,Male,Business,4,58.48,6.2,SES-2002,2023-11-02,Computer Science,2,Present
48338,24,Male,Education,8,71.74,8.5,SES-2006,2024-03-25,Education,5,Absent
48338,24,Male,Education,8,71.74,8.5,SES-2049,2024-04-17,Education,6,Present
48338,24,Male,Education,8,71.74,8.5,SES-2007,2024-06-09,Education,7,Present
48338,24,Male,Education,8,71.74,8.5,SES-2005,2024-05-15,Engineering,7,Present
48337,23,Female,Computer Science,7,53.24,9.9,SES-2002,2023-11-02,Computer Science,2,Present
48337,23,Female,Computer Science,7,53.24,9.9,SES-2012,2024-04-19,Education,5,Present
48337,23,Female,Computer Science,7,53.24,9.9,SES-2040,2023-10-24,Business,2,Present
48335,20,Female,Computer Science,7,62.3,11.0,SES-2017,2024-03-23,Computer Science,4,Present
48334,21,Male,Computer Science,6,68.22,7.8,SES-2030,2024-05-13,Business,7,Present
48334,21,Male,Computer Science,6,68.22,7.8,SES-2024,2024-06-05,Social Sciences,7,Present
48332,19,Male,Computer Science,4,64.27,9.6,SES-2011,2023-11-03,Engineering,2,Present
48331,20,Male,Computer Science,4,64.27,9.6,SES-2022,2024-06-03,Education,7,Present
48331,20,Male,Computer Science,4,64.27,9.6,SES-2019,2024-06-21,Engineering,7,Present
48331,20,Male,Computer Science,4,64.27,9.6,SES-2023,2024-04-21,Business,6,Absent
48331,20,Male,Business,2,85.83,7.0,SES-2008,2024-03-04,Computer Science,4,Present
48331,20,Male,Business,2,85.83,7.0,SES-2002,2023-11-02,Computer Science,2,Present
48330,24,Male,Business,2,85.83,7.0,SES-2007,2024-06-09,Education,7,Present
48329,17,Female,Computer Science,1,80.32,13.8,SES-2007,2024-06-09,Education,7,Present
48329,17,Female,Computer Science,1,80.32,13.8,SES-2049,2024-04-17,Education,6,Present
48327,19,Male,Education,4,45.61,6.3,SES-2038,2023-11-27,Social Sciences,2,Absent
48327,19,Male,Education,4,45.61,6.3,SES-2024,2024-06-05,Social Sciences,7,Absent
48327,19,Male,Education,4,45.61,6.3,SES-2022,2024-06-03,Education,7,Absent
48326,20,Male,Education,4,45.61,6.3,SES-2009,2024-05-12,Social Sciences,7,Present
48326,20,Male,Social Sciences,1,59.81,8.2,SES-2029,2023-10-21,Education,2,Present
48326,20,Male,Social Sciences,1,59.81,8.2,SES-2010,2024-03-24,Business,5,Present
48326,20,Male,Social Sciences,1,59.81,8.2,SES-2036,2024-02-12,Education,4,Present
48325,19,Female,Education,4,54.44,10.3,SES-2041,2023-10-05,Business,2,Absent
48325,19,Female,Education,4,54.44,10.3,SES-2033,2023-11-14,Education,2,Absent
48323,24,Male,Computer Science,6,67.87,7.1,SES-2017,2024-03-23,Computer Science,4,Present
48323,24,Male,Computer Science,6,67.87,7.1,SES-2039,2024-02-08,Engineering,4,Present
48322,21,Male,Computer Science,6,67.87,7.1,SES-2012,2024-04-19,Education,5,Present
48322,21,Female,Social Sciences,2,56.77,9.8,SES-2034,2024-06-24,Social Sciences,8,Present
48321,19,Female,Social Sciences,2,56.77,9.8,SES-2027,2024-04-05,Engineering,6,Present
48321,19,Female,Social Sciences,2,56.77,9.8,SES-2010,2024-03-24,Business,5,Present
48319,20,Female,Social Sciences,2,56.77,9.8,SES-2007,2024-06-09,Education,7,Present
48319,20,Female,Social Sciences,2,56.77,9.8,SES-2040,2023-10-24,Business,2,Present
48319,20,Female,Education,8,44.68,10.6,SES-2035,2023-11-28,Social Sciences,3,Absent
48318,21,Female,Social Sciences,4,38.19,14.5,SES-2006,2024-03-25,Education,5,Present
48317,20,Female,Social Sciences,4,38.19,14.5,SES-2005,2024-05-15,Engineering,7,Present
48317,20,Female,Social Sciences,4,38.19,14.5,SES-2047,2024-02-01,Computer Science,4,Absent
48317,20,Female,Social Sciences,4,38.19,14.5,SES-2034,2024-06-24,Social Sciences,8,Absent
48316,24,Female,Education,6,57.48,8.2,SES-2025,2023-11-24,Engineering,3,Present
48316,24,Male,Computer Science,2,58.77,8.4,SES-2026,2024-04-19,Business,5,Present
48315,24,Female,Business,8,49.39,8.5,SES-2007,2024-06-09,Education,7,Present
48315,24,Female,Business,8,49.39,8.5,SES-2010,2024-03-24,Business,5,Absent
48315,24,Female,Business,8,49.39,8.5,SES-2039,2024-02-08,Engineering,4,Absent
48315,24,Female,Business,8,49.39,8.5,SES-2033,2023-11-14,Education,2,Present
48314,22,Male,Social Sciences,7,56.74,5.1,SES-2018,2023-11-06,Business,3,Present
48314,22,Male,Social Sciences,7,56.74,5.1,SES-2027,2024-04-05,Engineering,6,Present
48310,25,Female,Computer Science,7,62.82,7.5,SES-2006,2024-03-25,Education,5,Present
48310,25,Female,Computer Science,7,62.82,7.5,SES-2039,2024-02-08,Engineering,4,Present
48309,24,Female,Computer Science,7,62.82,7.5,SES-2036,2024-02-12,Education,4,Absent
48307,20,Male,Education,1,63.28,10.1,SES-2008,2024-03-04,Computer Science,4,Present
48307,20,Male,Education,1,63.28,10.1,SES-2033,2023-11-14,Education,2,Present
48307,20,Male,Education,1,63.28,10.1,SES-2025,2023-11-24,Engineering,3,Present
48306,19,Male,Education,1,63.28,10.1,SES-2001,2024-02-05,Computer Science,4,Present
48304,19,Male,Education,1,63.28,10.1,SES-2017,2024-03-23,Computer Science,4,Absent
48304,19,Male,Computer Science,2,57.79,4.8,SES-2030,2024-05-13,Business,7,Absent
48300,20,Male,Engineering,1,77.57,9.8,SES-2006,2024-03-25,Education,5,Absent
48299,20,Male,Engineering,1,77.57,9.8,SES-2028,2024-06-25,Computer Science,8,Present
48298,22,Male,Engineering,1,77.57,9.8,SES-2026,2024-04-19,Business,5,Present
48297,23,Male,Engineering,1,77.57,9.8,SES-2032,2023-11-25,Social Sciences,2,Present
48296,18,Male,Engineering,1,77.57,9.8,SES-2017,2024-03-23,Computer Science,4,Present
48296,18,Female,Computer Science,8,73.55,6.2,SES-2036,2024-02-12,Education,4,Present
48296,18,Female,Computer Science,8,73.55,6.2,SES-2000,2023-10-24,Social Sciences,2,Present
48288,18,Male,Computer Science,4,49.14,12.2,SES-2021,2024-02-26,Social Sciences,4,Absent
48287,17,Male,Computer Science,4,49.14,12.2,SES-2039,2024-02-08,Engineering,4,Absent
48286,21,Male,Computer Science,4,49.14,12.2,SES-2015,2023-11-09,Business,2,Present
48286,21,Male,Computer Science,4,49.14,12.2,SES-2045,2024-07-04,Education,8,Absent
48286,21,Male,Education,7,56.63,7.3,SES-2028,2024-06-25,Computer Science,8,Present
48285,21,Male,Education,7,56.63,7.3,SES-2001,2024-02-05,Computer Science,4,Present
48284,20,Male,Computer Science,2,74.94,6.4,SES-2040,2023-10-24,Business,2,Present
48283,20,Male,Business,3,66.13,8.3,SES-2021,2024-02-26,Social Sciences,4,Absent
48282,22,Male,Business,3,66.13,8.3,SES-2017,2024-03-23,Computer Science,4,Present
48282,22,Male,Business,3,66.13,8.3,SES-2036,2024-02-12,Education,4,Present
48282,22,Male,Business,3,66.13,8.3,SES-2011,2023-11-03,Engineering,2,Present
48282,22,Female,Education,6,82.5,4.4,SES-2007,2024-06-09,Education,7,Present
48281,22,Female,Education,6,82.5,4.4,SES-2003,2023-10-08,Engineering,2,Present
48280,22,Female,Education,6,82.5,4.4,SES-2033,2023-11-14,Education,2,Present
48280,22,Male,Education,6,68.46,8.5,SES-2013,2023-10-22,Education,2,Present
48280,22,Female,Computer Science,1,47.28,5.6,SES-2022,2024-06-03,Education,7,Absent
48280,22,Female,Computer Science,1,47.28,5.6,SES-2036,2024-02-12,Education,4,Absent
48279,19,Female,Computer Science,1,47.28,5.6,SES-2017,2024-03-23,Computer Science,4,Absent
48278,23,Female,Computer Science,1,47.28,5.6,SES-2039,2024-02-08,Engineering,4,Absent
48278,23,Female,Computer Science,1,47.28,5.6,SES-2049,2024-04-17,Education,6,Present
48278,23,Female,Business,6,58.04,9.0,SES-2011,2023-11-03,Engineering,2,Present
48277,20,Female,Computer Science,6,59.47,12.1,SES-2045,2024-07-04,Education,8,Present
48277,20,Female,Computer Science,6,59.47,12.1,SES-2002,2023-11-02,Computer Science,2,Present
48275,17,Female,Engineering,2,62.53,8.0,SES-2048,2023-09-03,Computer Science,1,Present
48274,18,Female,Engineering,2,62.53,8.0,SES-2030,2024-05-13,Business,7,Present
48274,18,Female,Social Sciences,7,73.48,12.3,SES-2038,2023-11-27,Social Sciences,2,Absent
48272,21,Male,Engineering,8,83.63,13.9,SES-2002,2023-11-02,Computer Science,2,Present
48272,21,Male,Engineering,8,83.63,13.9,SES-2044,2024-04-22,Social Sciences,5,Absent
48271,20,Male,Social Sciences,8,72.77,10.1,SES-2047,2024-02-01,Computer Science,4,Absent
48270,24,Male,Social Sciences,8,72.77,10.1,SES-2017,2024-03-23,Computer Science,4,Present
48270,24,Male,Social Sciences,8,72.77,10.1,SES-2007,2024-06-09,Education,7,Present
48270,24,Male,Social Sciences,8,72.77,10.1,SES-2002,2023-11-02,Computer Science,2,Present
48269,17,Female,Education,3,65.38,11.7,SES-2032,2023-11-25,Social Sciences,2,Present
48269,17,Female,Education,3,65.38,11.7,SES-2029,2023-10-21,Education,2,Present
48268,22,Female,Education,3,65.38,11.7,SES-2011,2023-11-03,Engineering,2,Present
48268,22,Female,Education,3,65.38,11.7,SES-2001,2024-02-05,Computer Science,4,Present
48267,20,Female,Education,3,65.38,11.7,SES-2046,2024-02-11,Computer Science,4,Present
48264,22,Male,Engineering,6,70.24,13.9,SES-2027,2024-04-05,Engineering,6,Present
48264,22,Male,Engineering,6,70.24,13.9,SES-2026,2024-04-19,Business,5,Absent
48263,21,Male,Engineering,6,70.24,13.9,SES-2013,2023-10-22,Education,2,Present
48262,19,Male,Computer Science,1,66.41,5.7,SES-2040,2023-10-24,Business,2,Present
48259,18,Male,Business,4,40.12,7.8,SES-2001,2024-02-05,Computer Science,4,Absent
48258,22,Male,Business,4,40.12,7.8,SES-2036,2024-02-12,Education,4,Present
48258,22,Male,Business,4,40.12,7.8,SES-2041,2023-10-05,Business,2,Absent
48258,22,Male,Computer Science,8,65.1,3.0,SES-2048,2023-09-03,Computer Science,1,Absent
48258,22,Male,Computer Science,8,65.1,3.0,SES-2000,2023-10-24,Social Sciences,2,Absent
48258,22,Male,Education,5,63.82,7.4,SES-2029,2023-10-21,Education,2,Present
48256,23,Female,Business,6,57.5,8.6,SES-2010,2024-03-24,Business,5,Present
48256,23,Female,Business,6,57.5,8.6,SES-2012,2024-04-19,Education,5,Absent
48254,21,Male,Engineering,7,34.4,13.9,SES-2042,2023-12-17,Engineering,3,Absent
48253,22,Male,Engineering,7,34.4,13.9,SES-2012,2024-04-19,Education,5,Absent
48253,22,Male,Engineering,7,34.4,13.9,SES-2014,2024-03-28,Education,5,Absent
48253,22,Male,Engineering,7,34.4,13.9,SES-2011,2023-11-03,Engineering,2,Present
48253,22,Male,Engineering,7,34.4,13.9,SES-2017,2024-03-23,Computer Science,4,Absent
48253,22,Female,Computer Science,8,58.68,8.1,SES-2002,2023-11-02,Computer Science,2,Present
48252,21,Female,Computer Science,8,58.68,8.1,SES-2047,2024-02-01,Computer Science,4,Present
48252,21,Female,Computer Science,1,71.58,7.7,SES-2032,2023-11-25,Social Sciences,2,Present
48251,23,Male,Engineering,8,58.68,4.0,SES-2010,2024-03-24,Business,5,Absent
48251,23,Male,Engineering,8,58.68,4.0,SES-2041,2023-10-05,Business,2,Absent
48251,23,Male,Engineering,8,58.68,4.0,SES-2021,2024-02-26,Social Sciences,4,Absent
48251,23,Male,Engineering,8,58.68,4.0,SES-2007,2024-06-09,Education,7,Present
48250,23,Male,Business,5,36.61,8.0,SES-2029,2023-10-21,Education,2,Absent
48250,23,Male,Business,5,36.61,8.0,SES-2004,2023-09-23,Engineering,1,Absent
48249,24,Male,Business,5,36.61,8.0,SES-2039,2024-02-08,Engineering,4,Absent
48249,24,Male,Business,5,36.61,8.0,SES-2017,2024-03-23,Computer Science,4,Absent
48249,24,Male,Business,5,36.61,8.0,SES-2021,2024-02-26,Social Sciences,4,Absent
48248,21,Male,Engineering,3,78.14,9.4,SES-2022,2024-06-03,Education,7,Present
48248,21,Male,Engineering,3,78.14,9.4,SES-2001,2024-02-05,Computer Science,4,Present
48247,22,Male,Business,1,63.63,8.9,SES-2034,2024-06-24,Social Sciences,8,Present
48247,22,Male,Business,1,63.63,8.9,SES-2047,2024-02-01,Computer Science,4,Absent
48247,22,Male,Business,1,63.63,8.9,SES-2035,2023-11-28,Social Sciences,3,Present
48246,24,Female,Engineering,2,57.15,3.9,SES-2047,2024-02-01,Computer Science,4,Absent
48246,24,Female,Social Sciences,1,60.6,3.3,SES-2025,2023-11-24,Engineering,3,Absent
48241,22,Male,Education,5,66.08,8.2,SES-2031,2024-07-18,Computer Science,8,Present
48241,22,Male,Education,5,66.08,8.2,SES-2037,2023-10-16,Computer Science,1,Present
48240,21,Male,Education,5,66.08,8.2,SES-2033,2023-11-14,Education,2,Absent
48227,21,Female,Business,4,71.23,11.8,SES-2027,2024-04-05,Engineering,6,Present
48226,24,Female,Business,1,86.04,12.9,SES-2026,2024-04-19,Business,5,Present
48226,24,Female,Business,1,86.04,12.9,SES-2025,2023-11-24,Engineering,3,Present
48226,24,Female,Business,1,86.04,12.9,SES-2049,2024-04-17,Education,6,Present
48226,24,Female,Education,4,65.77,11.5,SES-2039,2024-02-08,Engineering,4,Present
48226,24,Female,Education,4,65.77,11.5,SES-2028,2024-06-25,Computer Science,8,Present
48225,22,Female,Education,4,65.77,11.5,SES-2047,2024-02-01,Computer Science,4,Present
48225,22,Female,Education,4,65.77,11.5,SES-2048,2023-09-03,Computer Science,1,Present
48225,22,Female,Business,5,52.35,8.8,SES-2028,2024-06-25,Computer Science,8,Present
48225,22,Female,Business,5,52.35,8.8,SES-2013,2023-10-22,Education,2,Present
48225,22,Female,Business,5,52.35,8.8,SES-2022,2024-06-03,Education,7,Present
48221,26,Female,Computer Science,8,66.71,10.0,SES-2007,2024-06-09,Education,7,Present
48218,17,Female,Computer Science,8,66.71,10.0,SES-2042,2023-12-17,Engineering,3,Present
48218,17,Female,Computer Science,8,66.71,10.0,SES-2013,2023-10-22,Education,2,Absent
48218,17,Female,Computer Science,8,66.71,10.0,SES-2019,2024-06-21,Engineering,7,Present
48218,17,Female,Computer Science,8,66.71,10.0,SES-2003,2023-10-08,Engineering,2,Present
48215,21,Male,Social Sciences,4,76.77,13.0,SES-2004,2023-09-23,Engineering,1,Present
48215,21,Male,Social Sciences,4,76.77,13.0,SES-2040,2023-10-24,Business,2,Absent
48214,23,Female,Engineering,5,55.11,6.7,SES-2048,2023-09-03,Computer Science,1,Present
48213,19,Female,Engineering,5,55.11,6.7,SES-2043,2024-05-18,Education,7,Present
48212,17,Female,Engineering,5,55.11,6.7,SES-2000,2023-10-24,Social Sciences,2,Present
48212,17,Male,Engineering,8,57.26,6.6,SES-2045,2024-07-04,Education,8,Present
48212,17,Male,Engineering,8,57.26,6.6,SES-2004,2023-09-23,Engineering,1,Present
48206,23,Female,Business,8,87.09,13.3,SES-2037,2023-10-16,Computer Science,1,Present
48202,21,Female,Business,4,73.1,6.8,SES-2032,2023-11-25,Social Sciences,2,Absent
48200,23,Female,Social Sciences,3,65.93,10.4,SES-2003,2023-10-08,Engineering,2,Absent
48200,23,Female,Social Sciences,3,65.93,10.4,SES-2007,2024-06-09,Education,7,Present
48199,20,Female,Social Sciences,3,65.93,10.4,SES-2014,2024-03-28,Education,5,Present
48199,20,Female,Social Sciences,3,65.93,10.4,SES-2012,2024-04-19,Education,5,Present
48199,20,Female,Business,1,66.19,4.9,SES-2035,2023-11-28,Social Sciences,3,Absent
48199,20,Female,Business,1,66.19,4.9,SES-2011,2023-11-03,Engineering,2,Absent
48194,21,Female,Engineering,3,73.98,7.1,SES-2047,2024-02-01,Computer Science,4,Present
48194,21,Female,Engineering,3,73.98,7.1,SES-2048,2023-09-03,Computer Science,1,Present
48194,21,Female,Engineering,3,73.98,7.1,SES-2003,2023-10-08,Engineering,2,Present
48193,24,Female,Engineering,5,68.26,12.3,SES-2017,2024-03-23,Computer Science,4,Present
48193,24,Female,Engineering,5,68.26,12.3,SES-2005,2024-05-15,Engineering,7,Present
48193,24,Female,Engineering,5,68.26,12.3,SES-2016,2024-04-12,Social Sciences,6,Present
48193,24,Female,Engineering,5,68.26,12.3,SES-2003,2023-10-08,Engineering,2,Present
48192,22,Female,Engineering,5,68.26,12.3,SES-2037,2023-10-16,Computer Science,1,Absent
48189,17,Male,Business,5,85.8,10.7,SES-2014,2024-03-28,Education,5,Present
48189,17,Male,Education,2,55.85,9.4,SES-2030,2024-05-13,Business,7,Present
48187,23,Male,Education,2,55.85,9.4,SES-2018,2023-11-06,Business,3,Present
48187,23,Female,Computer Science,1,62.89,9.8,SES-2046,2024-02-11,Computer Science,4,Present
48187,23,Female,Computer Science,1,62.89,9.8,SES-2049,2024-04-17,Education,6,Present
48187,23,Female,Computer Science,1,62.89,9.8,SES-2002,2023-11-02,Computer Science,2,Present
48186,19,Male,Computer Science,7,66.23,10.5,SES-2035,2023-11-28,Social Sciences,3,Present
48186,19,Female,Business,8,46.57,7.3,SES-2021,2024-02-26,Social Sciences,4,Absent
48186,19,Female,Business,8,46.57,7.3,SES-2031,2024-07-18,Computer Science,8,Present
48185,21,Female,Business,8,46.57,7.3,SES-2012,2024-04-19,Education,5,Absent
48185,21,Female,Business,8,46.57,7.3,SES-2010,2024-03-24,Business,5,Absent
48185,21,Female,Social Sciences,7,51.84,7.8,SES-2041,2023-10-05,Business,2,Present
48184,23,Female,Social Sciences,7,51.84,7.8,SES-2004,2023-09-23,Engineering,1,Present
48183,22,Female,Social Sciences,7,51.84,7.8,SES-2020,2024-03-27,Computer Science,4,Present
48183,22,Female,Social Sciences,7,51.84,7.8,SES-2047,2024-02-01,Computer Science,4,Present
48183,22,Female,Social Sciences,7,51.84,7.8,SES-2034,2024-06-24,Social Sciences,8,Absent
48177,20,Male,Education,4,76.72,3.1,SES-2000,2023-10-24,Social Sciences,2,Absent
48177,20,Male,Education,4,76.72,3.1,SES-2005,2024-05-15,Engineering,7,Absent
48177,20,Male,Engineering,3,84.65,9.8,SES-2020,2024-03-27,Computer Science,4,Present
48176,21,Male,Engineering,3,84.65,9.8,SES-2049,2024-04-17,Education,6,Present
48176,21,Female,Engineering,6,63.74,13.9,SES-2037,2023-10-16,Computer Science,1,Present
48175,17,Female,Engineering,6,63.74,13.9,SES-2004,2023-09-23,Engineering,1,Present
48175,17,Female,Engineering,6,63.74,13.9,SES-2003,2023-10-08,Engineering,2,Present
48175,17,Male,Business,3,75.91,10.2,SES-2036,2024-02-12,Education,4,Present
48175,17,Male,Business,3,75.91,10.2,SES-2009,2024-05-12,Social Sciences,7,Present
48174,23,Male,Computer Science,4,87.6,13.0,SES-2049,2024-04-17,Education,6,Present
48174,23,Male,Computer Science,4,87.6,13.0,SES-2023,2024-04-21,Business,6,Present
48174,23,Male,Computer Science,4,87.6,13.0,SES-2035,2023-11-28,Social Sciences,3,Present
48173,19,Male,Computer Science,4,87.6,13.0,SES-2012,2024-04-19,Education,5,Present
48173,19,Male,Computer Science,4,87.6,13.0,SES-2022,2024-06-03,Education,7,Present
48173,19,Male,Education,3,78.6,9.9,SES-2049,2024-04-17,Education,6,Present
48173,19,Male,Education,3,78.6,9.9,SES-2021,2024-02-26,Social Sciences,4,Present
48173,19,Male,Education,3,78.6,9.9,SES-2005,2024-05-15,Engineering,7,Present
48173,19,Male,Computer Science,8,63.63,5.1,SES-2043,2024-05-18,Education,7,Present
48173,19,Male,Computer Science,8,63.63,5.1,SES-2014,2024-03-28,Education,5,Present
48169,20,Female,Computer Science,6,77.21,9.4,SES-2011,2023-11-03,Engineering,2,Present
48169,20,Female,Computer Science,6,77.21,9.4,SES-2017,2024-03-23,Computer Science,4,Present
48169,20,Female,Computer Science,6,77.21,9.4,SES-2018,2023-11-06,Business,3,Present
48169,20,Female,Computer Science,6,77.21,9.4,SES-2033,2023-11-14,Education,2,Present
48169,20,Female,Computer Science,6,77.21,9.4,SES-2019,2024-06-21,Engineering,7,Present
48168,21,Male,Engineering,3,65.17,7.0,SES-2034,2024-06-24,Social Sciences,8,Present
48168,21,Male,Engineering,3,65.17,7.0,SES-2018,2023-11-06,Business,3,Present
48164,24,Male,Social Sciences,3,64.05,9.0,SES-2008,2024-03-04,Computer Science,4,Present
48160,21,Male,Engineering,2,80.07,9.0,SES-2039,2024-02-08,Engineering,4,Present
48160,21,Male,Engineering,2,80.07,9.0,SES-2006,2024-03-25,Education,5,Present
48158,21,Male,Engineering,2,80.07,9.0,SES-2032,2023-11-25,Social Sciences,2,Present
48158,21,Male,Engineering,2,80.07,9.0,SES-2031,2024-07-18,Computer Science,8,Absent
48158,21,Male,Engineering,2,80.07,9.0,SES-2041,2023-10-05,Business,2,Present
48158,21,Female,Engineering,7,80.32,9.5,SES-2032,2023-11-25,Social Sciences,2,Present
48157,18,Female,Engineering,7,80.32,9.5,SES-2043,2024-05-18,Education,7,Present
48156,23,Female,Engineering,2,73.89,2.7,SES-2002,2023-11-02,Computer Science,2,Absent
48156,23,Female,Engineering,2,73.89,2.7,SES-2005,2024-05-15,Engineering,7,Present
48155,24,Female,Engineering,2,73.89,2.7,SES-2037,2023-10-16,Computer Science,1,Absent
48155,24,Female,Engineering,2,73.89,2.7,SES-2030,2024-05-13,Business,7,Absent
48155,24,Female,Engineering,3,64.96,7.8,SES-2035,2023-11-28,Social Sciences,3,Present
48153,20,Female,Engineering,3,64.96,7.8,SES-2033,2023-11-14,Education,2,Present
48153,20,Female,Computer Science,4,49.11,6.5,SES-2033,2023-11-14,Education,2,Absent
48153,20,Female,Computer Science,4,49.11,6.5,SES-2006,2024-03-25,Education,5,Absent
48153,20,Female,Computer Science,4,49.11,6.5,SES-2017,2024-03-23,Computer Science,4,Absent
48153,20,Male,Education,3,65.96,7.4,SES-2046,2024-02-11,Computer Science,4,Present
48152,22,Male,Education,3,65.96,7.4,SES-2048,2023-09-03,Computer Science,1,Present
48152,22,Male,Education,3,65.96,7.4,SES-2013,2023-10-22,Education,2,Present
48152,22,Male,Education,3,65.96,7.4,SES-2035,2023-11-28,Social Sciences,3,Present
48152,22,Male,Education,3,65.96,7.4,SES-2014,2024-03-28,Education,5,Present
48149,21,Female,Computer Science,2,79.5,7.4,SES-2040,2023-10-24,Business,2,Present
48149,21,Female,Computer Science,2,79.5,7.4,SES-2003,2023-10-08,Engineering,2,Present
48148,17,Female,Computer Science,2,79.5,7.4,SES-2014,2024-03-28,Education,5,Present
48148,17,Female,Computer Science,2,79.5,7.4,SES-2034,2024-06-24,Social Sciences,8,Present
48148,17,Female,Education,5,61.06,9.5,SES-2035,2023-11-28,Social Sciences,3,Present
48148,17,Female,Education,5,61.06,9.5,SES-2042,2023-12-17,Engineering,3,Present
48145,20,Female,Engineering,5,75.26,10.2,SES-2000,2023-10-24,Social Sciences,2,Present
48145,20,Female,Engineering,5,75.26,10.2,SES-2048,2023-09-03,Computer Science,1,Present
48145,20,Male,Social Sciences,1,86.62,11.1,SES-2047,2024-02-01,Computer Science,4,Present
48144,21,Male,Social Sciences,1,86.62,11.1,SES-2018,2023-11-06,Business,3,Present
48144,21,Male,Social Sciences,1,86.62,11.1,SES-2013,2023-10-22,Education,2,Present
48144,21,Male,Social Sciences,1,86.62,11.1,SES-2034,2024-06-24,Social Sciences,8,Present
48144,21,Male,Social Sciences,1,86.62,11.1,SES-2027,2024-04-05,Engineering,6,Present
48143,20,Female,Engineering,3,90.86,13.9,SES-2015,2023-11-09,Business,2,Absent
48143,20,Female,Engineering,3,90.86,13.9,SES-2009,2024-05-12,Social Sciences,7,Absent
48141,20,Male,Computer Science,2,62.25,6.3,SES-2005,2024-05-15,Engineering,7,Present
48141,20,Male,Computer Science,2,62.25,6.3,SES-2036,2024-02-12,Education,4,Present
48140,22,Male,Engineering,1,52.29,9.7,SES-2026,2024-04-19,Business,5,Present
48139,21,Male,Engineering,1,52.29,9.7,SES-2049,2024-04-17,Education,6,Present
48138,20,Female,Engineering,4,62.41,8.9,SES-2022,2024-06-03,Education,7,Absent
48138,20,Female,Engineering,4,62.41,8.9,SES-2013,2023-10-22,Education,2,Present
48138,20,Female,Engineering,4,62.41,8.9,SES-2018,2023-11-06,Business,3,Present
48135,22,Female,Engineering,1,73.02,7.2,SES-2002,2023-11-02,Computer Science,2,Present
48134,22,Female,Engineering,1,73.02,7.2,SES-2009,2024-05-12,Social Sciences,7,Absent
48134,22,Female,Engineering,1,73.02,7.2,SES-2043,2024-05-18,Education,7,Present
48134,22,Female,Engineering,1,73.02,7.2,SES-2047,2024-02-01,Computer Science,4,Absent
48134,22,Male,Social Sciences,5,53.93,11.2,SES-2021,2024-02-26,Social Sciences,4,Present
48132,21,Male,Social Sciences,5,53.93,11.2,SES-2045,2024-07-04,Education,8,Absent
48132,21,Male,Social Sciences,5,53.93,11.2,SES-2014,2024-03-28,Education,5,Absent
48132,21,Male,Social Sciences,5,53.93,11.2,SES-2049,2024-04-17,Education,6,Present
48132,21,Female,Education,6,67.59,7.4,SES-2036,2024-02-12,Education,4,Present
48129,18,Female,Education,6,67.59,7.4,SES-2038,2023-11-27,Social Sciences,2,Present
48129,18,Female,Education,6,67.59,7.4,SES-2033,2023-11-14,Education,2,Present
48129,18,Female,Education,6,67.59,7.4,SES-2011,2023-11-03,Engineering,2,Present
48129,18,Female,Education,6,67.59,7.4,SES-2018,2023-11-06,Business,3,Present
48128,21,Male,Social Sciences,3,71.36,7.5,SES-2041,2023-10-05,Business,2,Present
48128,21,Male,Social Sciences,3,71.36,7.5,SES-2002,2023-11-02,Computer Science,2,Present
48128,21,Male,Engineering,3,74.39,8.3,SES-2044,2024-04-22,Social Sciences,5,Present
48128,21,Male,Engineering,3,74.39,8.3,SES-2042,2023-12-17,Engineering,3,Present
48128,21,Male,Engineering,3,74.39,8.3,SES-2017,2024-03-23,Computer Science,4,Present
48127,21,Male,Engineering,3,74.39,8.3,SES-2016,2024-04-12,Social Sciences,6,Present
48126,22,Male,Computer Science,4,65.19,5.2,SES-2021,2024-02-26,Social Sciences,4,Present
48124,24,Female,Engineering,6,63.91,10.9,SES-2035,2023-11-28,Social Sciences,3,Present
48124,24,Female,Engineering,6,63.91,10.9,SES-2030,2024-05-13,Business,7,Present
48124,24,Male,Social Sciences,2,84.6,13.2,SES-2017,2024-03-23,Computer Science,4,Absent
48124,24,Male,Social Sciences,2,84.6,13.2,SES-2023,2024-04-21,Business,6,Absent
48123,23,Male,Social Sciences,2,84.6,13.2,SES-2011,2023-11-03,Engineering,2,Present
48123,23,Male,Social Sciences,2,84.6,13.2,SES-2012,2024-04-19,Education,5,Absent
48123,23,Female,Business,8,58.81,8.8,SES-2032,2023-11-25,Social Sciences,2,Present
48123,23,Female,Business,8,58.81,8.8,SES-2027,2024-04-05,Engineering,6,Present
48122,19,Female,Business,8,58.81,8.8,SES-2049,2024-04-17,Education,6,Present
48122,19,Female,Business,8,58.81,8.8,SES-2020,2024-03-27,Computer Science,4,Present
48122,19,Female,Business,8,58.81,8.8,SES-2024,2024-06-05,Social Sciences,7,Present
48121,20,Male,Business,6,88.56,8.5,SES-2010,2024-03-24,Business,5,Present
48121,20,Male,Business,6,88.56,8.5,SES-2000,2023-10-24,Social Sciences,2,Present
48118,21,Male,Business,6,88.56,8.5,SES-2037,2023-10-16,Computer Science,1,Present
48118,21,Male,Business,6,88.56,8.5,SES-2020,2024-03-27,Computer Science,4,Present
48117,24,Female,Computer Science,4,55.67,8.7,SES-2045,2024-07-04,Education,8,Present
48116,19,Female,Computer Science,4,55.67,8.7,SES-2003,2023-10-08,Engineering,2,Present
48116,19,Female,Computer Science,4,55.67,8.7,SES-2022,2024-06-03,Education,7,Present
48115,20,Female,Computer Science,4,55.67,8.7,SES-2044,2024-04-22,Social Sciences,5,Present
48115,20,Female,Computer Science,4,55.67,8.7,SES-2028,2024-06-25,Computer Science,8,Absent
48114,21,Male,Business,5,64.78,9.8,SES-2031,2024-07-18,Computer Science,8,Present
48114,21,Male,Business,5,64.78,9.8,SES-2026,2024-04-19,Business,5,Present
48114,21,Male,Business,5,64.78,9.8,SES-2048,2023-09-03,Computer Science,1,Absent
48114,21,Male,Engineering,2,49.0,7.4,SES-2049,2024-04-17,Education,6,Absent
48107,22,Female,Engineering,5,67.47,6.8,SES-2049,2024-04-17,Education,6,Present
48107,22,Female,Engineering,5,67.47,6.8,SES-2029,2023-10-21,Education,2,Present
48107,22,Female,Engineering,5,67.47,6.8,SES-2033,2023-11-14,Education,2,Present
48107,22,Female,Engineering,5,67.47,6.8,SES-2030,2024-05-13,Business,7,Present
48106,22,Female,Engineering,5,67.47,6.8,SES-2009,2024-05-12,Social Sciences,7,Present
48106,22,Female,Social Sciences,1,72.14,10.1,SES-2012,2024-04-19,Education,5,Present
48106,22,Female,Social Sciences,1,72.14,10.1,SES-2022,2024-06-03,Education,7,Present
48106,22,Female,Social Sciences,1,72.14,10.1,SES-2034,2024-06-24,Social Sciences,8,Present
48106,22,Female,Social Sciences,1,72.14,10.1,SES-2045,2024-07-04,Education,8,Absent
48105,24,Male,Business,4,71.04,9.9,SES-2003,2023-10-08,Engineering,2,Present
48105,24,Male,Business,4,71.04,9.9,SES-2044,2024-04-22,Social Sciences,5,Absent
48104,19,Female,Computer Science,2,62.44,6.6,SES-2018,2023-11-06,Business,3,Present
48104,19,Female,Computer Science,2,62.44,6.6,SES-2037,2023-10-16,Computer Science,1,Present
48104,19,Female,Computer Science,2,62.44,6.6,SES-2022,2024-06-03,Education,7,Present
48104,19,Female,Computer Science,2,62.44,6.6,SES-2001,2024-02-05,Computer Science,4,Present
48103,21,Female,Computer Science,2,62.44,6.6,SES-2025,2023-11-24,Engineering,3,Present
48103,21,Male,Business,5,69.95,12.3,SES-2039,2024-02-08,Engineering,4,Present
48103,21,Male,Business,5,69.95,12.3,SES-2023,2024-04-21,Business,6,Present
48103,21,Male,Business,5,69.95,12.3,SES-2017,2024-03-23,Computer Science,4,Present
48099,21,Female,Social Sciences,1,77.56,10.3,SES-2018,2023-11-06,Business,3,Present
48098,20,Female,Social Sciences,1,77.56,10.3,SES-2020,2024-03-27,Computer Science,4,Present
48096,21,Female,Computer Science,1,66.61,9.9,SES-2009,2024-05-12,Social Sciences,7,Present
48095,23,Female,Computer Science,1,66.61,9.9,SES-2033,2023-11-14,Education,2,Present
48095,23,Female,Computer Science,1,66.61,9.9,SES-2016,2024-04-12,Social Sciences,6,Present
48095,23,Female,Computer Science,1,66.61,9.9,SES-2049,2024-04-17,Education,6,Present
48095,23,Male,Social Sciences,7,66.38,5.5,SES-2026,2024-04-19,Business,5,Present
48094,20,Male,Social Sciences,7,66.38,5.5,SES-2023,2024-04-21,Business,6,Absent
48094,20,Male,Engineering,7,70.74,11.2,SES-2048,2023-09-03,Computer Science,1,Absent
48094,20,Male,Engineering,7,70.74,11.2,SES-2001,2024-02-05,Computer Science,4,Absent
48093,20,Male,Engineering,7,70.74,11.2,SES-2002,2023-11-02,Computer Science,2,Present
48091,21,Female,Education,8,69.57,2.6,SES-2029,2023-10-21,Education,2,Absent
48091,21,Female,Education,8,69.57,2.6,SES-2009,2024-05-12,Social Sciences,7,Absent
48091,21,Female,Education,6,76.07,7.1,SES-2002,2023-11-02,Computer Science,2,Present
48091,21,Female,Education,6,76.07,7.1,SES-2019,2024-06-21,Engineering,7,Present
48090,19,Male,Computer Science,4,73.62,5.7,SES-2046,2024-02-11,Computer Science,4,Present
48090,19,Male,Computer Science,4,73.62,5.7,SES-2027,2024-04-05,Engineering,6,Present
48090,19,Male,Computer Science,4,73.62,5.7,SES-2037,2023-10-16,Computer Science,1,Present
48090,19,Female,Social Sciences,7,85.26,9.8,SES-2000,2023-10-24,Social Sciences,2,Present
48089,21,Female,Social Sciences,7,85.26,9.8,SES-2002,2023-11-02,Computer Science,2,Present
48089,21,Male,Computer Science,5,62.77,8.8,SES-2010,2024-03-24,Business,5,Present
48089,21,Male,Computer Science,5,62.77,8.8,SES-2002,2023-11-02,Computer Science,2,Present
48087,18,Male,Computer Science,5,62.77,8.8,SES-2035,2023-11-28,Social Sciences,3,Present
48086,18,Male,Social Sciences,3,69.44,13.1,SES-2027,2024-04-05,Engineering,6,Absent
48086,18,Male,Business,4,59.57,7.2,SES-2026,2024-04-19,Business,5,Present
48086,18,Male,Business,4,59.57,7.2,SES-2043,2024-05-18,Education,7,Present
48086,18,Male,Business,4,59.57,7.2,SES-2016,2024-04-12,Social Sciences,6,Present
48085,23,Male,Business,4,59.57,7.2,SES-2001,2024-02-05,Computer Science,4,Absent
48085,23,Female,Education,5,71.1,8.7,SES-2032,2023-11-25,Social Sciences,2,Present
48085,23,Female,Education,5,71.1,8.7,SES-2010,2024-03-24,Business,5,Absent
48084,23,Female,Education,5,71.1,8.7,SES-2020,2024-03-27,Computer Science,4,Present
48084,23,Female,Education,5,71.1,8.7,SES-2001,2024-02-05,Computer Science,4,Absent
48084,23,Female,Education,5,71.1,8.7,SES-2043,2024-05-18,Education,7,Absent
48082,22,Male,Business,1,74.55,14.1,SES-2033,2023-11-14,Education,2,Present
48082,22,Male,Business,1,74.55,14.1,SES-2003,2023-10-08,Engineering,2,Present
48082,22,Male,Business,1,74.55,14.1,SES-2022,2024-06-03,Education,7,Present
48080,20,Female,Computer Science,2,70.5,12.6,SES-2021,2024-02-26,Social Sciences,4,Present
48080,20,Female,Computer Science,2,70.5,12.6,SES-2048,2023-09-03,Computer Science,1,Present
48080,20,Female,Business,3,76.27,10.3,SES-2027,2024-04-05,Engineering,6,Present
48079,20,Female,Business,3,84.81,10.2,SES-2034,2024-06-24,Social Sciences,8,Present
48078,19,Male,Computer Science,6,56.6,7.2,SES-2028,2024-06-25,Computer Science,8,Present
48078,19,Male,Social Sciences,5,73.54,4.6,SES-2029,2023-10-21,Education,2,Absent
48078,19,Female,Social Sciences,5,64.45,11.1,SES-2025,2023-11-24,Engineering,3,Absent
48078,19,Female,Social Sciences,5,64.45,11.1,SES-2009,2024-05-12,Social Sciences,7,Present
48074,22,Male,Business,4,61.34,7.7,SES-2034,2024-06-24,Social Sciences,8,Present
48074,22,Male,Business,4,61.34,7.7,SES-2017,2024-03-23,Computer Science,4,Present
48073,18,Male,Business,4,61.34,7.7,SES-2042,2023-12-17,Engineering,3,Present
48073,18,Male,Business,4,61.34,7.7,SES-2033,2023-11-14,Education,2,Present
48073,18,Male,Business,4,61.34,7.7,SES-2049,2024-04-17,Education,6,Present
48070,20,Female,Computer Science,4,73.84,12.7,SES-2021,2024-02-26,Social Sciences,4,Present
48070,20,Female,Computer Science,4,73.84,12.7,SES-2004,2023-09-23,Engineering,1,Present
48070,20,Female,Computer Science,4,73.84,12.7,SES-2028,2024-06-25,Computer Science,8,Present
48070,20,Male,Engineering,5,58.26,4.4,SES-2007,2024-06-09,Education,7,Absent
48064,21,Female,Engineering,4,42.42,7.2,SES-2039,2024-02-08,Engineering,4,Absent
48063,22,Female,Engineering,4,42.42,7.2,SES-2022,2024-06-03,Education,7,Present
48063,22,Female,Engineering,8,68.63,10.5,SES-2006,2024-03-25,Education,5,Present
48063,22,Female,Engineering,8,68.63,10.5,SES-2016,2024-04-12,Social Sciences,6,Present
48063,22,Female,Engineering,8,68.63,10.5,SES-2036,2024-02-12,Education,4,Present
48062,21,Female,Engineering,8,68.63,10.5,SES-2049,2024-04-17,Education,6,Present
48061,20,Female,Business,2,77.27,3.6,SES-2023,2024-04-21,Business,6,Absent
48061,20,Female,Business,2,77.27,3.6,SES-2035,2023-11-28,Social Sciences,3,Present
48061,20,Female,Business,2,77.27,3.6,SES-2022,2024-06-03,Education,7,Present
48061,20,Female,Business,2,77.27,3.6,SES-2016,2024-04-12,Social Sciences,6,Absent
48061,20,Female,Engineering,5,76.48,10.9,SES-2020,2024-03-27,Computer Science,4,Present
48060,25,Female,Engineering,5,76.48,10.9,SES-2039,2024-02-08,Engineering,4,Present
48060,25,Female,Computer Science,6,59.06,8.6,SES-2013,2023-10-22,Education,2,Present
48060,25,Female,Computer Science,6,59.06,8.6,SES-2022,2024-06-03,Education,7,Present
48055,18,Female,Social Sciences,2,61.2,5.7,SES-2027,2024-04-05,Engineering,6,Present
48055,18,Female,Social Sciences,2,61.2,5.7,SES-2025,2023-11-24,Engineering,3,Present
48054,20,Female,Social Sciences,2,61.2,5.7,SES-2047,2024-02-01,Computer Science,4,Present
48053,21,Female,Social Sciences,2,61.2,5.7,SES-2032,2023-11-25,Social Sciences,2,Present
48053,21,Female,Computer Science,2,64.51,4.9,SES-2005,2024-05-15,Engineering,7,Absent
48053,21,Female,Engineering,4,80.44,11.2,SES-2025,2023-11-24,Engineering,3,Present
48052,20,Male,Business,3,72.3,10.9,SES-2036,2024-02-12,Education,4,Present
48051,21,Male,Business,3,72.3,10.9,SES-2001,2024-02-05,Computer Science,4,Present
48051,21,Male,Business,3,72.3,10.9,SES-2024,2024-06-05,Social Sciences,7,Absent
48050,22,Male,Business,3,72.3,10.9,SES-2037,2023-10-16,Computer Science,1,Present
48050,22,Female,Computer Science,6,55.21,8.2,SES-2038,2023-11-27,Social Sciences,2,Present
48049,21,Female,Computer Science,6,55.21,8.2,SES-2026,2024-04-19,Business,5,Absent
48049,21,Female,Computer Science,6,55.21,8.2,SES-2028,2024-06-25,Computer Science,8,Present
48049,21,Female,Computer Science,6,55.21,8.2,SES-2049,2024-04-17,Education,6,Present
48046,20,Male,Education,4,91.57,10.3,SES-2017,2024-03-23,Computer Science,4,Present
48045,24,Male,Education,4,91.57,10.3,SES-2016,2024-04-12,Social Sciences,6,Present
48043,19,Male,Education,4,91.57,10.3,SES-2039,2024-02-08,Engineering,4,Present
48043,19,Male,Education,4,91.57,10.3,SES-2019,2024-06-21,Engineering,7,Absent
48043,19,Male,Engineering,5,59.96,7.4,SES-2014,2024-03-28,Education,5,Present
48042,22,Male,Engineering,5,59.96,7.4,SES-2010,2024-03-24,Business,5,Absent
48042,22,Male,Engineering,5,59.96,7.4,SES-2023,2024-04-21,Business,6,Present
48040,21,Female,Education,8,92.47,9.6,SES-2018,2023-11-06,Business,3,Present
48040,21,Female,Education,8,92.47,9.6,SES-2036,2024-02-12,Education,4,Present
48039,23,Male,Business,3,49.23,8.6,SES-2020,2024-03-27,Computer Science,4,Absent
48036,22,Male,Business,3,49.23,8.6,SES-2005,2024-05-15,Engineering,7,Present
48036,22,Female,Computer Science,7,59.2,8.8,SES-2045,2024-07-04,Education,8,Present
48036,22,Female,Computer Science,7,59.2,8.8,SES-2035,2023-11-28,Social Sciences,3,Present
48036,22,Female,Computer Science,7,59.2,8.8,SES-2002,2023-11-02,Computer Science,2,Absent
48033,20,Female,Engineering,1,44.47,7.9,SES-2003,2023-10-08,Engineering,2,Absent
48033,20,Female,Engineering,1,44.47,7.9,SES-2016,2024-04-12,Social Sciences,6,Absent
48033,20,Male,Education,1,42.76,11.3,SES-2018,2023-11-06,Business,3,Absent
48032,22,Male,Education,1,42.76,11.3,SES-2023,2024-04-21,Business,6,Absent
48032,22,Male,Education,1,42.76,11.3,SES-2001,2024-02-05,Computer Science,4,Absent
48032,22,Male,Education,1,42.76,11.3,SES-2010,2024-03-24,Business,5,Absent
48032,22,Male,Computer Science,5,52.67,11.0,SES-2036,2024-02-12,Education,4,Absent
48031,22,Female,Social Sciences,6,67.9,9.1,SES-2012,2024-04-19,Education,5,Present
48030,18,Female,Engineering,4,36.17,5.5,SES-2001,2024-02-05,Computer Science,4,Absent
48030,18,Female,Engineering,4,36.17,5.5,SES-2046,2024-02-11,Computer Science,4,Present
48029,18,Female,Engineering,4,36.17,5.5,SES-2034,2024-06-24,Social Sciences,8,Present
48028,20,Female,Social Sciences,6,57.12,15.2,SES-2038,2023-11-27,Social Sciences,2,Present
48027,20,Male,Education,4,66.71,10.4,SES-2008,2024-03-04,Computer Science,4,Present
48022,24,Male,Business,8,67.17,12.1,SES-2048,2023-09-03,Computer Science,1,Present
48022,24,Male,Business,8,67.17,12.1,SES-2043,2024-05-18,Education,7,Absent
48022,24,Male,Business,8,67.17,12.1,SES-2018,2023-11-06,Business,3,Present
48021,21,Male,Business,8,67.17,12.1,SES-2013,2023-10-22,Education,2,Present
48021,21,Male,Business,6,79.35,8.2,SES-2033,2023-11-14,Education,2,Present
48019,21,Male,Business,2,73.99,9.9,SES-2046,2024-02-11,Computer Science,4,Present
48017,25,Female,Engineering,5,74.6,11.0,SES-2003,2023-10-08,Engineering,2,Present
48017,25,Female,Engineering,5,74.6,11.0,SES-2031,2024-07-18,Computer Science,8,Present
48014,25,Female,Business,7,81.57,6.4,SES-2009,2024-05-12,Social Sciences,7,Present
48014,25,Female,Business,7,81.57,6.4,SES-2005,2024-05-15,Engineering,7,Absent
48014,25,Female,Business,7,81.57,6.4,SES-2022,2024-06-03,Education,7,Present
48014,25,Male,Computer Science,3,73.21,11.5,SES-2045,2024-07-04,Education,8,Present
48010,20,Female,Social Sciences,5,50.63,4.9,SES-2045,2024-07-04,Education,8,Absent
48009,18,Female,Social Sciences,5,50.63,4.9,SES-2027,2024-04-05,Engineering,6,Absent
48008,19,Female,Social Sciences,5,50.63,4.9,SES-2038,2023-11-27,Social Sciences,2,Absent
48008,19,Female,Social Sciences,5,50.63,4.9,SES-2036,2024-02-12,Education,4,Present
48008,19,Male,Education,2,52.43,10.5,SES-2019,2024-06-21,Engineering,7,Present
48007,23,Male,Education,2,52.43,10.5,SES-2003,2023-10-08,Engineering,2,Present
48001,20,Female,Education,3,50.41,8.2,SES-2016,2024-04-12,Social Sciences,6,Present
48001,20,Female,Business,6,55.83,10.0,SES-2002,2023-11-02,Computer Science,2,Present
48001,20,Female,Business,6,55.83,10.0,SES-2006,2024-03-25,Education,5,Present
47999,19,Male,Education,1,52.79,7.1,SES-2011,2023-11-03,Engineering,2,Present
47997,21,Female,Engineering,6,74.0,9.7,SES-2040,2023-10-24,Business,2,Present
47997,21,Female,Engineering,6,74.0,9.7,SES-2026,2024-04-19,Business,5,Present
47997,21,Female,Engineering,6,74.0,9.7,SES-2006,2024-03-25,Education,5,Absent
47996,23,Female,Engineering,6,74.0,9.7,SES-2024,2024-06-05,Social Sciences,7,Present
47996,23,Male,Education,1,51.12,7.8,SES-2036,2024-02-12,Education,4,Present
47996,23,Male,Education,1,51.12,7.8,SES-2007,2024-06-09,Education,7,Present
47996,23,Male,Education,1,51.12,7.8,SES-2033,2023-11-14,Education,2,Present
47993,17,Female,Social Sciences,4,72.07,9.3,SES-2034,2024-06-24,Social Sciences,8,Present
47991,22,Female,Social Sciences,4,72.07,9.3,SES-2008,2024-03-04,Computer Science,4,Present
47991,22,Male,Education,4,51.32,9.4,SES-2038,2023-11-27,Social Sciences,2,Present
47991,22,Male,Education,4,51.32,9.4,SES-2021,2024-02-26,Social Sciences,4,Present
47991,22,Male,Education,4,51.32,9.4,SES-2012,2024-04-19,Education,5,Present
47989,20,Male,Engineering,5,59.71,8.0,SES-2008,2024-03-04,Computer Science,4,Present
47989,20,Male,Engineering,5,59.71,8.0,SES-2026,2024-04-19,Business,5,Present
47989,20,Female,Social Sciences,1,61.58,4.5,SES-2021,2024-02-26,Social Sciences,4,Absent
47987,19,Female,Engineering,3,51.72,11.7,SES-2039,2024-02-08,Engineering,4,Absent
47987,19,Female,Engineering,3,51.72,11.7,SES-2047,2024-02-01,Computer Science,4,Present
47985,23,Female,Computer Science,2,60.22,15.2,SES-2016,2024-04-12,Social Sciences,6,Present
47984,22,Female,Computer Science,2,60.22,15.2,SES-2008,2024-03-04,Computer Science,4,Present
47983,19,Female,Computer Science,2,60.22,15.2,SES-2001,2024-02-05,Computer Science,4,Present
47983,19,Male,Engineering,2,57.85,6.5,SES-2023,2024-04-21,Business,6,Present
47983,19,Male,Engineering,2,57.85,6.5,SES-2012,2024-04-19,Education,5,Present
47983,19,Male,Engineering,2,57.85,6.5,SES-2013,2023-10-22,Education,2,Present
47983,19,Male,Engineering,8,71.25,13.1,SES-2032,2023-11-25,Social Sciences,2,Present
47982,18,Female,Business,7,75.48,9.6,SES-2040,2023-10-24,Business,2,Absent
47978,22,Male,Business,6,78.17,10.7,SES-2041,2023-10-05,Business,2,Absent
47978,22,Male,Business,6,78.17,10.7,SES-2001,2024-02-05,Computer Science,4,Present
47978,22,Male,Business,6,78.17,10.7,SES-2022,2024-06-03,Education,7,Present
47978,22,Male,Business,6,78.17,10.7,SES-2028,2024-06-25,Computer Science,8,Present
47977,21,Male,Business,6,78.17,10.7,SES-2008,2024-03-04,Computer Science,4,Present
47975,19,Male,Engineering,3,63.62,8.9,SES-2003,2023-10-08,Engineering,2,Present
47975,19,Male,Engineering,3,63.62,8.9,SES-2022,2024-06-03,Education,7,Present
47973,18,Male,Engineering,3,63.62,8.9,SES-2007,2024-06-09,Education,7,Present
47973,18,Male,Engineering,3,63.62,8.9,SES-2048,2023-09-03,Computer Science,1,Present
47970,23,Female,Computer Science,3,76.8,11.9,SES-2002,2023-11-02,Computer Science,2,Present
47970,23,Female,Computer Science,5,47.09,8.4,SES-2001,2024-02-05,Computer Science,4,Present
47970,23,Female,Computer Science,5,47.09,8.4,SES-2019,2024-06-21,Engineering,7,Absent
47965,19,Male,Computer Science,3,73.76,10.1,SES-2003,2023-10-08,Engineering,2,Present
47965,19,Male,Computer Science,3,73.76,10.1,SES-2032,2023-11-25,Social Sciences,2,Absent
47958,23,Female,Social Sciences,3,76.17,9.8,SES-2013,2023-10-22,Education,2,Present
47958,23,Female,Social Sciences,3,76.17,9.8,SES-2048,2023-09-03,Computer Science,1,Absent
47958,23,Female,Social Sciences,3,76.17,9.8,SES-2028,2024-06-25,Computer Science,8,Present
47958,23,Female,Social Sciences,3,76.17,9.8,SES-2031,2024-07-18,Computer Science,8,Present
47953,22,Male,Social Sciences,7,44.44,7.0,SES-2024,2024-06-05,Social Sciences,7,Absent
47951,20,Male,Social Sciences,7,44.44,7.0,SES-2032,2023-11-25,Social Sciences,2,Absent
47949,22,Female,Computer Science,4,70.79,9.7,SES-2001,2024-02-05,Computer Science,4,Present
47949,22,Female,Computer Science,4,70.79,9.7,SES-2009,2024-05-12,Social Sciences,7,Present
47947,20,Male,Social Sciences,3,50.48,8.3,SES-2008,2024-03-04,Computer Science,4,Absent
47947,20,Male,Social Sciences,3,50.48,8.3,SES-2035,2023-11-28,Social Sciences,3,Present
47946,22,Female,Computer Science,3,79.34,7.7,SES-2017,2024-03-23,Computer Science,4,Present
47945,21,Female,Computer Science,6,74.15,8.3,SES-2040,2023-10-24,Business,2,Present
47943,24,Female,Computer Science,3,77.47,10.6,SES-2048,2023-09-03,Computer Science,1,Absent
47943,24,Female,Computer Science,3,77.47,10.6,SES-2019,2024-06-21,Engineering,7,Present
47942,21,Male,Education,4,71.78,7.7,SES-2012,2024-04-19,Education,5,Present
47942,21,Male,Business,6,81.9,9.7,SES-2022,2024-06-03,Education,7,Absent
47942,21,Male,Business,6,81.9,9.7,SES-2014,2024-03-28,Education,5,Present
47942,21,Male,Business,6,81.9,9.7,SES-2020,2024-03-27,Computer Science,4,Present
47942,21,Male,Business,6,81.9,9.7,SES-2038,2023-11-27,Social Sciences,2,Present
47941,21,Male,Business,6,81.9,9.7,SES-2044,2024-04-22,Social Sciences,5,Present
47935,22,Female,Computer Science,6,53.22,7.8,SES-2047,2024-02-01,Computer Science,4,Present
47934,21,Female,Computer Science,6,53.22,7.8,SES-2031,2024-07-18,Computer Science,8,Present
47931,17,Female,Computer Science,1,68.64,8.2,SES-2049,2024-04-17,Education,6,Present
47929,19,Male,Social Sciences,2,78.55,10.9,SES-2046,2024-02-11,Computer Science,4,Present
47928,20,Female,Engineering,5,74.29,8.1,SES-2031,2024-07-18,Computer Science,8,Present
47928,20,Female,Engineering,5,74.29,8.1,SES-2036,2024-02-12,Education,4,Present
47928,20,Female,Engineering,5,74.29,8.1,SES-2029,2023-10-21,Education,2,Present
47928,20,Female,Business,3,53.29,6.0,SES-2033,2023-11-14,Education,2,Present
47928,20,Female,Business,3,53.29,6.0,SES-2022,2024-06-03,Education,7,Present
47927,22,Male,Business,4,50.13,7.2,SES-2020,2024-03-27,Computer Science,4,Present
47926,22,Male,Business,4,50.13,7.2,SES-2008,2024-03-04,Computer Science,4,Present
47926,22,Male,Business,4,50.13,7.2,SES-2010,2024-03-24,Business,5,Absent
47925,19,Male,Education,1,60.75,5.0,SES-2003,2023-10-08,Engineering,2,Present
47925,19,Male,Education,1,60.75,5.0,SES-2049,2024-04-17,Education,6,Present
47924,21,Female,Education,7,52.75,6.9,SES-2016,2024-04-12,Social Sciences,6,Present
47924,21,Female,Education,7,52.75,6.9,SES-2013,2023-10-22,Education,2,Absent
47924,21,Male,Computer Science,1,64.66,6.0,SES-2047,2024-02-01,Computer Science,4,Present
47924,21,Male,Computer Science,1,64.66,6.0,SES-2037,2023-10-16,Computer Science,1,Present
47923,17,Female,Social Sciences,6,49.0,9.8,SES-2016,2024-04-12,Social Sciences,6,Absent
47923,17,Female,Social Sciences,6,49.0,9.8,SES-2014,2024-03-28,Education,5,Absent
47922,18,Female,Social Sciences,6,49.0,9.8,SES-2038,2023-11-27,Social Sciences,2,Absent
47916,21,Male,Computer Science,1,68.94,9.2,SES-2013,2023-10-22,Education,2,Present
47916,21,Male,Computer Science,1,68.94,9.2,SES-2000,2023-10-24,Social Sciences,2,Absent
47916,21,Male,Business,5,66.47,7.2,SES-2012,2024-04-19,Education,5,Present
47912,18,Female,Computer Science,1,59.92,7.3,SES-2032,2023-11-25,Social Sciences,2,Present
47912,18,Female,Computer Science,1,59.92,7.3,SES-2047,2024-02-01,Computer Science,4,Absent
47912,18,Female,Computer Science,1,59.92,7.3,SES-2049,2024-04-17,Education,6,Present
47911,19,Female,Computer Science,1,59.92,7.3,SES-2027,2024-04-05,Engineering,6,Present
47911,19,Female,Computer Science,1,59.92,7.3,SES-2029,2023-10-21,Education,2,Present
47910,17,Male,Social Sciences,1,63.07,13.3,SES-2049,2024-04-17,Education,6,Present
47908,19,Female,Computer Science,6,53.93,8.6,SES-2015,2023-11-09,Business,2,Present
47908,19,Female,Computer Science,6,53.93,8.6,SES-2041,2023-10-05,Business,2,Present
47907,25,Female,Computer Science,6,53.93,8.6,SES-2032,2023-11-25,Social Sciences,2,Present
47907,25,Female,Education,3,92.67,11.3,SES-2048,2023-09-03,Computer Science,1,Present
47907,25,Male,Social Sciences,2,64.45,8.1,SES-2036,2024-02-12,Education,4,Absent
47907,25,Male,Social Sciences,2,64.45,8.1,SES-2020,2024-03-27,Computer Science,4,Present
47906,22,Male,Social Sciences,2,64.45,8.1,SES-2018,2023-11-06,Business,3,Present
47906,22,Male,Social Sciences,8,84.09,9.7,SES-2008,2024-03-04,Computer Science,4,Present
47906,22,Male,Social Sciences,8,84.09,9.7,SES-2029,2023-10-21,Education,2,Absent
47897,24,Female,Education,8,71.4,8.2,SES-2025,2023-11-24,Engineering,3,Present
47893,21,Female,Education,3,60.58,6.3,SES-2046,2024-02-11,Computer Science,4,Present
47893,21,Female,Education,3,60.58,6.3,SES-2024,2024-06-05,Social Sciences,7,Present
47893,21,Female,Education,3,60.58,6.3,SES-2049,2024-04-17,Education,6,Present
47891,17,Female,Education,3,60.58,6.3,SES-2008,2024-03-04,Computer Science,4,Absent
47891,17,Female,Education,3,60.58,6.3,SES-2016,2024-04-12,Social Sciences,6,Present
47891,17,Male,Computer Science,8,79.94,18.2,SES-2010,2024-03-24,Business,5,Present
47891,17,Male,Computer Science,8,79.94,18.2,SES-2048,2023-09-03,Computer Science,1,Absent
47890,20,Male,Computer Science,8,79.94,18.2,SES-2002,2023-11-02,Computer Science,2,Absent
47890,20,Male,Computer Science,8,79.94,18.2,SES-2037,2023-10-16,Computer Science,1,Present
47890,20,Male,Social Sciences,7,53.57,6.6,SES-2035,2023-11-28,Social Sciences,3,Present
47889,21,Male,Social Sciences,7,53.57,6.6,SES-2038,2023-11-27,Social Sciences,2,Present
47889,21,Male,Social Sciences,7,53.57,6.6,SES-2017,2024-03-23,Computer Science,4,Absent
47888,20,Male,Social Sciences,7,53.57,6.6,SES-2027,2024-04-05,Engineering,6,Absent
47888,20,Male,Computer Science,3,66.94,7.5,SES-2001,2024-02-05,Computer Science,4,Present
47888,20,Male,Computer Science,3,66.94,7.5,SES-2007,2024-06-09,Education,7,Present
47888,20,Male,Computer Science,3,66.94,7.5,SES-2028,2024-06-25,Computer Science,8,Present
47881,17,Female,Engineering,1,49.51,8.7,SES-2029,2023-10-21,Education,2,Absent
47881,17,Female,Engineering,1,49.51,8.7,SES-2026,2024-04-19,Business,5,Absent
47881,17,Female,Engineering,1,49.51,8.7,SES-2018,2023-11-06,Business,3,Absent
47880,23,Female,Engineering,1,49.51,8.7,SES-2006,2024-03-25,Education,5,Absent
47879,21,Female,Education,5,71.16,10.2,SES-2023,2024-04-21,Business,6,Present
47879,21,Female,Education,5,71.16,10.2,SES-2039,2024-02-08,Engineering,4,Present
47879,21,Female,Education,5,71.16,10.2,SES-2024,2024-06-05,Social Sciences,7,Present
47879,21,Female,Education,5,71.16,10.2,SES-2044,2024-04-22,Social Sciences,5,Absent
47879,21,Female,Education,5,71.16,10.2,SES-2001,2024-02-05,Computer Science,4,Present
47876,23,Female,Business,1,67.38,9.8,SES-2035,2023-11-28,Social Sciences,3,Present
47875,21,Female,Business,1,67.38,9.8,SES-2039,2024-02-08,Engineering,4,Present
47874,22,Female,Business,6,76.94,10.8,SES-2048,2023-09-03,Computer Science,1,Present
47874,22,Female,Business,6,76.94,10.8,SES-2037,2023-10-16,Computer Science,1,Present
47874,22,Female,Business,6,76.94,10.8,SES-2033,2023-11-14,Education,2,Present
47873,27,Male,Engineering,4,76.62,8.7,SES-2020,2024-03-27,Computer Science,4,Present
47870,23,Female,Engineering,1,83.63,5.9,SES-2029,2023-10-21,Education,2,Present
47870,23,Female,Engineering,1,83.63,5.9,SES-2022,2024-06-03,Education,7,Present
47869,24,Female,Engineering,1,83.63,5.9,SES-2030,2024-05-13,Business,7,Present
47869,24,Female,Engineering,1,83.63,5.9,SES-2035,2023-11-28,Social Sciences,3,Present
47868,20,Male,Education,5,72.92,5.2,SES-2040,2023-10-24,Business,2,Present
47868,20,Male,Education,5,72.92,5.2,SES-2023,2024-04-21,Business,6,Absent
47867,21,Male,Education,5,72.92,5.2,SES-2030,2024-05-13,Business,7,Present
47867,21,Male,Engineering,7,73.06,6.8,SES-2010,2024-03-24,Business,5,Present
47867,21,Male,Engineering,7,73.06,6.8,SES-2035,2023-11-28,Social Sciences,3,Present
47866,17,Male,Engineering,7,73.06,6.8,SES-2023,2024-04-21,Business,6,Absent
47864,19,Male,Engineering,2,80.9,5.2,SES-2000,2023-10-24,Social Sciences,2,Present
47861,24,Male,Social Sciences,4,48.49,8.1,SES-2012,2024-04-19,Education,5,Absent
47860,18,Male,Social Sciences,4,48.49,8.1,SES-2021,2024-02-26,Social Sciences,4,Absent
47860,18,Male,Social Sciences,4,48.49,8.1,SES-2022,2024-06-03,Education,7,Absent
47859,23,Male,Computer Science,7,61.15,10.4,SES-2020,2024-03-27,Computer Science,4,Present
47859,23,Male,Computer Science,3,71.21,12.9,SES-2011,2023-11-03,Engineering,2,Present
47859,23,Male,Computer Science,3,71.21,12.9,SES-2046,2024-02-11,Computer Science,4,Present
47859,23,Male,Computer Science,3,71.21,12.9,SES-2008,2024-03-04,Computer Science,4,Present
47859,23,Male,Computer Science,3,71.21,12.9,SES-2010,2024-03-24,Business,5,Present
47858,17,Male,Computer Science,3,71.21,12.9,SES-2029,2023-10-21,Education,2,Present
47857,21,Female,Social Sciences,1,80.18,11.3,SES-2023,2024-04-21,Business,6,Present
47857,21,Female,Social Sciences,1,80.18,11.3,SES-2012,2024-04-19,Education,5,Present
47857,21,Female,Social Sciences,1,80.18,11.3,SES-2021,2024-02-26,Social Sciences,4,Absent
47857,21,Female,Social Sciences,1,80.18,11.3,SES-2020,2024-03-27,Computer Science,4,Present
47856,21,Female,Social Sciences,1,80.18,11.3,SES-2047,2024-02-01,Computer Science,4,Present
47854,19,Male,Education,7,34.13,1.9,SES-2018,2023-11-06,Business,3,Absent
47854,19,Male,Education,7,34.13,1.9,SES-2049,2024-04-17,Education,6,Absent
47853,22,Male,Education,7,34.13,1.9,SES-2029,2023-10-21,Education,2,Absent
47853,22,Male,Education,7,34.13,1.9,SES-2016,2024-04-12,Social Sciences,6,Absent
47853,22,Female,Engineering,3,42.91,6.6,SES-2027,2024-04-05,Engineering,6,Absent
47853,22,Female,Engineering,3,42.91,6.6,SES-2002,2023-11-02,Computer Science,2,Absent
47853,22,Female,Engineering,3,42.91,6.6,SES-2013,2023-10-22,Education,2,Present
47853,22,Female,Engineering,3,42.91,6.6,SES-2022,2024-06-03,Education,7,Present
47850,22,Female,Engineering,3,69.84,12.5,SES-2023,2024-04-21,Business,6,Present
47849,22,Female,Engineering,3,69.84,12.5,SES-2019,2024-06-21,Engineering,7,Present
47849,22,Female,Engineering,3,69.84,12.5,SES-2002,2023-11-02,Computer Science,2,Present
47849,22,Female,Engineering,3,69.84,12.5,SES-2018,2023-11-06,Business,3,Present
47849,22,Female,Engineering,3,69.84,12.5,SES-2034,2024-06-24,Social Sciences,8,Absent
47849,22,Female,Engineering,8,85.92,10.7,SES-2031,2024-07-18,Computer Science,8,Present
47846,21,Female,Education,6,57.28,5.8,SES-2009,2024-05-12,Social Sciences,7,Present
47843,21,Female,Engineering,3,82.38,12.6,SES-2012,2024-04-19,Education,5,Present
47843,21,Female,Engineering,3,82.38,12.6,SES-2018,2023-11-06,Business,3,Present
47843,21,Female,Engineering,3,82.38,12.6,SES-2021,2024-02-26,Social Sciences,4,Present
47843,21,Female,Education,8,67.85,10.9,SES-2033,2023-11-14,Education,2,Present
47827,21,Male,Business,3,61.89,7.5,SES-2025,2023-11-24,Engineering,3,Present
47827,21,Male,Business,3,61.89,7.5,SES-2039,2024-02-08,Engineering,4,Absent
47825,23,Male,Business,3,61.89,7.5,SES-2005,2024-05-15,Engineering,7,Absent
47822,22,Male,Business,5,74.19,5.7,SES-2015,2023-11-09,Business,2,Present
47821,20,Male,Business,5,74.19,5.7,SES-2009,2024-05-12,Social Sciences,7,Present
47820,21,Male,Business,5,74.19,5.7,SES-2027,2024-04-05,Engineering,6,Present
47818,25,Male,Education,4,88.36,12.2,SES-2024,2024-06-05,Social Sciences,7,Present
47818,25,Male,Education,4,88.36,12.2,SES-2011,2023-11-03,Engineering,2,Absent
47818,25,Female,Engineering,4,39.14,7.4,SES-2035,2023-11-28,Social Sciences,3,Present
47817,23,Female,Engineering,4,39.14,7.4,SES-2027,2024-04-05,Engineering,6,Present
47816,21,Female,Engineering,4,39.14,7.4,SES-2012,2024-04-19,Education,5,Present
47815,20,Female,Engineering,4,39.14,7.4,SES-2041,2023-10-05,Business,2,Absent
47815,20,Male,Engineering,7,63.94,2.7,SES-2004,2023-09-23,Engineering,1,Absent
47807,17,Male,Business,1,78.88,11.1,SES-2037,2023-10-16,Computer Science,1,Present
47807,17,Male,Business,1,78.88,11.1,SES-2034,2024-06-24,Social Sciences,8,Present
47807,17,Male,Business,1,78.88,11.1,SES-2042,2023-12-17,Engineering,3,Present
47807,17,Female,Business,1,57.06,5.7,SES-2020,2024-03-27,Computer Science,4,Present
47807,17,Female,Business,1,57.06,5.7,SES-2028,2024-06-25,Computer Science,8,Absent
47807,17,Female,Business,1,57.06,5.7,SES-2022,2024-06-03,Education,7,Present
47807,17,Female,Business,5,68.81,6.1,SES-2007,2024-06-09,Education,7,Present
47807,17,Male,Computer Science,3,80.04,16.9,SES-2023,2024-04-21,Business,6,Present
47806,26,Male,Computer Science,3,80.04,16.9,SES-2015,2023-11-09,Business,2,Present
47806,26,Male,Computer Science,3,80.04,16.9,SES-2043,2024-05-18,Education,7,Present
47806,26,Male,Computer Science,3,80.04,16.9,SES-2025,2023-11-24,Engineering,3,Present
47804,26,Female,Social Sciences,2,66.15,11.2,SES-2035,2023-11-28,Social Sciences,3,Present
47802,20,Female,Engineering,1,80.39,12.5,SES-2040,2023-10-24,Business,2,Present
47801,24,Female,Engineering,1,80.39,12.5,SES-2038,2023-11-27,Social Sciences,2,Present
47801,24,Female,Engineering,1,80.39,12.5,SES-2016,2024-04-12,Social Sciences,6,Present
47801,24,Female,Engineering,1,80.39,12.5,SES-2025,2023-11-24,Engineering,3,Present
47801,24,Female,Engineering,1,80.39,12.5,SES-2002,2023-11-02,Computer Science,2,Present
47800,19,Female,Computer Science,1,95.08,15.3,SES-2021,2024-02-26,Social Sciences,4,Present
47798,19,Female,Business,2,56.4,7.2,SES-2026,2024-04-19,Business,5,Absent
47797,22,Female,Education,1,46.86,6.3,SES-2017,2024-03-23,Computer Science,4,Absent
47795,20,Male,Social Sciences,3,60.92,9.0,SES-2014,2024-03-28,Education,5,Absent
47795,20,Female,Business,7,67.83,6.8,SES-2043,2024-05-18,Education,7,Present
47795,20,Female,Business,7,67.83,6.8,SES-2035,2023-11-28,Social Sciences,3,Absent
47793,17,Female,Business,7,67.83,6.8,SES-2034,2024-06-24,Social Sciences,8,Present
47793,17,Male,Engineering,5,87.58,5.7,SES-2032,2023-11-25,Social Sciences,2,Present
47793,17,Male,Engineering,5,87.58,5.7,SES-2043,2024-05-18,Education,7,Absent
47793,17,Female,Education,8,81.16,7.9,SES-2021,2024-02-26,Social Sciences,4,Absent
47792,24,Female,Education,8,81.16,7.9,SES-2032,2023-11-25,Social Sciences,2,Present
47792,24,Female,Education,8,81.16,7.9,SES-2038,2023-11-27,Social Sciences,2,Present
47791,23,Male,Social Sciences,6,38.88,7.2,SES-2049,2024-04-17,Education,6,Absent
47791,23,Male,Social Sciences,6,38.88,7.2,SES-2026,2024-04-19,Business,5,Absent
47791,23,Male,Social Sciences,6,38.88,7.2,SES-2021,2024-02-26,Social Sciences,4,Present
47789,21,Male,Social Sciences,4,81.63,9.3,SES-2005,2024-05-15,Engineering,7,Present
47789,21,Male,Social Sciences,4,81.63,9.3,SES-2013,2023-10-22,Education,2,Present
47789,21,Male,Social Sciences,4,81.63,9.3,SES-2007,2024-06-09,Education,7,Present
47787,22,Male,Social Sciences,4,81.63,9.3,SES-2044,2024-04-22,Social Sciences,5,Absent
47787,22,Male,Social Sciences,4,81.63,9.3,SES-2003,2023-10-08,Engineering,2,Present
47786,17,Male,Computer Science,8,51.04,3.4,SES-2018,2023-11-06,Business,3,Absent
47786,17,Male,Computer Science,8,51.04,3.4,SES-2004,2023-09-23,Engineering,1,Absent
47781,20,Male,Business,4,52.23,5.5,SES-2041,2023-10-05,Business,2,Present
47781,20,Male,Business,4,52.23,5.5,SES-2012,2024-04-19,Education,5,Present
47781,20,Male,Business,4,52.23,5.5,SES-2037,2023-10-16,Computer Science,1,Present
47779,22,Male,Business,4,52.23,5.5,SES-2031,2024-07-18,Computer Science,8,Present
47777,21,Female,Business,4,57.89,13.6,SES-2031,2024-07-18,Computer Science,8,Present
47777,21,Female,Business,4,57.89,13.6,SES-2014,2024-03-28,Education,5,Present
47777,21,Female,Business,4,57.89,13.6,SES-2030,2024-05-13,Business,7,Absent
47774,24,Female,Computer Science,5,62.93,5.3,SES-2005,2024-05-15,Engineering,7,Present
47774,24,Female,Computer Science,5,62.93,5.3,SES-2048,2023-09-03,Computer Science,1,Present
47767,24,Female,Computer Science,7,67.04,11.7,SES-2046,2024-02-11,Computer Science,4,Present
47767,24,Female,Computer Science,7,67.04,11.7,SES-2049,2024-04-17,Education,6,Present
47764,17,Female,Social Sciences,8,83.02,9.6,SES-2006,2024-03-25,Education,5,Present
47764,17,Female,Social Sciences,8,83.02,9.6,SES-2037,2023-10-16,Computer Science,1,Present
47763,22,Female,Social Sciences,8,83.02,9.6,SES-2017,2024-03-23,Computer Science,4,Absent
47763,22,Female,Social Sciences,8,83.02,9.6,SES-2025,2023-11-24,Engineering,3,Present
47763,22,Male,Social Sciences,2,70.82,8.3,SES-2009,2024-05-12,Social Sciences,7,Present
47763,22,Male,Social Sciences,2,70.82,8.3,SES-2033,2023-11-14,Education,2,Present
47762,20,Male,Social Sciences,2,70.82,8.3,SES-2041,2023-10-05,Business,2,Present
47762,20,Male,Social Sciences,2,70.82,8.3,SES-2035,2023-11-28,Social Sciences,3,Present
47762,20,Male,Social Sciences,2,70.82,8.3,SES-2045,2024-07-04,Education,8,Present
47762,20,Female,Engineering,6,36.01,6.1,SES-2005,2024-05-15,Engineering,7,Absent
47761,19,Female,Engineering,6,36.01,6.1,SES-2016,2024-04-12,Social Sciences,6,Present
47761,19,Female,Engineering,6,36.01,6.1,SES-2046,2024-02-11,Computer Science,4,Absent
47761,19,Female,Engineering,6,36.01,6.1,SES-2009,2024-05-12,Social Sciences,7,Present
47759,22,Female,Engineering,6,36.01,6.1,SES-2048,2023-09-03,Computer Science,1,Absent
47759,22,Female,Computer Science,8,63.6,5.2,SES-2001,2024-02-05,Computer Science,4,Present
47758,18,Female,Engineering,5,79.74,11.7,SES-2012,2024-04-19,Education,5,Present
47754,20,Male,Engineering,2,72.57,12.9,SES-2037,2023-10-16,Computer Science,1,Present
47753,20,Male,Engineering,2,72.57,12.9,SES-2022,2024-06-03,Education,7,Present
47753,20,Male,Engineering,2,72.57,12.9,SES-2026,2024-04-19,Business,5,Present
47751,20,Female,Education,5,63.79,10.8,SES-2009,2024-05-12,Social Sciences,7,Present
47751,20,Female,Education,5,63.79,10.8,SES-2025,2023-11-24,Engineering,3,Present
47750,19,Female,Education,5,63.79,10.8,SES-2048,2023-09-03,Computer Science,1,Present
47748,18,Female,Computer Science,7,82.28,12.3,SES-2008,2024-03-04,Computer Science,4,Present
47748,18,Female,Computer Science,7,82.28,12.3,SES-2007,2024-06-09,Education,7,Present
47745,19,Female,Computer Science,7,82.28,12.3,SES-2028,2024-06-25,Computer Science,8,Present
47745,19,Female,Computer Science,7,82.28,12.3,SES-2030,2024-05-13,Business,7,Present
47745,19,Female,Computer Science,7,82.28,12.3,SES-2024,2024-06-05,Social Sciences,7,Present
47744,22,Female,Business,6,77.72,8.0,SES-2019,2024-06-21,Engineering,7,Present
47744,22,Female,Business,6,77.72,8.0,SES-2034,2024-06-24,Social Sciences,8,Present
47744,22,Female,Business,6,77.72,8.0,SES-2017,2024-03-23,Computer Science,4,Absent
47743,22,Male,Engineering,2,83.63,8.9,SES-2012,2024-04-19,Education,5,Present
47741,17,Male,Engineering,2,83.63,8.9,SES-2002,2023-11-02,Computer Science,2,Present
47740,21,Male,Education,8,45.77,7.0,SES-2015,2023-11-09,Business,2,Absent
47739,18,Male,Education,8,45.77,7.0,SES-2022,2024-06-03,Education,7,Absent
47739,18,Male,Education,8,45.77,7.0,SES-2016,2024-04-12,Social Sciences,6,Absent
47739,18,Male,Social Sciences,1,49.3,8.0,SES-2041,2023-10-05,Business,2,Present
47739,18,Male,Social Sciences,1,49.3,8.0,SES-2014,2024-03-28,Education,5,Present
47738,24,Male,Social Sciences,1,49.3,8.0,SES-2047,2024-02-01,Computer Science,4,Absent
47734,21,Male,Social Sciences,5,69.96,9.8,SES-2016,2024-04-12,Social Sciences,6,Present
47734,21,Female,Engineering,5,82.7,6.1,SES-2037,2023-10-16,Computer Science,1,Present
47734,21,Female,Engineering,5,82.7,6.1,SES-2049,2024-04-17,Education,6,Present
47733,20,Female,Computer Science,4,50.39,10.0,SES-2048,2023-09-03,Computer Science,1,Present
47733,20,Female,Computer Science,4,50.39,10.0,SES-2032,2023-11-25,Social Sciences,2,Present
47732,17,Female,Computer Science,4,50.39,10.0,SES-2049,2024-04-17,Education,6,Present
47729,19,Male,Education,4,80.66,9.8,SES-2021,2024-02-26,Social Sciences,4,Absent
47729,19,Male,Education,4,80.66,9.8,SES-2023,2024-04-21,Business,6,Present
47729,19,Female,Computer Science,6,63.32,11.9,SES-2045,2024-07-04,Education,8,Absent
47729,19,Female,Computer Science,6,63.32,11.9,SES-2004,2023-09-23,Engineering,1,Present
47729,19,Female,Computer Science,6,63.32,11.9,SES-2016,2024-04-12,Social Sciences,6,Present
47728,21,Male,Computer Science,3,79.05,11.3,SES-2007,2024-06-09,Education,7,Present
47728,21,Female,Engineering,3,56.24,12.7,SES-2014,2024-03-28,Education,5,Present
47728,21,Female,Engineering,3,56.24,12.7,SES-2031,2024-07-18,Computer Science,8,Present
47728,21,Female,Engineering,3,56.24,12.7,SES-2024,2024-06-05,Social Sciences,7,Present
47728,21,Female,Engineering,3,56.24,12.7,SES-2025,2023-11-24,Engineering,3,Present
47727,22,Male,Computer Science,7,63.32,6.1,SES-2004,2023-09-23,Engineering,1,Absent
47725,23,Male,Computer Science,7,63.32,6.1,SES-2039,2024-02-08,Engineering,4,Present
47723,21,Male,Engineering,5,62.19,10.0,SES-2021,2024-02-26,Social Sciences,4,Absent
47723,21,Male,Engineering,5,62.19,10.0,SES-2033,2023-11-14,Education,2,Present
47723,21,Male,Engineering,5,62.19,10.0,SES-2003,2023-10-08,Engineering,2,Present
47723,21,Male,Social Sciences,1,76.05,5.5,SES-2031,2024-07-18,Computer Science,8,Absent
47722,22,Male,Computer Science,7,50.35,3.5,SES-2011,2023-11-03,Engineering,2,Present
47722,22,Male,Computer Science,7,50.35,3.5,SES-2043,2024-05-18,Education,7,Absent
47722,22,Male,Computer Science,7,50.35,3.5,SES-2049,2024-04-17,Education,6,Absent
47721,22,Male,Social Sciences,4,77.81,9.7,SES-2007,2024-06-09,Education,7,Present
47720,17,Male,Engineering,8,56.09,9.9,SES-2045,2024-07-04,Education,8,Present
47720,17,Male,Engineering,8,56.09,9.9,SES-2034,2024-06-24,Social Sciences,8,Present
47720,17,Male,Engineering,8,56.09,9.9,SES-2007,2024-06-09,Education,7,Present
47720,17,Male,Engineering,8,56.09,9.9,SES-2044,2024-04-22,Social Sciences,5,Present
47720,17,Female,Business,1,74.06,5.1,SES-2011,2023-11-03,Engineering,2,Present
47716,22,Male,Education,3,58.62,7.8,SES-2049,2024-04-17,Education,6,Present
47714,20,Male,Education,3,58.62,7.8,SES-2038,2023-11-27,Social Sciences,2,Present
47713,20,Female,Engineering,1,70.08,9.0,SES-2037,2023-10-16,Computer Science,1,Present
47712,18,Female,Business,3,60.22,8.6,SES-2014,2024-03-28,Education,5,Present
47711,21,Female,Business,3,60.22,8.6,SES-2019,2024-06-21,Engineering,7,Present
47711,21,Female,Business,3,60.22,8.6,SES-2016,2024-04-12,Social Sciences,6,Present
47711,21,Female,Business,3,60.22,8.6,SES-2028,2024-06-25,Computer Science,8,Present
47711,21,Female,Business,3,60.22,8.6,SES-2047,2024-02-01,Computer Science,4,Present
47709,20,Male,Education,6,55.19,9.9,SES-2014,2024-03-28,Education,5,Present
47709,20,Male,Education,6,55.19,9.9,SES-2019,2024-06-21,Engineering,7,Present
47709,20,Male,Education,6,55.19,9.9,SES-2048,2023-09-03,Computer Science,1,Present
47708,23,Male,Education,6,55.19,9.9,SES-2008,2024-03-04,Computer Science,4,Present
47704,22,Male,Engineering,8,71.06,9.7,SES-2045,2024-07-04,Education,8,Absent
47701,23,Male,Engineering,2,68.84,16.2,SES-2048,2023-09-03,Computer Science,1,Present
47701,23,Male,Engineering,2,68.84,16.2,SES-2023,2024-04-21,Business,6,Present
47701,23,Male,Engineering,2,68.84,16.2,SES-2007,2024-06-09,Education,7,Absent
47700,19,Male,Engineering,2,68.84,16.2,SES-2022,2024-06-03,Education,7,Present
47698,21,Female,Social Sciences,5,59.44,11.5,SES-2017,2024-03-23,Computer Science,4,Present
47698,21,Female,Social Sciences,5,59.44,11.5,SES-2049,2024-04-17,Education,6,Present
47696,21,Female,Social Sciences,5,59.44,11.5,SES-2045,2024-07-04,Education,8,Present
47696,21,Female,Social Sciences,5,59.44,11.5,SES-2006,2024-03-25,Education,5,Absent
47695,22,Female,Business,4,75.06,9.2,SES-2036,2024-02-12,Education,4,Present
47694,18,Female,Business,4,75.06,9.2,SES-2022,2024-06-03,Education,7,Absent
47690,24,Male,Social Sciences,5,72.03,6.5,SES-2041,2023-10-05,Business,2,Absent
47690,24,Male,Social Sciences,5,72.03,6.5,SES-2047,2024-02-01,Computer Science,4,Present
47690,24,Male,Social Sciences,5,72.03,6.5,SES-2029,2023-10-21,Education,2,Present
47688,21,Male,Engineering,1,71.05,6.7,SES-2010,2024-03-24,Business,5,Present
47688,21,Male,Engineering,1,71.05,6.7,SES-2038,2023-11-27,Social Sciences,2,Present
47688,21,Male,Engineering,1,71.05,6.7,SES-2018,2023-11-06,Business,3,Present
47688,21,Male,Engineering,1,71.05,6.7,SES-2001,2024-02-05,Computer Science,4,Present
47685,25,Female,Education,2,50.93,7.2,SES-2049,2024-04-17,Education,6,Present
47685,25,Female,Education,2,50.93,7.2,SES-2026,2024-04-19,Business,5,Present
47683,22,Female,Computer Science,5,62.81,8.7,SES-2011,2023-11-03,Engineering,2,Present
47681,20,Female,Computer Science,5,62.81,8.7,SES-2012,2024-04-19,Education,5,Present
47680,22,Female,Computer Science,5,62.81,8.7,SES-2031,2024-07-18,Computer Science,8,Absent
47679,23,Male,Computer Science,3,58.09,8.4,SES-2007,2024-06-09,Education,7,Present
47679,23,Male,Computer Science,3,58.09,8.4,SES-2015,2023-11-09,Business,2,Present
47675,19,Female,Engineering,6,66.87,6.1,SES-2038,2023-11-27,Social Sciences,2,Present
47674,23,Female,Engineering,6,66.87,6.1,SES-2000,2023-10-24,Social Sciences,2,Absent
47674,23,Female,Engineering,6,66.87,6.1,SES-2013,2023-10-22,Education,2,Present
47674,23,Male,Computer Science,5,47.89,5.6,SES-2024,2024-06-05,Social Sciences,7,Absent
47674,23,Male,Computer Science,5,47.89,5.6,SES-2018,2023-11-06,Business,3,Absent
47674,23,Male,Computer Science,5,47.89,5.6,SES-2039,2024-02-08,Engineering,4,Present
47673,20,Female,Engineering,2,57.03,10.3,SES-2046,2024-02-11,Computer Science,4,Present
47671,22,Female,Engineering,2,57.03,10.3,SES-2044,2024-04-22,Social Sciences,5,Present
47671,22,Female,Engineering,2,57.03,10.3,SES-2003,2023-10-08,Engineering,2,Absent
47671,22,Female,Engineering,2,57.03,10.3,SES-2047,2024-02-01,Computer Science,4,Present
47670,18,Male,Engineering,3,60.17,9.8,SES-2047,2024-02-01,Computer Science,4,Present
47670,18,Male,Engineering,2,51.33,7.4,SES-2049,2024-04-17,Education,6,Present
47669,23,Female,Engineering,5,49.98,8.4,SES-2023,2024-04-21,Business,6,Absent
47667,20,Male,Social Sciences,4,76.39,9.8,SES-2024,2024-06-05,Social Sciences,7,Present
47667,20,Male,Social Sciences,4,76.39,9.8,SES-2020,2024-03-27,Computer Science,4,Present
47665,17,Male,Business,4,63.36,10.6,SES-2000,2023-10-24,Social Sciences,2,Present
47665,17,Male,Business,4,63.36,10.6,SES-2019,2024-06-21,Engineering,7,Present
47664,23,Male,Business,4,63.36,10.6,SES-2024,2024-06-05,Social Sciences,7,Present
47664,23,Male,Business,4,63.36,10.6,SES-2027,2024-04-05,Engineering,6,Present
47661,18,Female,Social Sciences,2,73.48,13.0,SES-2004,2023-09-23,Engineering,1,Present
47661,18,Female,Social Sciences,2,73.48,13.0,SES-2022,2024-06-03,Education,7,Present
47661,18,Female,Business,3,63.36,5.2,SES-2047,2024-02-01,Computer Science,4,Absent
47661,18,Female,Business,3,63.36,5.2,SES-2040,2023-10-24,Business,2,Present
47661,18,Female,Business,3,63.36,5.2,SES-2049,2024-04-17,Education,6,Present
47660,20,Female,Business,3,63.36,5.2,SES-2045,2024-07-04,Education,8,Absent
47659,21,Female,Business,3,63.36,5.2,SES-2000,2023-10-24,Social Sciences,2,Present
47659,21,Male,Education,6,81.35,9.4,SES-2033,2023-11-14,Education,2,Present
47659,21,Male,Education,6,81.35,9.4,SES-2024,2024-06-05,Social Sciences,7,Absent
47659,21,Male,Education,6,81.35,9.4,SES-2029,2023-10-21,Education,2,Present
47659,21,Male,Education,6,81.35,9.4,SES-2023,2024-04-21,Business,6,Present
47658,17,Male,Education,6,81.35,9.4,SES-2015,2023-11-09,Business,2,Present
47658,17,Female,Engineering,1,52.98,4.3,SES-2045,2024-07-04,Education,8,Absent
47657,24,Female,Engineering,1,52.98,4.3,SES-2044,2024-04-22,Social Sciences,5,Absent
47652,21,Male,Social Sciences,7,58.78,7.8,SES-2023,2024-04-21,Business,6,Present
47652,21,Male,Social Sciences,7,58.78,7.8,SES-2039,2024-02-08,Engineering,4,Absent
47650,20,Male,Social Sciences,7,58.78,7.8,SES-2018,2023-11-06,Business,3,Present
47650,20,Male,Engineering,4,74.65,11.5,SES-2010,2024-03-24,Business,5,Present
47649,24,Female,Engineering,1,73.13,12.9,SES-2029,2023-10-21,Education,2,Present
47649,24,Female,Engineering,1,73.13,12.9,SES-2000,2023-10-24,Social Sciences,2,Absent
47648,19,Female,Engineering,1,73.13,12.9,SES-2046,2024-02-11,Computer Science,4,Present
47640,21,Female,Engineering,5,68.44,12.2,SES-2045,2024-07-04,Education,8,Present
47640,21,Female,Engineering,5,68.44,12.2,SES-2017,2024-03-23,Computer Science,4,Absent
47638,20,Female,Social Sciences,5,47.58,8.6,SES-2046,2024-02-11,Computer Science,4,Absent
47638,20,Female,Social Sciences,5,47.58,8.6,SES-2049,2024-04-17,Education,6,Absent
47638,20,Female,Social Sciences,5,47.58,8.6,SES-2011,2023-11-03,Engineering,2,Present
47629,22,Female,Engineering,3,76.06,9.9,SES-2033,2023-11-14,Education,2,Present
47629,22,Male,Business,5,67.13,11.1,SES-2011,2023-11-03,Engineering,2,Present
47624,21,Male,Education,7,71.39,10.6,SES-2009,2024-05-12,Social Sciences,7,Present
47624,21,Male,Education,7,71.39,10.6,SES-2026,2024-04-19,Business,5,Present
47623,18,Male,Education,7,71.39,10.6,SES-2032,2023-11-25,Social Sciences,2,Absent
47623,18,Male,Computer Science,2,55.68,12.4,SES-2036,2024-02-12,Education,4,Present
47623,18,Female,Engineering,4,54.64,6.7,SES-2021,2024-02-26,Social Sciences,4,Present
47616,17,Male,Social Sciences,7,61.42,8.7,SES-2039,2024-02-08,Engineering,4,Present
47615,18,Male,Business,5,62.63,10.1,SES-2042,2023-12-17,Engineering,3,Present
47615,18,Male,Business,5,62.63,10.1,SES-2030,2024-05-13,Business,7,Present
47615,18,Male,Business,5,62.63,10.1,SES-2007,2024-06-09,Education,7,Present
47614,17,Female,Business,1,61.96,4.0,SES-2026,2024-04-19,Business,5,Absent
47614,17,Female,Business,1,61.96,4.0,SES-2033,2023-11-14,Education,2,Present
47614,17,Female,Business,1,61.96,4.0,SES-2001,2024-02-05,Computer Science,4,Absent
47614,17,Female,Business,1,61.96,4.0,SES-2032,2023-11-25,Social Sciences,2,Absent
47614,17,Male,Computer Science,6,74.39,11.0,SES-2027,2024-04-05,Engineering,6,Present
47612,21,Male,Education,1,62.62,5.3,SES-2003,2023-10-08,Engineering,2,Present
47612,21,Male,Education,1,62.62,5.3,SES-2021,2024-02-26,Social Sciences,4,Present
47612,21,Male,Education,1,62.62,5.3,SES-2024,2024-06-05,Social Sciences,7,Present
47611,23,Female,Computer Science,6,75.06,13.0,SES-2011,2023-11-03,Engineering,2,Present
47611,23,Female,Computer Science,6,75.06,13.0,SES-2034,2024-06-24,Social Sciences,8,Present
47611,23,Female,Computer Science,6,75.06,13.0,SES-2017,2024-03-23,Computer Science,4,Present
47611,23,Female,Computer Science,6,75.06,13.0,SES-2028,2024-06-25,Computer Science,8,Present
47607,22,Female,Education,8,57.2,14.2,SES-2013,2023-10-22,Education,2,Present
47607,22,Female,Education,8,57.2,14.2,SES-2044,2024-04-22,Social Sciences,5,Present
47606,23,Female,Education,8,57.2,14.2,SES-2035,2023-11-28,Social Sciences,3,Present
47606,23,Female,Business,5,44.3,7.9,SES-2009,2024-05-12,Social Sciences,7,Absent
47605,19,Male,Computer Science,1,84.22,11.5,SES-2020,2024-03-27,Computer Science,4,Present
47605,19,Male,Business,1,67.16,15.5,SES-2039,2024-02-08,Engineering,4,Present
47605,19,Male,Business,1,67.16,15.5,SES-2009,2024-05-12,Social Sciences,7,Present
47604,20,Female,Computer Science,5,52.59,11.9,SES-2036,2024-02-12,Education,4,Present
47604,20,Female,Computer Science,5,52.59,11.9,SES-2035,2023-11-28,Social Sciences,3,Present
47604,20,Female,Computer Science,5,52.59,11.9,SES-2023,2024-04-21,Business,6,Present
47603,22,Female,Computer Science,5,52.59,11.9,SES-2046,2024-02-11,Computer Science,4,Present
47602,24,Female,Engineering,2,49.46,9.8,SES-2028,2024-06-25,Computer Science,8,Absent
47602,24,Female,Engineering,2,49.46,9.8,SES-2008,2024-03-04,Computer Science,4,Absent
47602,24,Female,Social Sciences,6,57.41,10.5,SES-2021,2024-02-26,Social Sciences,4,Present
47601,19,Female,Social Sciences,6,57.41,10.5,SES-2033,2023-11-14,Education,2,Absent
47601,19,Female,Social Sciences,6,57.41,10.5,SES-2001,2024-02-05,Computer Science,4,Present
47600,22,Female,Social Sciences,6,57.41,10.5,SES-2025,2023-11-24,Engineering,3,Present
47600,22,Male,Education,1,60.75,4.8,SES-2022,2024-06-03,Education,7,Absent
47599,17,Male,Education,1,60.75,4.8,SES-2009,2024-05-12,Social Sciences,7,Absent
47599,17,Male,Education,1,60.75,4.8,SES-2041,2023-10-05,Business,2,Absent
47599,17,Male,Education,1,60.75,4.8,SES-2021,2024-02-26,Social Sciences,4,Present
47598,22,Male,Education,1,60.75,4.8,SES-2002,2023-11-02,Computer Science,2,Absent
47598,22,Female,Business,8,78.56,8.4,SES-2041,2023-10-05,Business,2,Absent
47598,22,Female,Business,8,78.56,8.4,SES-2028,2024-06-25,Computer Science,8,Present
47597,21,Female,Business,8,78.56,8.4,SES-2017,2024-03-23,Computer Science,4,Present
47597,21,Female,Business,8,78.56,8.4,SES-2020,2024-03-27,Computer Science,4,Present
47594,21,Male,Social Sciences,6,41.1,8.8,SES-2042,2023-12-17,Engineering,3,Absent
47593,20,Male,Education,3,67.89,4.2,SES-2039,2024-02-08,Engineering,4,Absent
47593,20,Male,Education,3,67.89,4.2,SES-2044,2024-04-22,Social Sciences,5,Absent
47593,20,Male,Education,3,67.89,4.2,SES-2037,2023-10-16,Computer Science,1,Present
47588,21,Female,Computer Science,2,57.02,2.9,SES-2028,2024-06-25,Computer Science,8,Absent
47588,21,Female,Computer Science,2,57.02,2.9,SES-2042,2023-12-17,Engineering,3,Absent
47588,21,Female,Computer Science,2,57.02,2.9,SES-2030,2024-05-13,Business,7,Present
47586,23,Female,Social Sciences,2,47.02,6.4,SES-2024,2024-06-05,Social Sciences,7,Absent
47586,23,Female,Social Sciences,2,47.02,6.4,SES-2035,2023-11-28,Social Sciences,3,Absent
47586,23,Female,Social Sciences,2,47.02,6.4,SES-2010,2024-03-24,Business,5,Absent
47586,23,Female,Social Sciences,2,47.02,6.4,SES-2014,2024-03-28,Education,5,Absent
47585,25,Female,Education,3,66.61,7.3,SES-2047,2024-02-01,Computer Science,4,Present
47584,22,Female,Education,3,66.61,7.3,SES-2028,2024-06-25,Computer Science,8,Present
47584,22,Female,Education,3,66.61,7.3,SES-2045,2024-07-04,Education,8,Present
47584,22,Male,Computer Science,2,74.52,10.2,SES-2049,2024-04-17,Education,6,Present
47584,22,Male,Computer Science,2,74.52,10.2,SES-2027,2024-04-05,Engineering,6,Present
47584,22,Male,Computer Science,2,74.52,10.2,SES-2009,2024-05-12,Social Sciences,7,Present
47583,19,Male,Computer Science,2,74.52,10.2,SES-2031,2024-07-18,Computer Science,8,Present
47583,19,Male,Computer Science,2,74.52,10.2,SES-2021,2024-02-26,Social Sciences,4,Present
47582,26,Female,Engineering,4,69.44,11.0,SES-2008,2024-03-04,Computer Science,4,Present
47582,26,Female,Engineering,4,69.44,11.0,SES-2028,2024-06-25,Computer Science,8,Present
47582,26,Female,Social Sciences,6,55.1,9.5,SES-2018,2023-11-06,Business,3,Absent
47580,17,Female,Social Sciences,6,55.1,9.5,SES-2028,2024-06-25,Computer Science,8,Present
47580,17,Female,Social Sciences,6,55.1,9.5,SES-2026,2024-04-19,Business,5,Present
47580,17,Female,Computer Science,2,76.16,6.1,SES-2041,2023-10-05,Business,2,Present
47579,27,Male,Business,4,74.03,11.4,SES-2038,2023-11-27,Social Sciences,2,Present
47579,27,Male,Business,4,74.03,11.4,SES-2027,2024-04-05,Engineering,6,Present
47579,27,Male,Business,4,74.03,11.4,SES-2039,2024-02-08,Engineering,4,Present
47579,27,Male,Business,4,74.03,11.4,SES-2007,2024-06-09,Education,7,Present
47578,22,Male,Computer Science,7,64.88,11.2,SES-2016,2024-04-12,Social Sciences,6,Present
47578,22,Male,Computer Science,7,64.88,11.2,SES-2015,2023-11-09,Business,2,Present
47577,18,Male,Computer Science,7,64.88,11.2,SES-2011,2023-11-03,Engineering,2,Present
47577,18,Male,Computer Science,5,77.29,11.5,SES-2007,2024-06-09,Education,7,Present
47576,20,Female,Social Sciences,5,53.84,7.7,SES-2039,2024-02-08,Engineering,4,Absent
47576,20,Female,Social Sciences,5,55.9,8.4,SES-2011,2023-11-03,Engineering,2,Present
47576,20,Female,Social Sciences,5,55.9,8.4,SES-2017,2024-03-23,Computer Science,4,Absent
47575,18,Female,Social Sciences,5,55.9,8.4,SES-2025,2023-11-24,Engineering,3,Present
47574,21,Female,Social Sciences,5,55.9,8.4,SES-2046,2024-02-11,Computer Science,4,Absent
47574,21,Female,Business,3,71.55,7.5,SES-2034,2024-06-24,Social Sciences,8,Present
47572,20,Female,Business,3,71.55,7.5,SES-2002,2023-11-02,Computer Science,2,Absent
47572,20,Female,Business,3,71.55,7.5,SES-2015,2023-11-09,Business,2,Present
47572,20,Female,Business,3,71.55,7.5,SES-2035,2023-11-28,Social Sciences,3,Present
47572,20,Female,Business,3,71.55,7.5,SES-2011,2023-11-03,Engineering,2,Present
47568,21,Female,Education,2,76.0,8.2,SES-2015,2023-11-09,Business,2,Present
47568,21,Female,Education,2,76.0,8.2,SES-2018,2023-11-06,Business,3,Absent
47568,21,Female,Education,2,76.0,8.2,SES-2048,2023-09-03,Computer Science,1,Present
47568,21,Female,Education,2,76.0,8.2,SES-2016,2024-04-12,Social Sciences,6,Present
47566,23,Female,Education,2,76.0,8.2,SES-2020,2024-03-27,Computer Science,4,Present
47565,25,Female,Computer Science,1,61.24,6.5,SES-2033,2023-11-14,Education,2,Present
47564,22,Female,Computer Science,1,61.24,6.5,SES-2046,2024-02-11,Computer Science,4,Present
47564,22,Male,Computer Science,7,71.53,9.9,SES-2035,2023-11-28,Social Sciences,3,Present
47562,20,Female,Computer Science,7,81.07,6.7,SES-2040,2023-10-24,Business,2,Present
47562,20,Female,Computer Science,7,81.07,6.7,SES-2043,2024-05-18,Education,7,Present
47562,20,Female,Computer Science,7,81.07,6.7,SES-2024,2024-06-05,Social Sciences,7,Present
47560,20,Female,Computer Science,7,81.07,6.7,SES-2029,2023-10-21,Education,2,Present
47558,20,Female,Education,1,32.3,8.7,SES-2037,2023-10-16,Computer Science,1,Present
47557,23,Female,Education,1,32.3,8.7,SES-2044,2024-04-22,Social Sciences,5,Absent
47551,22,Female,Social Sciences,7,51.72,1.7,SES-2043,2024-05-18,Education,7,Absent
47551,22,Male,Social Sciences,7,77.32,7.6,SES-2048,2023-09-03,Computer Science,1,Present
47550,23,Female,Business,2,55.01,11.4,SES-2016,2024-04-12,Social Sciences,6,Present
47550,23,Female,Business,2,55.01,11.4,SES-2022,2024-06-03,Education,7,Present
47550,23,Female,Business,2,55.01,11.4,SES-2018,2023-11-06,Business,3,Present
47550,23,Female,Business,2,55.01,11.4,SES-2020,2024-03-27,Computer Science,4,Present
47549,20,Female,Business,2,55.01,11.4,SES-2024,2024-06-05,Social Sciences,7,Present
47549,20,Male,Computer Science,2,74.19,4.8,SES-2008,2024-03-04,Computer Science,4,Absent
47548,25,Male,Computer Science,2,74.19,4.8,SES-2017,2024-03-23,Computer Science,4,Absent
47548,25,Male,Computer Science,2,74.19,4.8,SES-2033,2023-11-14,Education,2,Absent
47548,25,Male,Computer Science,3,86.83,7.9,SES-2002,2023-11-02,Computer Science,2,Present
47548,25,Male,Computer Science,3,86.83,7.9,SES-2049,2024-04-17,Education,6,Present
47548,25,Male,Computer Science,3,86.83,7.9,SES-2041,2023-10-05,Business,2,Present
47547,22,Female,Engineering,8,67.74,8.9,SES-2009,2024-05-12,Social Sciences,7,Absent
47546,19,Female,Engineering,8,67.74,8.9,SES-2031,2024-07-18,Computer Science,8,Present
47546,19,Female,Engineering,8,67.74,8.9,SES-2042,2023-12-17,Engineering,3,Present
47542,22,Male,Education,5,71.11,10.2,SES-2049,2024-04-17,Education,6,Present
47542,22,Male,Education,5,71.11,10.2,SES-2030,2024-05-13,Business,7,Absent
47542,22,Male,Education,5,71.11,10.2,SES-2012,2024-04-19,Education,5,Present
47542,22,Male,Education,5,71.11,10.2,SES-2028,2024-06-25,Computer Science,8,Present
47541,20,Female,Education,7,65.58,10.8,SES-2036,2024-02-12,Education,4,Absent
47540,18,Female,Education,7,65.58,10.8,SES-2021,2024-02-26,Social Sciences,4,Present
47537,24,Male,Social Sciences,4,43.16,7.0,SES-2015,2023-11-09,Business,2,Present
47537,24,Male,Social Sciences,4,43.16,7.0,SES-2038,2023-11-27,Social Sciences,2,Absent
47537,24,Male,Social Sciences,4,43.16,7.0,SES-2019,2024-06-21,Engineering,7,Absent
47533,19,Female,Social Sciences,6,80.51,9.1,SES-2046,2024-02-11,Computer Science,4,Present
47532,22,Female,Social Sciences,6,80.51,9.1,SES-2047,2024-02-01,Computer Science,4,Present
47532,22,Female,Social Sciences,6,80.51,9.1,SES-2034,2024-06-24,Social Sciences,8,Present
47532,22,Female,Social Sciences,6,80.51,9.1,SES-2036,2024-02-12,Education,4,Present
47532,22,Female,Social Sciences,6,80.51,9.1,SES-2005,2024-05-15,Engineering,7,Present
47532,22,Female,Education,2,80.57,7.5,SES-2022,2024-06-03,Education,7,Present
47528,23,Male,Education,6,47.86,10.4,SES-2026,2024-04-19,Business,5,Absent
47528,23,Male,Education,6,47.86,10.4,SES-2017,2024-03-23,Computer Science,4,Absent
47528,23,Male,Education,6,47.86,10.4,SES-2019,2024-06-21,Engineering,7,Absent
47527,21,Male,Education,6,47.86,10.4,SES-2042,2023-12-17,Engineering,3,Absent
47526,22,Male,Education,6,47.86,10.4,SES-2025,2023-11-24,Engineering,3,Present
47526,22,Male,Computer Science,1,91.01,6.4,SES-2032,2023-11-25,Social Sciences,2,Present
47525,22,Male,Computer Science,1,91.01,6.4,SES-2007,2024-06-09,Education,7,Present
47525,22,Male,Computer Science,1,91.01,6.4,SES-2049,2024-04-17,Education,6,Present
47521,18,Male,Business,2,79.47,17.3,SES-2037,2023-10-16,Computer Science,1,Present
47519,23,Male,Business,2,79.47,17.3,SES-2004,2023-09-23,Engineering,1,Present
47519,23,Male,Business,2,79.47,17.3,SES-2040,2023-10-24,Business,2,Present
47513,20,Male,Engineering,5,69.04,11.4,SES-2000,2023-10-24,Social Sciences,2,Present
47508,22,Male,Engineering,6,73.39,4.3,SES-2020,2024-03-27,Computer Science,4,Absent
47508,22,Male,Engineering,6,73.39,4.3,SES-2039,2024-02-08,Engineering,4,Absent
47508,22,Male,Engineering,6,73.39,4.3,SES-2044,2024-04-22,Social Sciences,5,Absent
47507,20,Male,Engineering,6,73.39,4.3,SES-2015,2023-11-09,Business,2,Absent
47503,17,Female,Business,1,55.9,7.1,SES-2036,2024-02-12,Education,4,Present
47503,17,Female,Business,1,55.9,7.1,SES-2042,2023-12-17,Engineering,3,Present
47503,17,Female,Business,1,55.9,7.1,SES-2041,2023-10-05,Business,2,Present
47502,22,Female,Business,1,55.9,7.1,SES-2006,2024-03-25,Education,5,Present
47502,22,Female,Business,1,55.9,7.1,SES-2008,2024-03-04,Computer Science,4,Absent
47502,22,Male,Engineering,1,59.35,7.9,SES-2026,2024-04-19,Business,5,Absent
47502,22,Male,Engineering,1,59.35,7.9,SES-2045,2024-07-04,Education,8,Present
47502,22,Male,Engineering,1,59.35,7.9,SES-2012,2024-04-19,Education,5,Absent
47501,20,Male,Engineering,6,63.88,10.5,SES-2002,2023-11-02,Computer Science,2,Present
47499,17,Female,Engineering,4,72.35,8.5,SES-2032,2023-11-25,Social Sciences,2,Present
47499,17,Female,Engineering,4,72.35,8.5,SES-2020,2024-03-27,Computer Science,4,Present
47499,17,Female,Computer Science,7,64.74,6.1,SES-2027,2024-04-05,Engineering,6,Present
47498,19,Female,Computer Science,7,64.74,6.1,SES-2003,2023-10-08,Engineering,2,Present
47498,19,Female,Education,6,75.82,10.6,SES-2039,2024-02-08,Engineering,4,Absent
47498,19,Female,Education,6,75.82,10.6,SES-2027,2024-04-05,Engineering,6,Present
47495,17,Male,Engineering,7,75.09,10.7,SES-2020,2024-03-27,Computer Science,4,Present
47492,25,Male,Engineering,7,75.09,10.7,SES-2005,2024-05-15,Engineering,7,Present
47490,22,Female,Computer Science,5,55.52,10.7,SES-2039,2024-02-08,Engineering,4,Present
47490,22,Male,Computer Science,3,85.31,10.9,SES-2004,2023-09-23,Engineering,1,Present
47488,20,Male,Computer Science,3,85.31,10.9,SES-2028,2024-06-25,Computer Science,8,Present
47488,20,Male,Computer Science,3,85.31,10.9,SES-2009,2024-05-12,Social Sciences,7,Present
47488,20,Male,Computer Science,3,85.31,10.9,SES-2008,2024-03-04,Computer Science,4,Present
47488,20,Male,Education,6,63.01,13.7,SES-2026,2024-04-19,Business,5,Present
47487,20,Male,Computer Science,4,72.9,9.2,SES-2035,2023-11-28,Social Sciences,3,Present
47487,20,Male,Computer Science,4,72.9,9.2,SES-2004,2023-09-23,Engineering,1,Present
47487,20,Male,Computer Science,4,72.9,9.2,SES-2015,2023-11-09,Business,2,Present
47487,20,Male,Computer Science,4,72.9,9.2,SES-2017,2024-03-23,Computer Science,4,Present
47487,20,Male,Computer Science,4,72.9,9.2,SES-2040,2023-10-24,Business,2,Absent
47487,20,Male,Social Sciences,3,71.86,7.6,SES-2013,2023-10-22,Education,2,Present
47487,20,Male,Social Sciences,3,71.86,7.6,SES-2024,2024-06-05,Social Sciences,7,Present
47486,23,Male,Social Sciences,3,71.86,7.6,SES-2047,2024-02-01,Computer Science,4,Absent
47486,23,Male,Social Sciences,3,71.86,7.6,SES-2028,2024-06-25,Computer Science,8,Present
47485,21,Female,Engineering,2,60.28,9.1,SES-2020,2024-03-27,Computer Science,4,Present
47485,21,Female,Engineering,2,60.28,9.1,SES-2036,2024-02-12,Education,4,Present
47485,21,Female,Engineering,2,60.28,9.1,SES-2009,2024-05-12,Social Sciences,7,Present
47482,23,Female,Engineering,2,60.28,9.1,SES-2024,2024-06-05,Social Sciences,7,Present
47482,23,Female,Engineering,2,60.28,9.1,SES-2037,2023-10-16,Computer Science,1,Present
47481,18,Male,Social Sciences,4,54.77,11.2,SES-2019,2024-06-21,Engineering,7,Present
47480,20,Male,Social Sciences,4,54.77,11.2,SES-2048,2023-09-03,Computer Science,1,Present
47480,20,Male,Social Sciences,4,54.77,11.2,SES-2049,2024-04-17,Education,6,Absent
47480,20,Male,Social Sciences,4,54.77,11.2,SES-2012,2024-04-19,Education,5,Present
47480,20,Male,Social Sciences,4,54.77,11.2,SES-2045,2024-07-04,Education,8,Present
47479,18,Male,Computer Science,8,54.78,7.5,SES-2006,2024-03-25,Education,5,Absent
47479,18,Male,Computer Science,8,54.78,7.5,SES-2016,2024-04-12,Social Sciences,6,Present
47478,21,Male,Computer Science,8,54.78,7.5,SES-2007,2024-06-09,Education,7,Absent
47478,21,Male,Computer Science,8,54.78,7.5,SES-2010,2024-03-24,Business,5,Present
47478,21,Female,Business,7,48.97,5.1,SES-2048,2023-09-03,Computer Science,1,Present
47478,21,Female,Business,7,48.97,5.1,SES-2013,2023-10-22,Education,2,Absent
47475,20,Male,Business,3,96.75,13.9,SES-2045,2024-07-04,Education,8,Present
47475,20,Male,Business,3,96.75,13.9,SES-2014,2024-03-28,Education,5,Present
47474,17,Male,Business,3,96.75,13.9,SES-2024,2024-06-05,Social Sciences,7,Present
47474,17,Male,Business,3,96.75,13.9,SES-2032,2023-11-25,Social Sciences,2,Present
47474,17,Male,Engineering,4,86.07,4.7,SES-2013,2023-10-22,Education,2,Absent
47473,21,Male,Engineering,4,86.07,4.7,SES-2019,2024-06-21,Engineering,7,Absent
47473,21,Male,Engineering,4,86.07,4.7,SES-2040,2023-10-24,Business,2,Absent
47471,21,Male,Engineering,5,76.54,6.2,SES-2039,2024-02-08,Engineering,4,Present
47471,21,Male,Engineering,5,76.54,6.2,SES-2000,2023-10-24,Social Sciences,2,Present
47471,21,Male,Engineering,5,76.54,6.2,SES-2019,2024-06-21,Engineering,7,Absent
47471,21,Male,Business,6,54.81,4.6,SES-2035,2023-11-28,Social Sciences,3,Present
47471,21,Male,Business,6,54.81,4.6,SES-2042,2023-12-17,Engineering,3,Present
47469,23,Male,Business,6,54.81,4.6,SES-2031,2024-07-18,Computer Science,8,Present
47469,23,Male,Business,6,54.81,4.6,SES-2037,2023-10-16,Computer Science,1,Present
47469,23,Male,Business,6,54.81,4.6,SES-2023,2024-04-21,Business,6,Absent
47467,19,Female,Education,2,70.15,5.6,SES-2042,2023-12-17,Engineering,3,Present
47466,20,Female,Education,2,57.1,9.4,SES-2045,2024-07-04,Education,8,Present
47465,20,Male,Computer Science,5,57.4,9.0,SES-2036,2024-02-12,Education,4,Present
47465,20,Male,Computer Science,5,57.4,9.0,SES-2012,2024-04-19,Education,5,Present
47464,20,Male,Computer Science,5,57.4,9.0,SES-2044,2024-04-22,Social Sciences,5,Present
47462,22,Female,Engineering,8,63.08,5.3,SES-2038,2023-11-27,Social Sciences,2,Present
47462,22,Female,Engineering,8,63.08,5.3,SES-2047,2024-02-01,Computer Science,4,Present
47462,22,Female,Engineering,8,63.08,5.3,SES-2021,2024-02-26,Social Sciences,4,Present
47460,18,Female,Engineering,8,63.08,5.3,SES-2034,2024-06-24,Social Sciences,8,Present
47460,18,Female,Engineering,8,63.08,5.3,SES-2002,2023-11-02,Computer Science,2,Present
47460,18,Female,Computer Science,5,67.19,16.9,SES-2046,2024-02-11,Computer Science,4,Present
47460,18,Female,Computer Science,5,67.19,16.9,SES-2018,2023-11-06,Business,3,Present
47460,18,Female,Computer Science,5,67.19,16.9,SES-2014,2024-03-28,Education,5,Absent
47460,18,Male,Engineering,4,73.33,6.7,SES-2031,2024-07-18,Computer Science,8,Present
47460,18,Female,Education,6,67.66,12.0,SES-2004,2023-09-23,Engineering,1,Present
47459,22,Female,Education,6,67.66,12.0,SES-2000,2023-10-24,Social Sciences,2,Present
47459,22,Female,Education,6,67.66,12.0,SES-2047,2024-02-01,Computer Science,4,Present
47457,21,Female,Education,6,67.66,12.0,SES-2019,2024-06-21,Engineering,7,Present
47456,21,Female,Education,6,67.66,12.0,SES-2023,2024-04-21,Business,6,Present
47451,26,Female,Computer Science,7,78.15,5.4,SES-2029,2023-10-21,Education,2,Absent
47451,26,Female,Computer Science,7,78.15,5.4,SES-2042,2023-12-17,Engineering,3,Present
47451,26,Female,Computer Science,7,78.15,5.4,SES-2002,2023-11-02,Computer Science,2,Present
47450,21,Female,Computer Science,7,78.15,5.4,SES-2038,2023-11-27,Social Sciences,2,Present
47450,21,Female,Computer Science,7,78.15,5.4,SES-2033,2023-11-14,Education,2,Absent
47447,22,Male,Engineering,3,69.26,7.0,SES-2006,2024-03-25,Education,5,Present
47446,22,Female,Computer Science,1,86.67,9.6,SES-2046,2024-02-11,Computer Science,4,Absent
47446,22,Female,Business,6,78.46,10.7,SES-2008,2024-03-04,Computer Science,4,Present
47446,22,Female,Business,6,78.46,10.7,SES-2001,2024-02-05,Computer Science,4,Present
47446,22,Female,Business,6,78.46,10.7,SES-2016,2024-04-12,Social Sciences,6,Present
47445,20,Female,Business,6,78.46,10.7,SES-2024,2024-06-05,Social Sciences,7,Absent
47444,22,Female,Business,5,66.41,6.4,SES-2016,2024-04-12,Social Sciences,6,Present
47444,22,Female,Education,1,66.07,4.5,SES-2001,2024-02-05,Computer Science,4,Absent
47444,22,Female,Education,1,66.07,4.5,SES-2024,2024-06-05,Social Sciences,7,Absent
47443,20,Female,Education,1,66.07,4.5,SES-2029,2023-10-21,Education,2,Absent
47443,20,Female,Education,1,66.07,4.5,SES-2022,2024-06-03,Education,7,Present
47443,20,Female,Education,1,66.07,4.5,SES-2010,2024-03-24,Business,5,Present
47442,24,Female,Business,7,65.35,10.1,SES-2013,2023-10-22,Education,2,Absent
47442,24,Female,Business,7,65.35,10.1,SES-2048,2023-09-03,Computer Science,1,Absent
47442,24,Female,Business,7,65.35,10.1,SES-2031,2024-07-18,Computer Science,8,Present
47442,24,Female,Business,7,65.35,10.1,SES-2039,2024-02-08,Engineering,4,Present
47442,24,Female,Business,7,65.35,10.1,SES-2000,2023-10-24,Social Sciences,2,Present
47442,24,Female,Computer Science,5,57.01,8.0,SES-2038,2023-11-27,Social Sciences,2,Present
47442,24,Female,Computer Science,5,57.01,8.0,SES-2048,2023-09-03,Computer Science,1,Absent
47438,17,Male,Education,8,56.91,10.2,SES-2030,2024-05-13,Business,7,Present
47436,17,Female,Education,2,80.58,6.3,SES-2011,2023-11-03,Engineering,2,Present
47436,17,Male,Computer Science,3,52.76,6.4,SES-2032,2023-11-25,Social Sciences,2,Present
47436,17,Male,Computer Science,3,52.76,6.4,SES-2019,2024-06-21,Engineering,7,Present
47436,17,Male,Computer Science,3,52.76,6.4,SES-2008,2024-03-04,Computer Science,4,Present
47436,17,Male,Computer Science,3,52.76,6.4,SES-2000,2023-10-24,Social Sciences,2,Present
47431,18,Male,Education,5,87.08,5.8,SES-2018,2023-11-06,Business,3,Present
47431,18,Male,Education,5,87.08,5.8,SES-2030,2024-05-13,Business,7,Present
47430,17,Male,Computer Science,6,60.73,6.7,SES-2012,2024-04-19,Education,5,Present
47430,17,Male,Engineering,4,51.21,6.8,SES-2047,2024-02-01,Computer Science,4,Present
47429,17,Male,Engineering,4,51.21,6.8,SES-2028,2024-06-25,Computer Science,8,Present
47429,17,Male,Engineering,4,51.21,6.8,SES-2036,2024-02-12,Education,4,Present
47429,17,Male,Business,7,57.64,8.0,SES-2020,2024-03-27,Computer Science,4,Present
47429,17,Male,Business,7,57.64,8.0,SES-2007,2024-06-09,Education,7,Present
47428,21,Female,Business,6,68.74,11.5,SES-2011,2023-11-03,Engineering,2,Present
47428,21,Female,Business,6,68.74,11.5,SES-2005,2024-05-15,Engineering,7,Present
47428,21,Female,Business,3,57.37,4.3,SES-2015,2023-11-09,Business,2,Present
47428,21,Female,Business,3,57.37,4.3,SES-2008,2024-03-04,Computer Science,4,Present
47426,19,Female,Business,3,57.37,4.3,SES-2032,2023-11-25,Social Sciences,2,Absent
47425,20,Female,Business,3,57.37,4.3,SES-2019,2024-06-21,Engineering,7,Absent
47425,20,Female,Business,3,57.37,4.3,SES-2022,2024-06-03,Education,7,Absent
47423,21,Male,Computer Science,2,65.12,5.5,SES-2013,2023-10-22,Education,2,Present
47423,21,Male,Computer Science,2,65.12,5.5,SES-2007,2024-06-09,Education,7,Present
47423,21,Male,Computer Science,2,65.12,5.5,SES-2017,2024-03-23,Computer Science,4,Present
47423,21,Male,Computer Science,2,65.12,5.5,SES-2020,2024-03-27,Computer Science,4,Present
47423,21,Male,Computer Science,2,65.12,5.5,SES-2048,2023-09-03,Computer Science,1,Present
47417,20,Male,Social Sciences,4,79.57,14.5,SES-2023,2024-04-21,Business,6,Absent
47417,20,Male,Social Sciences,4,79.57,14.5,SES-2030,2024-05-13,Business,7,Absent
47417,20,Male,Social Sciences,4,79.57,14.5,SES-2001,2024-02-05,Computer Science,4,Present
47416,19,Male,Social Sciences,4,79.57,14.5,SES-2005,2024-05-15,Engineering,7,Present
47416,19,Male,Social Sciences,4,79.57,14.5,SES-2044,2024-04-22,Social Sciences,5,Present
47408,19,Male,Business,3,46.44,5.9,SES-2028,2024-06-25,Computer Science,8,Absent
47407,19,Male,Business,6,55.61,10.6,SES-2013,2023-10-22,Education,2,Present
47407,19,Male,Business,6,55.61,10.6,SES-2006,2024-03-25,Education,5,Present
47407,19,Male,Business,6,55.61,10.6,SES-2010,2024-03-24,Business,5,Present
47406,18,Male,Business,6,55.61,10.6,SES-2020,2024-03-27,Computer Science,4,Present
47404,21,Female,Business,1,35.32,11.0,SES-2030,2024-05-13,Business,7,Absent
47404,21,Female,Business,1,35.32,11.0,SES-2005,2024-05-15,Engineering,7,Absent
47404,21,Female,Business,1,35.32,11.0,SES-2016,2024-04-12,Social Sciences,6,Absent
47402,21,Female,Business,6,75.97,12.6,SES-2047,2024-02-01,Computer Science,4,Present
47402,21,Female,Business,6,75.97,12.6,SES-2024,2024-06-05,Social Sciences,7,Present
47401,23,Male,Education,4,81.87,4.8,SES-2014,2024-03-28,Education,5,Absent
47400,17,Male,Education,4,81.87,4.8,SES-2002,2023-11-02,Computer Science,2,Absent
47400,17,Female,Social Sciences,3,77.32,10.7,SES-2038,2023-11-27,Social Sciences,2,Absent
47399,19,Female,Engineering,3,75.06,16.5,SES-2037,2023-10-16,Computer Science,1,Present
47399,19,Female,Computer Science,7,73.83,8.5,SES-2014,2024-03-28,Education,5,Present
47395,23,Female,Education,3,58.34,4.4,SES-2040,2023-10-24,Business,2,Present
47395,23,Female,Education,3,58.34,4.4,SES-2039,2024-02-08,Engineering,4,Absent
47394,24,Female,Education,3,58.34,4.4,SES-2036,2024-02-12,Education,4,Absent
47394,24,Male,Business,4,60.9,9.9,SES-2013,2023-10-22,Education,2,Present
47394,24,Female,Business,5,61.87,3.6,SES-2021,2024-02-26,Social Sciences,4,Absent
47392,23,Female,Business,5,61.87,3.6,SES-2011,2023-11-03,Engineering,2,Absent
47392,23,Female,Social Sciences,7,66.56,6.0,SES-2041,2023-10-05,Business,2,Present
47392,23,Female,Social Sciences,7,66.56,6.0,SES-2026,2024-04-19,Business,5,Present
47392,23,Female,Social Sciences,7,66.56,6.0,SES-2002,2023-11-02,Computer Science,2,Present
47391,24,Female,Business,2,48.69,7.6,SES-2011,2023-11-03,Engineering,2,Absent
47390,22,Female,Business,2,48.69,7.6,SES-2024,2024-06-05,Social Sciences,7,Absent
47390,22,Female,Business,2,48.69,7.6,SES-2004,2023-09-23,Engineering,1,Absent
47389,18,Female,Computer Science,2,51.19,6.5,SES-2001,2024-02-05,Computer Science,4,Present
47387,21,Female,Engineering,1,72.41,9.5,SES-2013,2023-10-22,Education,2,Present
47386,17,Female,Engineering,1,72.41,9.5,SES-2034,2024-06-24,Social Sciences,8,Present
47386,17,Female,Engineering,1,72.41,9.5,SES-2040,2023-10-24,Business,2,Present
47383,20,Male,Education,6,65.6,6.9,SES-2049,2024-04-17,Education,6,Present
47383,20,Female,Business,1,61.41,10.6,SES-2036,2024-02-12,Education,4,Present
47382,22,Female,Business,1,61.41,10.6,SES-2017,2024-03-23,Computer Science,4,Present
47382,22,Female,Business,1,61.41,10.6,SES-2000,2023-10-24,Social Sciences,2,Present
47382,22,Female,Business,1,61.41,10.6,SES-2043,2024-05-18,Education,7,Present
47382,22,Female,Business,1,61.41,10.6,SES-2016,2024-04-12,Social Sciences,6,Present
47382,22,Male,Business,8,54.85,2.9,SES-2010,2024-03-24,Business,5,Present
47381,20,Male,Engineering,7,71.2,6.8,SES-2010,2024-03-24,Business,5,Present
47381,20,Male,Engineering,7,71.2,6.8,SES-2035,2023-11-28,Social Sciences,3,Present
47380,24,Male,Engineering,7,71.2,6.8,SES-2015,2023-11-09,Business,2,Present
47379,19,Female,Business,2,72.84,11.3,SES-2040,2023-10-24,Business,2,Present
47379,19,Female,Business,2,72.84,11.3,SES-2042,2023-12-17,Engineering,3,Present
47379,19,Female,Business,2,72.84,11.3,SES-2036,2024-02-12,Education,4,Present
47377,19,Female,Education,2,57.65,9.6,SES-2049,2024-04-17,Education,6,Present
47377,19,Female,Education,2,57.65,9.6,SES-2024,2024-06-05,Social Sciences,7,Present
47376,20,Male,Social Sciences,4,77.37,9.2,SES-2010,2024-03-24,Business,5,Absent
47376,20,Male,Social Sciences,4,77.37,9.2,SES-2003,2023-10-08,Engineering,2,Present
47375,19,Male,Social Sciences,4,77.37,9.2,SES-2039,2024-02-08,Engineering,4,Present
47375,19,Male,Social Sciences,4,77.37,9.2,SES-2007,2024-06-09,Education,7,Present
47373,22,Male,Engineering,2,59.54,7.4,SES-2011,2023-11-03,Engineering,2,Present
47373,22,Male,Engineering,2,59.54,7.4,SES-2047,2024-02-01,Computer Science,4,Present
47373,22,Male,Engineering,2,59.54,7.4,SES-2001,2024-02-05,Computer Science,4,Present
47373,22,Female,Engineering,6,54.76,6.3,SES-2032,2023-11-25,Social Sciences,2,Present
47372,21,Female,Engineering,6,54.76,6.3,SES-2022,2024-06-03,Education,7,Present
47370,17,Female,Engineering,6,54.76,6.3,SES-2018,2023-11-06,Business,3,Present
47370,17,Female,Engineering,6,54.76,6.3,SES-2001,2024-02-05,Computer Science,4,Absent
47367,22,Male,Business,3,64.75,10.8,SES-2003,2023-10-08,Engineering,2,Present
47366,23,Male,Business,3,64.75,10.8,SES-2008,2024-03-04,Computer Science,4,Present
47366,23,Male,Business,3,64.75,10.8,SES-2005,2024-05-15,Engineering,7,Present
47366,23,Male,Education,3,68.93,7.0,SES-2016,2024-04-12,Social Sciences,6,Present
47366,23,Male,Education,3,68.93,7.0,SES-2017,2024-03-23,Computer Science,4,Present
47365,20,Male,Education,3,68.93,7.0,SES-2035,2023-11-28,Social Sciences,3,Present
47364,20,Male,Education,3,68.93,7.0,SES-2019,2024-06-21,Engineering,7,Present
47364,20,Male,Education,3,68.93,7.0,SES-2039,2024-02-08,Engineering,4,Present
47364,20,Male,Engineering,4,62.71,10.3,SES-2017,2024-03-23,Computer Science,4,Present
47364,20,Male,Engineering,4,62.71,10.3,SES-2032,2023-11-25,Social Sciences,2,Present
47363,25,Male,Engineering,4,62.71,10.3,SES-2000,2023-10-24,Social Sciences,2,Absent
47363,25,Male,Engineering,4,62.71,10.3,SES-2043,2024-05-18,Education,7,Present
47361,20,Female,Education,7,61.95,11.7,SES-2036,2024-02-12,Education,4,Present
47360,19,Female,Education,7,61.95,11.7,SES-2032,2023-11-25,Social Sciences,2,Present
47360,19,Female,Education,7,61.95,11.7,SES-2046,2024-02-11,Computer Science,4,Present
47360,19,Male,Engineering,5,65.21,6.4,SES-2001,2024-02-05,Computer Science,4,Absent
47360,19,Female,Education,1,51.2,10.6,SES-2030,2024-05-13,Business,7,Present
47360,19,Female,Education,1,51.2,10.6,SES-2001,2024-02-05,Computer Science,4,Present
47357,22,Female,Education,3,61.06,11.7,SES-2044,2024-04-22,Social Sciences,5,Present
47356,25,Female,Education,3,61.06,11.7,SES-2038,2023-11-27,Social Sciences,2,Present
47354,19,Female,Education,2,60.08,13.1,SES-2027,2024-04-05,Engineering,6,Present
47353,20,Female,Computer Science,3,59.94,9.0,SES-2048,2023-09-03,Computer Science,1,Present
47353,20,Female,Computer Science,3,59.94,9.0,SES-2024,2024-06-05,Social Sciences,7,Absent
47350,20,Female,Computer Science,3,59.94,9.0,SES-2046,2024-02-11,Computer Science,4,Present
47350,20,Female,Computer Science,8,81.51,10.1,SES-2040,2023-10-24,Business,2,Present
47349,22,Female,Computer Science,8,81.51,10.1,SES-2027,2024-04-05,Engineering,6,Present
47348,20,Female,Computer Science,8,81.51,10.1,SES-2045,2024-07-04,Education,8,Present
47348,20,Female,Computer Science,8,81.51,10.1,SES-2044,2024-04-22,Social Sciences,5,Absent
47348,20,Female,Engineering,2,79.76,8.5,SES-2010,2024-03-24,Business,5,Absent
47348,20,Female,Engineering,2,79.76,8.5,SES-2003,2023-10-08,Engineering,2,Absent
47344,20,Female,Engineering,2,79.76,8.5,SES-2021,2024-02-26,Social Sciences,4,Absent
47342,17,Female,Business,8,70.42,9.8,SES-2003,2023-10-08,Engineering,2,Present
47341,19,Female,Business,8,70.42,9.8,SES-2041,2023-10-05,Business,2,Present
47341,19,Female,Business,8,70.42,9.8,SES-2023,2024-04-21,Business,6,Present
47340,21,Female,Computer Science,7,60.23,7.4,SES-2048,2023-09-03,Computer Science,1,Present
47338,23,Female,Computer Science,7,60.23,7.4,SES-2010,2024-03-24,Business,5,Absent
47338,23,Female,Computer Science,7,60.23,7.4,SES-2002,2023-11-02,Computer Science,2,Present
47337,23,Female,Computer Science,7,60.23,7.4,SES-2011,2023-11-03,Engineering,2,Present
47335,22,Female,Computer Science,7,60.23,7.4,SES-2007,2024-06-09,Education,7,Present
47334,18,Male,Education,2,77.29,13.1,SES-2020,2024-03-27,Computer Science,4,Present
47334,18,Male,Education,2,77.29,13.1,SES-2025,2023-11-24,Engineering,3,Present
47334,18,Male,Education,2,77.29,13.1,SES-2034,2024-06-24,Social Sciences,8,Present
47333,17,Male,Education,2,77.29,13.1,SES-2049,2024-04-17,Education,6,Present
47333,17,Male,Engineering,5,74.52,10.4,SES-2025,2023-11-24,Engineering,3,Present
47332,20,Male,Engineering,2,88.55,9.4,SES-2047,2024-02-01,Computer Science,4,Present
47331,17,Male,Engineering,2,88.55,9.4,SES-2026,2024-04-19,Business,5,Present
47330,17,Male,Engineering,2,88.55,9.4,SES-2021,2024-02-26,Social Sciences,4,Present
47330,17,Male,Engineering,2,88.55,9.4,SES-2030,2024-05-13,Business,7,Present
47330,17,Male,Social Sciences,2,71.18,11.5,SES-2020,2024-03-27,Computer Science,4,Present
47330,17,Male,Social Sciences,2,71.18,11.5,SES-2000,2023-10-24,Social Sciences,2,Present
47328,25,Male,Social Sciences,2,71.18,11.5,SES-2001,2024-02-05,Computer Science,4,Present
47328,25,Male,Social Sciences,2,71.18,11.5,SES-2033,2023-11-14,Education,2,Present
47327,25,Male,Social Sciences,6,62.25,11.5,SES-2037,2023-10-16,Computer Science,1,Present
47327,25,Male,Social Sciences,6,62.25,11.5,SES-2010,2024-03-24,Business,5,Present
47327,25,Male,Social Sciences,6,62.25,11.5,SES-2012,2024-04-19,Education,5,Absent
47326,21,Male,Social Sciences,6,62.25,11.5,SES-2045,2024-07-04,Education,8,Present
47321,21,Male,Computer Science,1,62.99,17.5,SES-2016,2024-04-12,Social Sciences,6,Present
47321,21,Male,Computer Science,1,62.99,17.5,SES-2021,2024-02-26,Social Sciences,4,Present
47320,20,Female,Computer Science,2,70.22,6.4,SES-2024,2024-06-05,Social Sciences,7,Present
47320,20,Female,Computer Science,2,70.22,6.4,SES-2047,2024-02-01,Computer Science,4,Present
47320,20,Female,Computer Science,2,70.22,6.4,SES-2031,2024-07-18,Computer Science,8,Present
47318,18,Male,Social Sciences,4,61.56,7.7,SES-2016,2024-04-12,Social Sciences,6,Present
47317,21,Male,Social Sciences,4,61.56,7.7,SES-2015,2023-11-09,Business,2,Present
47317,21,Male,Social Sciences,4,61.56,7.7,SES-2018,2023-11-06,Business,3,Present
47316,17,Female,Engineering,8,65.87,16.0,SES-2048,2023-09-03,Computer Science,1,Present
47316,17,Female,Engineering,8,65.87,16.0,SES-2037,2023-10-16,Computer Science,1,Present
47316,17,Female,Engineering,8,65.87,16.0,SES-2008,2024-03-04,Computer Science,4,Present
47315,22,Female,Engineering,8,65.87,16.0,SES-2045,2024-07-04,Education,8,Present
47315,22,Male,Engineering,2,69.61,10.6,SES-2048,2023-09-03,Computer Science,1,Absent
47315,22,Male,Engineering,2,69.61,10.6,SES-2031,2024-07-18,Computer Science,8,Present
47315,22,Male,Engineering,2,69.61,10.6,SES-2047,2024-02-01,Computer Science,4,Present
47312,22,Male,Business,3,78.54,10.9,SES-2041,2023-10-05,Business,2,Present
47308,21,Female,Education,8,86.77,9.9,SES-2007,2024-06-09,Education,7,Present
47308,21,Female,Education,8,86.77,9.9,SES-2037,2023-10-16,Computer Science,1,Present
47308,21,Female,Education,8,86.77,9.9,SES-2041,2023-10-05,Business,2,Present
47308,21,Female,Education,6,48.64,3.5,SES-2020,2024-03-27,Computer Science,4,Absent
47305,22,Female,Education,6,48.64,3.5,SES-2027,2024-04-05,Engineering,6,Present
47305,22,Female,Education,6,48.64,3.5,SES-2037,2023-10-16,Computer Science,1,Absent
47305,22,Female,Education,6,48.64,3.5,SES-2031,2024-07-18,Computer Science,8,Absent
47301,21,Female,Business,6,87.69,8.6,SES-2041,2023-10-05,Business,2,Present
47300,20,Female,Business,6,87.69,8.6,SES-2011,2023-11-03,Engineering,2,Present
47300,20,Female,Social Sciences,7,74.75,8.0,SES-2011,2023-11-03,Engineering,2,Present
47299,20,Female,Social Sciences,7,74.75,8.0,SES-2004,2023-09-23,Engineering,1,Present
47299,20,Female,Social Sciences,7,74.75,8.0,SES-2009,2024-05-12,Social Sciences,7,Present
47297,19,Female,Social Sciences,7,74.75,8.0,SES-2032,2023-11-25,Social Sciences,2,Present
47297,19,Female,Social Sciences,7,74.75,8.0,SES-2020,2024-03-27,Computer Science,4,Present
47297,19,Male,Education,7,73.75,10.6,SES-2017,2024-03-23,Computer Science,4,Present
47297,19,Male,Education,7,73.75,10.6,SES-2013,2023-10-22,Education,2,Absent
47297,19,Female,Computer Science,5,45.12,6.5,SES-2019,2024-06-21,Engineering,7,Present
47296,22,Female,Computer Science,5,45.12,6.5,SES-2016,2024-04-12,Social Sciences,6,Absent
47296,22,Female,Computer Science,5,45.12,6.5,SES-2013,2023-10-22,Education,2,Absent
47296,22,Female,Computer Science,5,45.12,6.5,SES-2040,2023-10-24,Business,2,Absent
47296,22,Male,Engineering,5,92.16,11.4,SES-2027,2024-04-05,Engineering,6,Absent
47295,21,Male,Engineering,5,92.16,11.4,SES-2033,2023-11-14,Education,2,Present
47294,23,Male,Engineering,5,92.16,11.4,SES-2021,2024-02-26,Social Sciences,4,Present
47294,23,Male,Engineering,5,92.16,11.4,SES-2015,2023-11-09,Business,2,Present
47294,23,Male,Engineering,5,92.16,11.4,SES-2035,2023-11-28,Social Sciences,3,Present
47293,22,Female,Education,2,69.7,12.8,SES-2039,2024-02-08,Engineering,4,Present
47293,22,Female,Education,2,69.7,12.8,SES-2016,2024-04-12,Social Sciences,6,Present
47293,22,Female,Education,2,69.7,12.8,SES-2013,2023-10-22,Education,2,Present
47293,22,Female,Engineering,3,68.69,14.5,SES-2012,2024-04-19,Education,5,Present
47293,22,Female,Engineering,3,68.69,14.5,SES-2038,2023-11-27,Social Sciences,2,Present
47293,22,Female,Engineering,3,68.69,14.5,SES-2023,2024-04-21,Business,6,Present
47292,22,Female,Engineering,3,68.69,14.5,SES-2049,2024-04-17,Education,6,Present
47291,21,Male,Business,7,98.09,10.1,SES-2031,2024-07-18,Computer Science,8,Present
47291,21,Male,Business,7,98.09,10.1,SES-2013,2023-10-22,Education,2,Absent
47290,19,Male,Business,7,98.09,10.1,SES-2002,2023-11-02,Computer Science,2,Present
47290,19,Male,Business,7,98.09,10.1,SES-2026,2024-04-19,Business,5,Absent
47290,19,Male,Business,7,98.09,10.1,SES-2037,2023-10-16,Computer Science,1,Present
47289,20,Female,Engineering,4,58.05,9.7,SES-2021,2024-02-26,Social Sciences,4,Absent
47289,20,Female,Engineering,4,58.05,9.7,SES-2001,2024-02-05,Computer Science,4,Present
47289,20,Female,Engineering,4,58.05,9.7,SES-2008,2024-03-04,Computer Science,4,Present
47288,25,Female,Engineering,4,58.05,9.7,SES-2046,2024-02-11,Computer Science,4,Present
47288,25,Female,Engineering,4,58.05,9.7,SES-2035,2023-11-28,Social Sciences,3,Absent
47288,25,Female,Computer Science,7,78.27,6.3,SES-2005,2024-05-15,Engineering,7,Present
47287,22,Female,Computer Science,7,78.27,6.3,SES-2026,2024-04-19,Business,5,Present
47285,18,Male,Computer Science,5,64.77,5.8,SES-2022,2024-06-03,Education,7,Present
47285,18,Male,Computer Science,5,64.77,5.8,SES-2012,2024-04-19,Education,5,Present
47285,18,Male,Computer Science,5,64.77,5.8,SES-2036,2024-02-12,Education,4,Present
47285,18,Female,Computer Science,1,57.22,5.2,SES-2022,2024-06-03,Education,7,Present
47281,22,Female,Computer Science,1,64.26,13.6,SES-2029,2023-10-21,Education,2,Present
47280,21,Female,Computer Science,1,64.26,13.6,SES-2000,2023-10-24,Social Sciences,2,Present
47279,17,Female,Computer Science,6,82.47,8.1,SES-2048,2023-09-03,Computer Science,1,Present
47279,17,Female,Computer Science,6,82.47,8.1,SES-2000,2023-10-24,Social Sciences,2,Present
47275,19,Male,Business,1,68.56,9.5,SES-2035,2023-11-28,Social Sciences,3,Present
47275,19,Male,Business,1,68.56,9.5,SES-2032,2023-11-25,Social Sciences,2,Present
47274,20,Male,Business,1,68.56,9.5,SES-2006,2024-03-25,Education,5,Present
47274,20,Male,Business,1,68.56,9.5,SES-2017,2024-03-23,Computer Science,4,Present
47272,23,Female,Computer Science,3,72.71,14.1,SES-2009,2024-05-12,Social Sciences,7,Present
47272,23,Female,Computer Science,3,72.71,14.1,SES-2043,2024-05-18,Education,7,Present
47272,23,Female,Computer Science,3,72.71,14.1,SES-2015,2023-11-09,Business,2,Present
47271,23,Female,Computer Science,3,72.71,14.1,SES-2022,2024-06-03,Education,7,Present
47267,23,Female,Education,6,65.83,12.4,SES-2028,2024-06-25,Computer Science,8,Present
47266,24,Female,Education,6,65.83,12.4,SES-2030,2024-05-13,Business,7,Present
47262,22,Male,Education,8,53.74,11.5,SES-2007,2024-06-09,Education,7,Present
47262,22,Female,Education,1,74.23,11.8,SES-2018,2023-11-06,Business,3,Present
47262,22,Female,Education,1,74.23,11.8,SES-2049,2024-04-17,Education,6,Present
47262,22,Female,Education,1,74.23,11.8,SES-2002,2023-11-02,Computer Science,2,Present
47262,22,Male,Education,3,41.27,7.2,SES-2037,2023-10-16,Computer Science,1,Absent
47261,18,Male,Education,3,41.27,7.2,SES-2045,2024-07-04,Education,8,Absent
47258,19,Male,Engineering,4,62.23,10.6,SES-2039,2024-02-08,Engineering,4,Present
47258,19,Male,Engineering,4,62.23,10.6,SES-2003,2023-10-08,Engineering,2,Present
47258,19,Male,Engineering,4,62.23,10.6,SES-2018,2023-11-06,Business,3,Present
47258,19,Male,Engineering,4,62.23,10.6,SES-2049,2024-04-17,Education,6,Present
47255,19,Male,Computer Science,7,66.15,9.4,SES-2027,2024-04-05,Engineering,6,Present
47255,19,Male,Computer Science,7,66.15,9.4,SES-2016,2024-04-12,Social Sciences,6,Absent
47254,20,Male,Computer Science,7,66.15,9.4,SES-2018,2023-11-06,Business,3,Present
47254,20,Female,Business,7,49.2,9.9,SES-2034,2024-06-24,Social Sciences,8,Present
47249,24,Female,Education,1,77.28,10.6,SES-2005,2024-05-15,Engineering,7,Present
47247,19,Female,Education,1,77.28,10.6,SES-2031,2024-07-18,Computer Science,8,Present
47247,19,Female,Education,1,77.28,10.6,SES-2006,2024-03-25,Education,5,Present
47247,19,Female,Education,1,77.28,10.6,SES-2028,2024-06-25,Computer Science,8,Absent
47247,19,Male,Computer Science,5,63.12,13.0,SES-2025,2023-11-24,Engineering,3,Present
47246,21,Male,Computer Science,5,63.12,13.0,SES-2042,2023-12-17,Engineering,3,Present
47244,21,Female,Engineering,3,75.74,11.3,SES-2031,2024-07-18,Computer Science,8,Present
47244,21,Female,Engineering,3,75.74,11.3,SES-2047,2024-02-01,Computer Science,4,Present
47240,21,Female,Engineering,1,75.69,11.7,SES-2033,2023-11-14,Education,2,Present
47240,21,Female,Engineering,1,75.69,11.7,SES-2023,2024-04-21,Business,6,Present
47239,22,Female,Engineering,1,75.69,11.7,SES-2025,2023-11-24,Engineering,3,Present
47239,22,Female,Engineering,1,75.69,11.7,SES-2026,2024-04-19,Business,5,Present
47239,22,Female,Engineering,1,75.69,11.7,SES-2000,2023-10-24,Social Sciences,2,Present
47239,22,Female,Engineering,8,64.32,6.9,SES-2037,2023-10-16,Computer Science,1,Present
47238,19,Female,Computer Science,8,68.55,7.5,SES-2000,2023-10-24,Social Sciences,2,Present
47237,20,Female,Computer Science,8,68.55,7.5,SES-2018,2023-11-06,Business,3,Present
47235,22,Female,Education,3,90.68,8.2,SES-2036,2024-02-12,Education,4,Absent
47235,22,Female,Education,3,90.68,8.2,SES-2039,2024-02-08,Engineering,4,Present
47232,20,Female,Computer Science,8,80.21,15.1,SES-2005,2024-05-15,Engineering,7,Absent
47230,19,Male,Social Sciences,2,68.4,9.0,SES-2044,2024-04-22,Social Sciences,5,Present
47230,19,Male,Social Sciences,2,68.4,9.0,SES-2004,2023-09-23,Engineering,1,Present
47226,25,Female,Engineering,1,66.97,9.0,SES-2018,2023-11-06,Business,3,Present
47226,25,Female,Engineering,1,66.97,9.0,SES-2011,2023-11-03,Engineering,2,Present
47226,25,Female,Engineering,1,66.97,9.0,SES-2021,2024-02-26,Social Sciences,4,Present
47226,25,Female,Business,7,69.64,8.9,SES-2003,2023-10-08,Engineering,2,Present
47226,25,Female,Business,7,69.64,8.9,SES-2016,2024-04-12,Social Sciences,6,Present
47224,20,Male,Computer Science,1,75.15,6.6,SES-2002,2023-11-02,Computer Science,2,Present
47224,20,Male,Computer Science,1,75.15,6.6,SES-2009,2024-05-12,Social Sciences,7,Present
47224,20,Male,Computer Science,6,87.08,10.0,SES-2038,2023-11-27,Social Sciences,2,Present
47222,22,Male,Computer Science,6,87.08,10.0,SES-2037,2023-10-16,Computer Science,1,Present
47222,22,Male,Computer Science,6,87.08,10.0,SES-2033,2023-11-14,Education,2,Present
47222,22,Male,Computer Science,6,87.08,10.0,SES-2018,2023-11-06,Business,3,Present
47221,21,Male,Computer Science,6,87.08,10.0,SES-2016,2024-04-12,Social Sciences,6,Present
47221,21,Male,Engineering,7,76.62,9.6,SES-2013,2023-10-22,Education,2,Present
47220,24,Male,Engineering,7,76.62,9.6,SES-2004,2023-09-23,Engineering,1,Absent
47220,24,Male,Engineering,7,76.62,9.6,SES-2027,2024-04-05,Engineering,6,Present
47218,25,Male,Education,2,59.29,7.5,SES-2048,2023-09-03,Computer Science,1,Absent
47217,26,Male,Education,2,59.29,7.5,SES-2004,2023-09-23,Engineering,1,Present
47217,26,Male,Education,2,59.29,7.5,SES-2002,2023-11-02,Computer Science,2,Present
47216,22,Male,Education,6,33.92,0.8,SES-2004,2023-09-23,Engineering,1,Absent
47216,22,Male,Education,6,33.92,0.8,SES-2029,2023-10-21,Education,2,Absent
47215,21,Male,Education,6,33.92,0.8,SES-2002,2023-11-02,Computer Science,2,Present
47215,21,Male,Education,6,33.92,0.8,SES-2020,2024-03-27,Computer Science,4,Absent
47215,21,Female,Computer Science,3,81.75,11.6,SES-2030,2024-05-13,Business,7,Present
47215,21,Male,Business,6,48.25,5.1,SES-2001,2024-02-05,Computer Science,4,Absent
47214,24,Male,Business,6,48.25,5.1,SES-2031,2024-07-18,Computer Science,8,Present
47214,24,Male,Business,6,48.25,5.1,SES-2010,2024-03-24,Business,5,Present
47213,24,Male,Business,6,48.25,5.1,SES-2047,2024-02-01,Computer Science,4,Absent
47212,20,Male,Business,6,48.25,5.1,SES-2040,2023-10-24,Business,2,Present
47211,21,Male,Computer Science,4,57.56,7.6,SES-2044,2024-04-22,Social Sciences,5,Present
47209,22,Male,Business,4,91.17,10.3,SES-2044,2024-04-22,Social Sciences,5,Present
47205,21,Male,Education,2,72.99,9.1,SES-2000,2023-10-24,Social Sciences,2,Present
47204,23,Female,Business,6,53.93,15.0,SES-2004,2023-09-23,Engineering,1,Present
47204,23,Female,Business,6,53.93,15.0,SES-2048,2023-09-03,Computer Science,1,Present
47203,20,Female,Business,6,53.93,15.0,SES-2009,2024-05-12,Social Sciences,7,Present
47200,22,Male,Social Sciences,8,68.01,5.3,SES-2020,2024-03-27,Computer Science,4,Present
47199,23,Male,Social Sciences,8,68.01,5.3,SES-2018,2023-11-06,Business,3,Present
47199,23,Female,Education,4,67.7,5.1,SES-2027,2024-04-05,Engineering,6,Present
47199,23,Female,Education,4,67.7,5.1,SES-2011,2023-11-03,Engineering,2,Present
47198,20,Female,Social Sciences,1,63.05,15.5,SES-2049,2024-04-17,Education,6,Present
47198,20,Female,Social Sciences,1,63.05,15.5,SES-2007,2024-06-09,Education,7,Present
47196,26,Female,Engineering,6,59.6,7.8,SES-2013,2023-10-22,Education,2,Present
47196,26,Female,Engineering,6,59.6,7.8,SES-2015,2023-11-09,Business,2,Present
47196,26,Female,Engineering,6,59.6,7.8,SES-2032,2023-11-25,Social Sciences,2,Present
47196,26,Female,Engineering,6,59.6,7.8,SES-2019,2024-06-21,Engineering,7,Present
47195,23,Male,Education,2,56.36,9.6,SES-2044,2024-04-22,Social Sciences,5,Present
47195,23,Male,Education,2,56.36,9.6,SES-2037,2023-10-16,Computer Science,1,Present
47195,23,Female,Computer Science,1,51.8,6.4,SES-2008,2024-03-04,Computer Science,4,Present
47194,19,Female,Computer Science,1,51.8,6.4,SES-2012,2024-04-19,Education,5,Absent
47194,19,Female,Computer Science,1,51.8,6.4,SES-2046,2024-02-11,Computer Science,4,Present
47194,19,Female,Computer Science,1,51.8,6.4,SES-2007,2024-06-09,Education,7,Present
47186,23,Male,Business,5,69.41,13.7,SES-2035,2023-11-28,Social Sciences,3,Present
47184,22,Male,Business,5,69.41,13.7,SES-2049,2024-04-17,Education,6,Present
47184,22,Male,Business,5,69.41,13.7,SES-2015,2023-11-09,Business,2,Absent
47183,24,Male,Business,5,69.41,13.7,SES-2028,2024-06-25,Computer Science,8,Present
47181,23,Male,Social Sciences,6,59.47,10.3,SES-2001,2024-02-05,Computer Science,4,Present
47181,23,Male,Social Sciences,6,59.47,10.3,SES-2043,2024-05-18,Education,7,Present
47180,19,Male,Social Sciences,6,59.47,10.3,SES-2038,2023-11-27,Social Sciences,2,Present
47180,19,Male,Social Sciences,6,59.47,10.3,SES-2034,2024-06-24,Social Sciences,8,Present
47180,19,Male,Social Sciences,6,59.47,10.3,SES-2009,2024-05-12,Social Sciences,7,Present
47179,19,Female,Engineering,3,69.24,13.3,SES-2035,2023-11-28,Social Sciences,3,Present
47178,19,Female,Engineering,3,69.24,13.3,SES-2046,2024-02-11,Computer Science,4,Present
47178,19,Female,Engineering,3,69.24,13.3,SES-2014,2024-03-28,Education,5,Present
47178,19,Female,Engineering,3,69.24,13.3,SES-2049,2024-04-17,Education,6,Present
47178,19,Female,Engineering,3,69.24,13.3,SES-2017,2024-03-23,Computer Science,4,Present
47178,19,Female,Computer Science,2,60.7,11.8,SES-2001,2024-02-05,Computer Science,4,Absent
47177,24,Female,Computer Science,3,79.69,11.3,SES-2023,2024-04-21,Business,6,Present
47175,23,Female,Computer Science,3,79.69,11.3,SES-2037,2023-10-16,Computer Science,1,Present
47175,23,Female,Computer Science,3,79.69,11.3,SES-2021,2024-02-26,Social Sciences,4,Absent
47175,23,Female,Computer Science,6,54.73,6.3,SES-2016,2024-04-12,Social Sciences,6,Present
47173,25,Male,Computer Science,5,67.02,11.0,SES-2038,2023-11-27,Social Sciences,2,Present
47173,25,Female,Computer Science,3,66.85,8.6,SES-2005,2024-05-15,Engineering,7,Present
47173,25,Female,Computer Science,3,66.85,8.6,SES-2037,2023-10-16,Computer Science,1,Present
47173,25,Female,Computer Science,3,66.85,8.6,SES-2038,2023-11-27,Social Sciences,2,Absent
47173,25,Female,Computer Science,3,66.85,8.6,SES-2000,2023-10-24,Social Sciences,2,Present
47172,17,Female,Computer Science,3,66.85,8.6,SES-2002,2023-11-02,Computer Science,2,Present
47172,17,Female,Social Sciences,6,57.82,6.5,SES-2011,2023-11-03,Engineering,2,Present
47171,22,Female,Social Sciences,6,57.82,6.5,SES-2000,2023-10-24,Social Sciences,2,Present
47171,22,Female,Social Sciences,6,57.82,6.5,SES-2013,2023-10-22,Education,2,Present
47171,22,Female,Social Sciences,6,57.82,6.5,SES-2045,2024-07-04,Education,8,Present
47171,22,Female,Social Sciences,6,57.82,6.5,SES-2048,2023-09-03,Computer Science,1,Present
47170,19,Female,Engineering,4,55.72,11.4,SES-2029,2023-10-21,Education,2,Present
47170,19,Female,Engineering,4,55.72,11.4,SES-2018,2023-11-06,Business,3,Present
47170,19,Female,Engineering,4,55.72,11.4,SES-2045,2024-07-04,Education,8,Present
47168,20,Male,Business,3,83.36,9.0,SES-2033,2023-11-14,Education,2,Present
47168,20,Male,Business,3,83.36,9.0,SES-2008,2024-03-04,Computer Science,4,Present
47167,19,Male,Business,3,83.36,9.0,SES-2001,2024-02-05,Computer Science,4,Present
47167,19,Female,Business,2,63.14,2.7,SES-2005,2024-05-15,Engineering,7,Absent
47163,18,Female,Computer Science,4,55.81,5.2,SES-2042,2023-12-17,Engineering,3,Present
47161,21,Female,Computer Science,4,55.81,5.2,SES-2017,2024-03-23,Computer Science,4,Present
47161,21,Female,Computer Science,4,55.81,5.2,SES-2003,2023-10-08,Engineering,2,Absent
47160,19,Male,Education,4,72.22,11.1,SES-2004,2023-09-23,Engineering,1,Present
47160,19,Male,Education,4,72.22,11.1,SES-2001,2024-02-05,Computer Science,4,Present
47160,19,Male,Education,4,72.22,11.1,SES-2033,2023-11-14,Education,2,Present
47160,19,Male,Education,4,72.22,11.1,SES-2018,2023-11-06,Business,3,Present
47159,24,Male,Education,4,72.22,11.1,SES-2012,2024-04-19,Education,5,Absent
47159,24,Male,Computer Science,6,57.81,11.7,SES-2033,2023-11-14,Education,2,Present
47159,24,Male,Computer Science,6,57.81,11.7,SES-2037,2023-10-16,Computer Science,1,Present
47157,17,Male,Computer Science,6,57.81,11.7,SES-2036,2024-02-12,Education,4,Present
47157,17,Male,Computer Science,6,57.81,11.7,SES-2047,2024-02-01,Computer Science,4,Present
47157,17,Male,Computer Science,6,57.81,11.7,SES-2032,2023-11-25,Social Sciences,2,Absent
47157,17,Female,Computer Science,3,55.96,5.3,SES-2036,2024-02-12,Education,4,Present
47156,17,Female,Computer Science,3,55.96,5.3,SES-2020,2024-03-27,Computer Science,4,Present
47156,17,Female,Computer Science,3,55.96,5.3,SES-2022,2024-06-03,Education,7,Present
47156,17,Female,Social Sciences,7,69.49,10.5,SES-2048,2023-09-03,Computer Science,1,Present
47156,17,Male,Education,1,73.04,8.5,SES-2031,2024-07-18,Computer Science,8,Present
47156,17,Male,Education,1,73.04,8.5,SES-2038,2023-11-27,Social Sciences,2,Present
47155,17,Male,Education,1,73.04,8.5,SES-2017,2024-03-23,Computer Science,4,Present
47155,17,Male,Education,1,73.04,8.5,SES-2002,2023-11-02,Computer Science,2,Present
47154,18,Female,Computer Science,5,77.76,2.3,SES-2038,2023-11-27,Social Sciences,2,Present
47154,18,Female,Computer Science,5,77.76,2.3,SES-2041,2023-10-05,Business,2,Present
47154,18,Female,Computer Science,5,77.76,2.3,SES-2028,2024-06-25,Computer Science,8,Absent
47154,18,Male,Computer Science,7,56.06,6.9,SES-2033,2023-11-14,Education,2,Absent
47154,18,Male,Computer Science,7,56.06,6.9,SES-2011,2023-11-03,Engineering,2,Present
47153,17,Male,Computer Science,7,56.06,6.9,SES-2006,2024-03-25,Education,5,Present
47153,17,Male,Computer Science,7,56.06,6.9,SES-2002,2023-11-02,Computer Science,2,Present
47153,17,Male,Computer Science,7,56.06,6.9,SES-2025,2023-11-24,Engineering,3,Present
47151,21,Male,Engineering,6,55.73,12.2,SES-2010,2024-03-24,Business,5,Present
47151,21,Male,Engineering,6,55.73,12.2,SES-2016,2024-04-12,Social Sciences,6,Present
47151,21,Male,Engineering,6,55.73,12.2,SES-2026,2024-04-19,Business,5,Absent
47150,21,Male,Engineering,6,55.73,12.2,SES-2008,2024-03-04,Computer Science,4,Present
47150,21,Female,Business,1,67.01,10.0,SES-2049,2024-04-17,Education,6,Present
47150,21,Female,Business,1,67.01,10.0,SES-2043,2024-05-18,Education,7,Present
47150,21,Female,Business,1,67.01,10.0,SES-2035,2023-11-28,Social Sciences,3,Present
47149,22,Male,Computer Science,6,58.8,5.5,SES-2021,2024-02-26,Social Sciences,4,Present
47146,20,Male,Engineering,1,65.17,7.9,SES-2045,2024-07-04,Education,8,Present
47146,20,Male,Education,3,68.45,8.3,SES-2044,2024-04-22,Social Sciences,5,Present
47145,17,Female,Business,2,77.34,15.4,SES-2007,2024-06-09,Education,7,Present
47145,17,Female,Business,2,77.34,15.4,SES-2016,2024-04-12,Social Sciences,6,Present
47144,24,Female,Business,2,77.34,15.4,SES-2035,2023-11-28,Social Sciences,3,Present
47144,24,Female,Business,2,77.34,15.4,SES-2024,2024-06-05,Social Sciences,7,Absent
47143,20,Female,Business,2,77.34,15.4,SES-2018,2023-11-06,Business,3,Present
47143,20,Male,Engineering,2,61.07,13.4,SES-2012,2024-04-19,Education,5,Present
47143,20,Male,Engineering,2,61.07,13.4,SES-2040,2023-10-24,Business,2,Present
47142,22,Male,Engineering,2,61.07,13.4,SES-2018,2023-11-06,Business,3,Present
47141,24,Male,Engineering,2,61.07,13.4,SES-2039,2024-02-08,Engineering,4,Present
47141,24,Female,Engineering,4,88.54,12.4,SES-2029,2023-10-21,Education,2,Absent
47141,24,Female,Engineering,4,88.54,12.4,SES-2037,2023-10-16,Computer Science,1,Present
47140,20,Female,Engineering,4,88.54,12.4,SES-2048,2023-09-03,Computer Science,1,Absent
47134,21,Male,Education,1,67.29,2.3,SES-2019,2024-06-21,Engineering,7,Absent
47134,21,Male,Education,1,67.29,2.3,SES-2037,2023-10-16,Computer Science,1,Absent
47133,20,Male,Education,1,67.29,2.3,SES-2029,2023-10-21,Education,2,Absent
47133,20,Female,Business,1,66.41,8.9,SES-2036,2024-02-12,Education,4,Present
47132,20,Female,Business,1,66.41,8.9,SES-2035,2023-11-28,Social Sciences,3,Present
47132,20,Female,Business,1,66.41,8.9,SES-2009,2024-05-12,Social Sciences,7,Present
47128,19,Female,Social Sciences,7,49.43,10.6,SES-2026,2024-04-19,Business,5,Present
47128,19,Female,Social Sciences,7,49.43,10.6,SES-2003,2023-10-08,Engineering,2,Absent
47128,19,Female,Social Sciences,7,49.43,10.6,SES-2008,2024-03-04,Computer Science,4,Absent
47128,19,Female,Social Sciences,7,49.43,10.6,SES-2027,2024-04-05,Engineering,6,Absent
47119,20,Female,Education,5,82.77,11.6,SES-2007,2024-06-09,Education,7,Absent
47119,20,Female,Education,5,82.77,11.6,SES-2030,2024-05-13,Business,7,Absent
47118,20,Male,Business,6,61.12,12.6,SES-2030,2024-05-13,Business,7,Present
47117,19,Male,Social Sciences,1,60.12,12.1,SES-2043,2024-05-18,Education,7,Absent
47117,19,Male,Social Sciences,1,60.12,12.1,SES-2015,2023-11-09,Business,2,Present
47117,19,Male,Social Sciences,1,60.12,12.1,SES-2027,2024-04-05,Engineering,6,Absent
47117,19,Male,Social Sciences,1,60.12,12.1,SES-2035,2023-11-28,Social Sciences,3,Absent
47117,19,Male,Social Sciences,1,60.12,12.1,SES-2022,2024-06-03,Education,7,Present
47112,23,Male,Engineering,2,50.28,6.7,SES-2011,2023-11-03,Engineering,2,Present
47111,17,Male,Engineering,1,47.9,8.0,SES-2036,2024-02-12,Education,4,Absent
47110,20,Male,Engineering,1,47.9,8.0,SES-2027,2024-04-05,Engineering,6,Present
47110,20,Male,Engineering,1,47.9,8.0,SES-2038,2023-11-27,Social Sciences,2,Present
47110,20,Male,Engineering,1,47.9,8.0,SES-2041,2023-10-05,Business,2,Absent
47106,21,Male,Social Sciences,3,63.11,16.8,SES-2031,2024-07-18,Computer Science,8,Absent
47104,17,Male,Social Sciences,3,63.11,16.8,SES-2027,2024-04-05,Engineering,6,Present
47104,17,Male,Social Sciences,3,63.11,16.8,SES-2005,2024-05-15,Engineering,7,Present
47104,17,Male,Social Sciences,3,63.11,16.8,SES-2003,2023-10-08,Engineering,2,Present
47104,17,Male,Social Sciences,3,63.11,16.8,SES-2008,2024-03-04,Computer Science,4,Present
47103,21,Female,Education,3,70.89,8.0,SES-2036,2024-02-12,Education,4,Absent
47103,21,Female,Education,3,70.89,8.0,SES-2011,2023-11-03,Engineering,2,Present
47103,21,Female,Education,3,70.89,8.0,SES-2002,2023-11-02,Computer Science,2,Present
47103,21,Female,Education,3,70.89,8.0,SES-2027,2024-04-05,Engineering,6,Present
47102,23,Female,Education,3,70.89,8.0,SES-2031,2024-07-18,Computer Science,8,Absent
47102,23,Female,Education,4,61.46,11.4,SES-2018,2023-11-06,Business,3,Present
47102,23,Female,Education,4,61.46,11.4,SES-2008,2024-03-04,Computer Science,4,Present
47100,21,Female,Education,4,61.46,11.4,SES-2038,2023-11-27,Social Sciences,2,Present
47100,21,Male,Business,5,60.11,4.4,SES-2010,2024-03-24,Business,5,Absent
47100,21,Male,Business,5,60.11,4.4,SES-2004,2023-09-23,Engineering,1,Absent
47099,22,Male,Business,5,60.11,4.4,SES-2009,2024-05-12,Social Sciences,7,Absent
47098,17,Male,Business,5,60.11,4.4,SES-2024,2024-06-05,Social Sciences,7,Absent
47096,22,Female,Engineering,1,52.04,3.3,SES-2045,2024-07-04,Education,8,Absent
47096,22,Female,Engineering,1,52.04,3.3,SES-2018,2023-11-06,Business,3,Present
47096,22,Female,Engineering,1,52.04,3.3,SES-2027,2024-04-05,Engineering,6,Absent
47096,22,Female,Engineering,1,52.04,3.3,SES-2030,2024-05-13,Business,7,Absent
47094,21,Female,Computer Science,6,58.64,10.1,SES-2048,2023-09-03,Computer Science,1,Present
47093,20,Female,Computer Science,6,58.64,10.1,SES-2026,2024-04-19,Business,5,Present
47093,20,Female,Computer Science,6,58.64,10.1,SES-2023,2024-04-21,Business,6,Present
47093,20,Female,Computer Science,6,58.64,10.1,SES-2020,2024-03-27,Computer Science,4,Present
47093,20,Female,Education,5,58.99,12.3,SES-2036,2024-02-12,Education,4,Present
47092,21,Female,Education,5,58.99,12.3,SES-2031,2024-07-18,Computer Science,8,Absent
47092,21,Female,Education,5,58.99,12.3,SES-2007,2024-06-09,Education,7,Present
47090,23,Male,Education,3,87.78,2.5,SES-2046,2024-02-11,Computer Science,4,Present
47090,23,Male,Education,3,87.78,2.5,SES-2034,2024-06-24,Social Sciences,8,Absent
47088,21,Male,Education,3,87.78,2.5,SES-2011,2023-11-03,Engineering,2,Absent
47088,21,Female,Business,6,56.28,6.8,SES-2000,2023-10-24,Social Sciences,2,Present
47088,21,Female,Business,6,56.28,6.8,SES-2045,2024-07-04,Education,8,Present
47088,21,Male,Social Sciences,7,49.48,7.8,SES-2006,2024-03-25,Education,5,Absent
47087,21,Female,Computer Science,4,74.12,8.7,SES-2035,2023-11-28,Social Sciences,3,Present
47085,20,Male,Computer Science,8,60.54,4.8,SES-2002,2023-11-02,Computer Science,2,Absent
47085,20,Male,Computer Science,8,60.54,4.8,SES-2005,2024-05-15,Engineering,7,Absent
47085,20,Male,Computer Science,8,60.54,4.8,SES-2018,2023-11-06,Business,3,Absent
47085,20,Male,Computer Science,8,60.54,4.8,SES-2038,2023-11-27,Social Sciences,2,Absent
47084,21,Male,Engineering,8,60.15,14.0,SES-2004,2023-09-23,Engineering,1,Present
47084,21,Male,Engineering,8,60.15,14.0,SES-2040,2023-10-24,Business,2,Present
47084,21,Male,Engineering,8,60.15,14.0,SES-2034,2024-06-24,Social Sciences,8,Absent
47084,21,Male,Engineering,8,60.15,14.0,SES-2032,2023-11-25,Social Sciences,2,Present
47083,20,Male,Engineering,8,60.15,14.0,SES-2019,2024-06-21,Engineering,7,Present
47083,20,Female,Education,1,66.22,11.5,SES-2017,2024-03-23,Computer Science,4,Present
47083,20,Female,Engineering,5,52.33,5.3,SES-2002,2023-11-02,Computer Science,2,Absent
47083,20,Female,Engineering,5,52.33,5.3,SES-2029,2023-10-21,Education,2,Present
47083,20,Female,Engineering,5,52.33,5.3,SES-2028,2024-06-25,Computer Science,8,Absent
47083,20,Female,Engineering,5,52.33,5.3,SES-2021,2024-02-26,Social Sciences,4,Present
47082,23,Female,Engineering,5,52.33,5.3,SES-2024,2024-06-05,Social Sciences,7,Present
47082,23,Male,Computer Science,7,79.5,6.8,SES-2036,2024-02-12,Education,4,Present
47082,23,Male,Computer Science,7,79.5,6.8,SES-2008,2024-03-04,Computer Science,4,Present
47082,23,Male,Computer Science,7,79.5,6.8,SES-2031,2024-07-18,Computer Science,8,Present
47081,21,Male,Computer Science,7,79.5,6.8,SES-2044,2024-04-22,Social Sciences,5,Present
47080,17,Male,Computer Science,7,79.5,6.8,SES-2025,2023-11-24,Engineering,3,Present
47076,20,Female,Education,4,33.08,5.9,SES-2002,2023-11-02,Computer Science,2,Absent
47075,24,Female,Education,4,33.08,5.9,SES-2030,2024-05-13,Business,7,Present
47075,24,Female,Computer Science,2,87.16,13.2,SES-2012,2024-04-19,Education,5,Present
47075,24,Female,Computer Science,2,87.16,13.2,SES-2011,2023-11-03,Engineering,2,Present
47075,24,Female,Computer Science,2,87.16,13.2,SES-2026,2024-04-19,Business,5,Absent
47075,24,Female,Computer Science,2,87.16,13.2,SES-2035,2023-11-28,Social Sciences,3,Present
47072,21,Male,Computer Science,6,72.99,13.6,SES-2037,2023-10-16,Computer Science,1,Absent
47072,21,Male,Computer Science,6,72.99,13.6,SES-2045,2024-07-04,Education,8,Present
47071,23,Male,Computer Science,6,72.99,13.6,SES-2040,2023-10-24,Business,2,Present
47071,23,Male,Engineering,1,64.73,11.1,SES-2029,2023-10-21,Education,2,Present
47071,23,Male,Engineering,1,64.73,11.1,SES-2044,2024-04-22,Social Sciences,5,Present
47070,17,Female,Business,4,53.77,9.7,SES-2008,2024-03-04,Computer Science,4,Absent
47069,23,Female,Business,4,53.77,9.7,SES-2033,2023-11-14,Education,2,Present
47069,23,Female,Business,4,53.77,9.7,SES-2025,2023-11-24,Engineering,3,Present
47068,17,Female,Business,4,53.77,9.7,SES-2038,2023-11-27,Social Sciences,2,Present
47068,17,Female,Business,4,53.77,9.7,SES-2012,2024-04-19,Education,5,Present
47068,17,Female,Business,2,70.13,6.9,SES-2003,2023-10-08,Engineering,2,Present
47068,17,Female,Computer Science,6,65.69,10.0,SES-2009,2024-05-12,Social Sciences,7,Present
47068,17,Female,Computer Science,6,65.69,10.0,SES-2044,2024-04-22,Social Sciences,5,Present
47067,22,Female,Computer Science,6,65.69,10.0,SES-2042,2023-12-17,Engineering,3,Present
47067,22,Female,Computer Science,6,65.69,10.0,SES-2001,2024-02-05,Computer Science,4,Present
47061,22,Female,Engineering,8,82.28,4.9,SES-2031,2024-07-18,Computer Science,8,Absent
47060,20,Male,Computer Science,2,68.5,13.2,SES-2043,2024-05-18,Education,7,Present
47058,22,Male,Computer Science,2,68.5,13.2,SES-2002,2023-11-02,Computer Science,2,Present
47058,22,Male,Computer Science,2,68.5,13.2,SES-2029,2023-10-21,Education,2,Present
47058,22,Male,Computer Science,2,68.5,13.2,SES-2041,2023-10-05,Business,2,Present
47058,22,Male,Computer Science,2,68.5,13.2,SES-2032,2023-11-25,Social Sciences,2,Present
47043,22,Female,Social Sciences,5,79.85,10.9,SES-2039,2024-02-08,Engineering,4,Present
47042,18,Male,Education,5,80.84,7.8,SES-2030,2024-05-13,Business,7,Present
47040,19,Male,Business,4,62.44,11.1,SES-2049,2024-04-17,Education,6,Present
47040,19,Male,Business,4,62.44,11.1,SES-2030,2024-05-13,Business,7,Absent
47040,19,Male,Business,4,62.44,11.1,SES-2040,2023-10-24,Business,2,Present
47039,22,Male,Business,4,62.44,11.1,SES-2031,2024-07-18,Computer Science,8,Present
47037,17,Female,Computer Science,4,59.23,7.8,SES-2008,2024-03-04,Computer Science,4,Present
47036,21,Female,Computer Science,4,59.23,7.8,SES-2016,2024-04-12,Social Sciences,6,Absent
47035,17,Female,Computer Science,4,59.23,7.8,SES-2039,2024-02-08,Engineering,4,Present
47035,17,Male,Computer Science,7,74.07,10.7,SES-2029,2023-10-21,Education,2,Present
47035,17,Male,Computer Science,7,74.07,10.7,SES-2034,2024-06-24,Social Sciences,8,Present
47034,21,Male,Computer Science,7,74.07,10.7,SES-2039,2024-02-08,Engineering,4,Present
47032,22,Female,Computer Science,6,47.81,5.0,SES-2001,2024-02-05,Computer Science,4,Present
47032,22,Female,Computer Science,6,47.81,5.0,SES-2037,2023-10-16,Computer Science,1,Absent
47030,17,Male,Computer Science,2,68.16,10.8,SES-2023,2024-04-21,Business,6,Present
47030,17,Male,Computer Science,2,68.16,10.8,SES-2041,2023-10-05,Business,2,Present
47030,17,Male,Computer Science,2,68.16,10.8,SES-2030,2024-05-13,Business,7,Present
47029,18,Male,Computer Science,2,68.16,10.8,SES-2048,2023-09-03,Computer Science,1,Present
47028,21,Male,Computer Science,2,68.16,10.8,SES-2017,2024-03-23,Computer Science,4,Present
47026,20,Male,Education,5,62.81,11.5,SES-2004,2023-09-23,Engineering,1,Present
47026,20,Male,Education,5,62.81,11.5,SES-2020,2024-03-27,Computer Science,4,Present
47025,22,Male,Education,5,62.81,11.5,SES-2025,2023-11-24,Engineering,3,Present
47025,22,Male,Education,5,62.81,11.5,SES-2049,2024-04-17,Education,6,Absent
47020,19,Male,Business,5,82.73,13.2,SES-2037,2023-10-16,Computer Science,1,Absent
47020,19,Male,Business,5,82.73,13.2,SES-2043,2024-05-18,Education,7,Present
47020,19,Male,Business,5,82.73,13.2,SES-2017,2024-03-23,Computer Science,4,Present
47013,26,Male,Education,4,71.23,12.8,SES-2006,2024-03-25,Education,5,Present
47013,26,Male,Education,4,71.23,12.8,SES-2023,2024-04-21,Business,6,Present
47013,26,Male,Education,4,71.23,12.8,SES-2015,2023-11-09,Business,2,Present
47013,26,Male,Education,4,71.23,12.8,SES-2041,2023-10-05,Business,2,Absent
47013,26,Male,Education,4,71.23,12.8,SES-2001,2024-02-05,Computer Science,4,Present
47012,25,Male,Computer Science,7,74.36,7.3,SES-2006,2024-03-25,Education,5,Absent
47012,25,Male,Computer Science,7,74.36,7.3,SES-2024,2024-06-05,Social Sciences,7,Present
47012,25,Female,Social Sciences,5,64.14,11.8,SES-2011,2023-11-03,Engineering,2,Present
47012,25,Female,Business,2,49.64,4.7,SES-2044,2024-04-22,Social Sciences,5,Absent
47011,24,Female,Business,2,49.64,4.7,SES-2022,2024-06-03,Education,7,Present
47011,24,Female,Education,2,52.18,11.0,SES-2009,2024-05-12,Social Sciences,7,Present
47011,24,Female,Education,2,52.18,11.0,SES-2042,2023-12-17,Engineering,3,Present
47011,24,Female,Education,2,52.18,11.0,SES-2032,2023-11-25,Social Sciences,2,Present
47006,23,Male,Computer Science,8,70.17,14.5,SES-2033,2023-11-14,Education,2,Present
47006,23,Male,Computer Science,8,70.17,14.5,SES-2044,2024-04-22,Social Sciences,5,Present
47006,23,Male,Computer Science,8,70.17,14.5,SES-2013,2023-10-22,Education,2,Present
47006,23,Male,Computer Science,8,70.17,14.5,SES-2019,2024-06-21,Engineering,7,Present
47004,21,Male,Computer Science,1,63.16,14.1,SES-2044,2024-04-22,Social Sciences,5,Present
47003,24,Male,Computer Science,1,63.16,14.1,SES-2049,2024-04-17,Education,6,Present
47003,24,Male,Computer Science,1,63.16,14.1,SES-2003,2023-10-08,Engineering,2,Present
47003,24,Male,Computer Science,1,63.16,14.1,SES-2023,2024-04-21,Business,6,Present
46994,19,Male,Education,6,69.16,13.4,SES-2000,2023-10-24,Social Sciences,2,Absent
46994,19,Male,Education,6,69.16,13.4,SES-2008,2024-03-04,Computer Science,4,Present
46994,19,Male,Education,6,69.16,13.4,SES-2049,2024-04-17,Education,6,Present
46993,21,Male,Education,6,69.16,13.4,SES-2036,2024-02-12,Education,4,Present
46992,19,Male,Business,1,43.23,8.2,SES-2022,2024-06-03,Education,7,Absent
46992,19,Female,Computer Science,4,51.08,8.0,SES-2027,2024-04-05,Engineering,6,Present
46992,19,Female,Computer Science,4,51.08,8.0,SES-2034,2024-06-24,Social Sciences,8,Present
46991,18,Female,Computer Science,4,51.08,8.0,SES-2009,2024-05-12,Social Sciences,7,Present
46991,18,Female,Computer Science,4,51.08,8.0,SES-2048,2023-09-03,Computer Science,1,Present
46990,21,Female,Engineering,6,68.57,11.8,SES-2040,2023-10-24,Business,2,Absent
46990,21,Female,Engineering,6,68.57,11.8,SES-2003,2023-10-08,Engineering,2,Present
46990,21,Female,Engineering,4,71.97,14.6,SES-2000,2023-10-24,Social Sciences,2,Present
46976,21,Female,Engineering,4,75.92,9.3,SES-2019,2024-06-21,Engineering,7,Absent
46976,21,Female,Engineering,4,75.92,9.3,SES-2028,2024-06-25,Computer Science,8,Present
46976,21,Male,Business,1,67.42,16.8,SES-2028,2024-06-25,Computer Science,8,Present
46976,21,Male,Business,1,67.42,16.8,SES-2044,2024-04-22,Social Sciences,5,Present
46975,24,Female,Business,8,43.76,10.3,SES-2014,2024-03-28,Education,5,Absent
46975,24,Female,Business,8,43.76,10.3,SES-2032,2023-11-25,Social Sciences,2,Absent
46975,24,Female,Business,8,43.76,10.3,SES-2037,2023-10-16,Computer Science,1,Present
46975,24,Female,Business,8,43.76,10.3,SES-2011,2023-11-03,Engineering,2,Absent
46974,22,Female,Computer Science,4,57.56,12.4,SES-2001,2024-02-05,Computer Science,4,Present
46974,22,Female,Computer Science,4,57.56,12.4,SES-2015,2023-11-09,Business,2,Present
46974,22,Female,Computer Science,4,57.56,12.4,SES-2016,2024-04-12,Social Sciences,6,Present
46974,22,Female,Computer Science,4,57.56,12.4,SES-2008,2024-03-04,Computer Science,4,Absent
46973,21,Male,Education,2,74.23,13.5,SES-2049,2024-04-17,Education,6,Present
46973,21,Female,Business,3,65.93,5.4,SES-2049,2024-04-17,Education,6,Present
46973,21,Female,Business,3,65.93,5.4,SES-2019,2024-06-21,Engineering,7,Absent
46973,21,Female,Business,3,65.93,5.4,SES-2045,2024-07-04,Education,8,Present
46973,21,Female,Business,3,65.93,5.4,SES-2022,2024-06-03,Education,7,Present
46972,20,Male,Engineering,2,69.93,3.6,SES-2045,2024-07-04,Education,8,Absent
46972,20,Male,Engineering,2,69.93,3.6,SES-2007,2024-06-09,Education,7,Absent
46972,20,Male,Engineering,2,69.93,3.6,SES-2021,2024-02-26,Social Sciences,4,Present
46972,20,Male,Engineering,2,69.93,3.6,SES-2042,2023-12-17,Engineering,3,Absent
46972,20,Male,Engineering,2,69.93,3.6,SES-2024,2024-06-05,Social Sciences,7,Present
46971,20,Male,Education,4,45.17,13.6,SES-2010,2024-03-24,Business,5,Absent
46970,17,Female,Engineering,6,42.95,7.2,SES-2033,2023-11-14,Education,2,Absent
46970,17,Female,Engineering,6,42.95,7.2,SES-2015,2023-11-09,Business,2,Absent
46969,21,Female,Engineering,6,42.95,7.2,SES-2028,2024-06-25,Computer Science,8,Absent
46969,21,Female,Engineering,6,42.95,7.2,SES-2047,2024-02-01,Computer Science,4,Absent
46969,21,Female,Engineering,6,42.95,7.2,SES-2005,2024-05-15,Engineering,7,Absent
46963,18,Male,Computer Science,3,62.42,11.3,SES-2026,2024-04-19,Business,5,Present
46962,23,Male,Computer Science,3,62.42,11.3,SES-2027,2024-04-05,Engineering,6,Present
46962,23,Male,Computer Science,3,62.42,11.3,SES-2029,2023-10-21,Education,2,Present
46961,21,Male,Computer Science,7,55.57,7.0,SES-2020,2024-03-27,Computer Science,4,Present
46961,21,Male,Computer Science,7,55.57,7.0,SES-2021,2024-02-26,Social Sciences,4,Absent
46960,20,Male,Computer Science,7,55.57,7.0,SES-2030,2024-05-13,Business,7,Present
46959,21,Male,Education,3,71.59,12.3,SES-2022,2024-06-03,Education,7,Present
46959,21,Male,Education,3,71.59,12.3,SES-2002,2023-11-02,Computer Science,2,Present
46958,21,Male,Education,3,71.59,12.3,SES-2029,2023-10-21,Education,2,Present
46957,19,Male,Education,3,71.59,12.3,SES-2003,2023-10-08,Engineering,2,Present
46957,19,Female,Computer Science,6,48.49,5.6,SES-2044,2024-04-22,Social Sciences,5,Present
46957,19,Female,Computer Science,6,48.49,5.6,SES-2012,2024-04-19,Education,5,Present
46956,21,Female,Engineering,6,47.48,0.0,SES-2025,2023-11-24,Engineering,3,Absent
46956,21,Female,Engineering,6,47.48,0.0,SES-2034,2024-06-24,Social Sciences,8,Absent
46956,21,Male,Engineering,7,53.83,14.0,SES-2008,2024-03-04,Computer Science,4,Present
46956,21,Male,Computer Science,7,57.18,5.3,SES-2009,2024-05-12,Social Sciences,7,Absent
46955,21,Male,Computer Science,7,57.18,5.3,SES-2016,2024-04-12,Social Sciences,6,Absent
46953,21,Male,Education,4,74.2,9.8,SES-2031,2024-07-18,Computer Science,8,Present
46953,21,Male,Education,4,74.2,9.8,SES-2005,2024-05-15,Engineering,7,Present
46953,21,Female,Social Sciences,2,77.41,6.8,SES-2026,2024-04-19,Business,5,Present
46952,18,Female,Social Sciences,2,77.41,6.8,SES-2023,2024-04-21,Business,6,Present
46952,18,Male,Computer Science,5,75.96,10.3,SES-2032,2023-11-25,Social Sciences,2,Present
46952,18,Male,Computer Science,5,75.96,10.3,SES-2027,2024-04-05,Engineering,6,Present
46950,26,Female,Business,2,37.75,6.0,SES-2001,2024-02-05,Computer Science,4,Present
46950,26,Female,Business,2,37.75,6.0,SES-2008,2024-03-04,Computer Science,4,Absent
46949,24,Female,Business,2,37.75,6.0,SES-2013,2023-10-22,Education,2,Absent
46949,24,Female,Business,2,37.75,6.0,SES-2030,2024-05-13,Business,7,Absent
46949,24,Female,Education,2,64.82,1.7,SES-2011,2023-11-03,Engineering,2,Absent
46948,22,Female,Education,2,64.82,1.7,SES-2031,2024-07-18,Computer Science,8,Present
46948,22,Female,Education,2,64.82,1.7,SES-2013,2023-10-22,Education,2,Absent
46948,22,Male,Computer Science,8,76.15,6.5,SES-2023,2024-04-21,Business,6,Present
46948,22,Male,Computer Science,8,76.15,6.5,SES-2004,2023-09-23,Engineering,1,Present
46947,18,Male,Computer Science,7,74.05,11.4,SES-2032,2023-11-25,Social Sciences,2,Present
46946,17,Male,Computer Science,7,74.05,11.4,SES-2024,2024-06-05,Social Sciences,7,Present
46946,17,Male,Computer Science,7,74.05,11.4,SES-2019,2024-06-21,Engineering,7,Absent
46946,17,Male,Computer Science,7,74.05,11.4,SES-2034,2024-06-24,Social Sciences,8,Present
46943,22,Male,Computer Science,7,74.05,11.4,SES-2001,2024-02-05,Computer Science,4,Present
46942,17,Male,Engineering,3,67.78,9.0,SES-2007,2024-06-09,Education,7,Present
46942,17,Female,Business,2,78.0,10.8,SES-2045,2024-07-04,Education,8,Present
46940,21,Male,Engineering,7,82.33,7.9,SES-2043,2024-05-18,Education,7,Absent
46940,21,Female,Engineering,8,65.35,4.2,SES-2033,2023-11-14,Education,2,Absent
46940,21,Female,Engineering,8,65.35,4.2,SES-2015,2023-11-09,Business,2,Absent
46940,21,Female,Engineering,8,65.35,4.2,SES-2008,2024-03-04,Computer Science,4,Absent
46939,21,Female,Engineering,8,65.35,4.2,SES-2010,2024-03-24,Business,5,Present
46939,21,Female,Computer Science,6,57.44,5.3,SES-2020,2024-03-27,Computer Science,4,Present
46939,21,Female,Computer Science,6,57.44,5.3,SES-2010,2024-03-24,Business,5,Present
46939,21,Female,Computer Science,6,57.44,5.3,SES-2046,2024-02-11,Computer Science,4,Present
46937,21,Female,Engineering,8,72.35,8.7,SES-2021,2024-02-26,Social Sciences,4,Present
46937,21,Female,Engineering,8,72.35,8.7,SES-2004,2023-09-23,Engineering,1,Absent
46937,21,Female,Business,6,74.13,11.7,SES-2025,2023-11-24,Engineering,3,Present
46937,21,Female,Business,6,74.13,11.7,SES-2037,2023-10-16,Computer Science,1,Absent
46937,21,Female,Business,6,74.13,11.7,SES-2024,2024-06-05,Social Sciences,7,Present
46936,22,Female,Education,2,64.03,7.2,SES-2036,2024-02-12,Education,4,Present
46936,22,Female,Education,2,64.03,7.2,SES-2027,2024-04-05,Engineering,6,Present
46935,20,Female,Education,2,64.03,7.2,SES-2022,2024-06-03,Education,7,Absent
46935,20,Female,Computer Science,3,61.16,1.7,SES-2025,2023-11-24,Engineering,3,Absent
46929,19,Male,Business,1,74.38,13.9,SES-2000,2023-10-24,Social Sciences,2,Present
46924,19,Female,Business,8,63.54,7.0,SES-2042,2023-12-17,Engineering,3,Present
46924,19,Female,Business,8,63.54,7.0,SES-2002,2023-11-02,Computer Science,2,Present
46923,23,Female,Business,8,63.54,7.0,SES-2023,2024-04-21,Business,6,Present
46923,23,Female,Business,8,63.54,7.0,SES-2033,2023-11-14,Education,2,Present
46923,23,Female,Business,8,63.54,7.0,SES-2013,2023-10-22,Education,2,Present
46923,23,Female,Engineering,3,79.67,12.8,SES-2022,2024-06-03,Education,7,Present
46922,22,Female,Engineering,3,79.67,12.8,SES-2000,2023-10-24,Social Sciences,2,Present
46922,22,Female,Engineering,7,26.02,4.6,SES-2042,2023-12-17,Engineering,3,Absent
46921,20,Female,Engineering,1,58.25,6.2,SES-2019,2024-06-21,Engineering,7,Absent
46921,20,Female,Engineering,1,58.25,6.2,SES-2001,2024-02-05,Computer Science,4,Present
46920,18,Female,Engineering,1,58.25,6.2,SES-2010,2024-03-24,Business,5,Present
46919,19,Female,Engineering,1,58.25,6.2,SES-2034,2024-06-24,Social Sciences,8,Present
46918,22,Male,Computer Science,7,59.47,5.3,SES-2005,2024-05-15,Engineering,7,Present
46912,21,Male,Computer Science,6,74.96,13.7,SES-2020,2024-03-27,Computer Science,4,Present
46912,21,Male,Computer Science,6,74.96,13.7,SES-2000,2023-10-24,Social Sciences,2,Present
46911,22,Male,Computer Science,6,74.96,13.7,SES-2025,2023-11-24,Engineering,3,Absent
46911,22,Male,Computer Science,6,74.96,13.7,SES-2003,2023-10-08,Engineering,2,Present
46911,22,Male,Computer Science,4,67.54,3.8,SES-2037,2023-10-16,Computer Science,1,Present
46903,21,Male,Computer Science,3,65.91,5.9,SES-2030,2024-05-13,Business,7,Present
46903,21,Male,Computer Science,3,65.91,5.9,SES-2024,2024-06-05,Social Sciences,7,Present
46903,21,Male,Computer Science,3,65.91,5.9,SES-2000,2023-10-24,Social Sciences,2,Present
46903,21,Male,Computer Science,3,65.91,5.9,SES-2015,2023-11-09,Business,2,Present
46899,21,Female,Engineering,4,66.84,13.0,SES-2018,2023-11-06,Business,3,Present
46899,21,Female,Engineering,4,66.84,13.0,SES-2043,2024-05-18,Education,7,Absent
46898,19,Male,Engineering,2,75.81,13.1,SES-2001,2024-02-05,Computer Science,4,Absent
46896,21,Male,Engineering,2,75.81,13.1,SES-2047,2024-02-01,Computer Science,4,Absent
46896,21,Male,Engineering,8,73.35,10.7,SES-2010,2024-03-24,Business,5,Present
46889,23,Male,Engineering,4,43.72,9.1,SES-2009,2024-05-12,Social Sciences,7,Absent
46889,23,Male,Engineering,4,43.72,9.1,SES-2000,2023-10-24,Social Sciences,2,Present
46889,23,Male,Engineering,7,65.94,13.2,SES-2007,2024-06-09,Education,7,Absent
46886,23,Male,Engineering,7,65.94,13.2,SES-2009,2024-05-12,Social Sciences,7,Absent
46880,23,Male,Engineering,3,72.41,10.2,SES-2024,2024-06-05,Social Sciences,7,Present
46879,23,Male,Engineering,3,72.41,10.2,SES-2005,2024-05-15,Engineering,7,Present
46879,23,Female,Computer Science,3,99.16,12.0,SES-2010,2024-03-24,Business,5,Present
46878,23,Female,Computer Science,3,99.16,12.0,SES-2028,2024-06-25,Computer Science,8,Absent
46878,23,Female,Computer Science,3,99.16,12.0,SES-2026,2024-04-19,Business,5,Present
46878,23,Female,Computer Science,3,99.16,12.0,SES-2017,2024-03-23,Computer Science,4,Present
46868,17,Female,Computer Science,6,71.64,7.2,SES-2020,2024-03-27,Computer Science,4,Present
46868,17,Male,Computer Science,1,62.47,10.2,SES-2011,2023-11-03,Engineering,2,Present
46868,17,Male,Computer Science,1,62.47,10.2,SES-2025,2023-11-24,Engineering,3,Present
46866,19,Male,Engineering,2,67.39,14.8,SES-2045,2024-07-04,Education,8,Present
46866,19,Male,Engineering,2,67.39,14.8,SES-2006,2024-03-25,Education,5,Present
46866,19,Female,Education,2,78.73,10.2,SES-2011,2023-11-03,Engineering,2,Present
46865,23,Female,Education,2,78.73,10.2,SES-2043,2024-05-18,Education,7,Present
46865,23,Female,Education,2,78.73,10.2,SES-2030,2024-05-13,Business,7,Present
46860,20,Female,Engineering,1,59.56,9.4,SES-2043,2024-05-18,Education,7,Present
46860,20,Female,Computer Science,3,55.68,9.1,SES-2042,2023-12-17,Engineering,3,Present
46860,20,Female,Computer Science,3,55.68,9.1,SES-2032,2023-11-25,Social Sciences,2,Absent
46860,20,Female,Computer Science,3,55.68,9.1,SES-2046,2024-02-11,Computer Science,4,Present
46860,20,Female,Computer Science,3,55.68,9.1,SES-2001,2024-02-05,Computer Science,4,Present
46859,23,Male,Computer Science,3,71.76,10.9,SES-2040,2023-10-24,Business,2,Present
46859,23,Male,Computer Science,3,71.76,10.9,SES-2024,2024-06-05,Social Sciences,7,Present
46859,23,Male,Computer Science,3,71.76,10.9,SES-2017,2024-03-23,Computer Science,4,Present
46858,20,Male,Computer Science,3,71.76,10.9,SES-2039,2024-02-08,Engineering,4,Present
46857,21,Female,Engineering,2,68.97,14.1,SES-2030,2024-05-13,Business,7,Present
46857,21,Male,Engineering,5,44.23,7.9,SES-2001,2024-02-05,Computer Science,4,Absent
46856,21,Male,Computer Science,5,49.06,9.3,SES-2032,2023-11-25,Social Sciences,2,Present
46855,21,Male,Computer Science,5,49.06,9.3,SES-2007,2024-06-09,Education,7,Absent
46854,23,Male,Computer Science,5,49.06,9.3,SES-2038,2023-11-27,Social Sciences,2,Absent
46854,23,Male,Social Sciences,8,66.16,9.1,SES-2045,2024-07-04,Education,8,Present
46854,23,Male,Social Sciences,8,66.16,9.1,SES-2030,2024-05-13,Business,7,Present
46853,21,Male,Engineering,2,56.99,5.2,SES-2047,2024-02-01,Computer Science,4,Present
46853,21,Male,Engineering,2,56.99,5.2,SES-2005,2024-05-15,Engineering,7,Present
46853,21,Male,Engineering,2,56.99,5.2,SES-2027,2024-04-05,Engineering,6,Absent
46853,21,Male,Engineering,2,56.99,5.2,SES-2013,2023-10-22,Education,2,Present
46852,18,Female,Social Sciences,7,56.18,14.1,SES-2003,2023-10-08,Engineering,2,Present
46851,23,Female,Social Sciences,7,56.18,14.1,SES-2037,2023-10-16,Computer Science,1,Present
46851,23,Female,Social Sciences,7,56.18,14.1,SES-2046,2024-02-11,Computer Science,4,Present
46851,23,Female,Computer Science,4,75.72,12.6,SES-2046,2024-02-11,Computer Science,4,Absent
46850,23,Male,Engineering,5,57.75,10.2,SES-2015,2023-11-09,Business,2,Present
46849,23,Male,Engineering,5,57.75,10.2,SES-2007,2024-06-09,Education,7,Present
46846,19,Female,Social Sciences,6,83.92,12.0,SES-2014,2024-03-28,Education,5,Present
46846,19,Female,Social Sciences,6,83.92,12.0,SES-2031,2024-07-18,Computer Science,8,Present
46844,23,Male,Engineering,2,74.63,7.7,SES-2001,2024-02-05,Computer Science,4,Present
46844,23,Male,Engineering,2,74.63,7.7,SES-2012,2024-04-19,Education,5,Present
46844,23,Male,Engineering,2,74.63,7.7,SES-2018,2023-11-06,Business,3,Present
46842,18,Male,Engineering,2,74.63,7.7,SES-2022,2024-06-03,Education,7,Absent
46842,18,Male,Engineering,2,74.63,7.7,SES-2011,2023-11-03,Engineering,2,Present
46842,18,Male,Education,3,67.19,10.5,SES-2010,2024-03-24,Business,5,Present
46841,20,Male,Education,3,67.19,10.5,SES-2020,2024-03-27,Computer Science,4,Present
46841,20,Male,Education,3,67.19,10.5,SES-2013,2023-10-22,Education,2,Present
46839,21,Female,Social Sciences,5,70.61,9.6,SES-2007,2024-06-09,Education,7,Present
46839,21,Female,Social Sciences,5,70.61,9.6,SES-2047,2024-02-01,Computer Science,4,Present
46838,23,Female,Social Sciences,5,70.61,9.6,SES-2034,2024-06-24,Social Sciences,8,Absent
46838,23,Female,Social Sciences,5,70.61,9.6,SES-2018,2023-11-06,Business,3,Present
46838,23,Female,Business,2,50.7,3.5,SES-2024,2024-06-05,Social Sciences,7,Absent
46837,17,Female,Business,2,50.7,3.5,SES-2017,2024-03-23,Computer Science,4,Absent
46837,17,Female,Business,2,50.7,3.5,SES-2008,2024-03-04,Computer Science,4,Present
46837,17,Female,Business,2,50.7,3.5,SES-2015,2023-11-09,Business,2,Absent
46837,17,Female,Business,2,50.7,3.5,SES-2006,2024-03-25,Education,5,Present
46837,17,Male,Business,7,58.63,9.2,SES-2020,2024-03-27,Computer Science,4,Present
46835,18,Male,Business,7,58.63,9.2,SES-2012,2024-04-19,Education,5,Absent
46827,18,Female,Engineering,2,82.91,9.5,SES-2045,2024-07-04,Education,8,Present
46827,18,Female,Engineering,2,82.91,9.5,SES-2000,2023-10-24,Social Sciences,2,Present
46827,18,Female,Engineering,2,82.91,9.5,SES-2018,2023-11-06,Business,3,Present
46827,18,Female,Engineering,2,82.91,9.5,SES-2035,2023-11-28,Social Sciences,3,Present
46826,20,Female,Engineering,8,65.03,8.5,SES-2007,2024-06-09,Education,7,Present
46826,20,Female,Engineering,8,65.03,8.5,SES-2017,2024-03-23,Computer Science,4,Present
46826,20,Female,Computer Science,1,59.35,4.9,SES-2027,2024-04-05,Engineering,6,Present
46825,22,Female,Social Sciences,1,68.53,8.3,SES-2048,2023-09-03,Computer Science,1,Present
46825,22,Female,Social Sciences,1,68.53,8.3,SES-2042,2023-12-17,Engineering,3,Absent
46825,22,Female,Social Sciences,1,68.53,8.3,SES-2012,2024-04-19,Education,5,Absent
46825,22,Male,Computer Science,2,59.75,12.0,SES-2003,2023-10-08,Engineering,2,Absent
46823,22,Female,Computer Science,5,72.17,13.1,SES-2001,2024-02-05,Computer Science,4,Present
46823,22,Female,Computer Science,5,72.17,13.1,SES-2023,2024-04-21,Business,6,Present
46823,22,Female,Computer Science,5,72.17,13.1,SES-2039,2024-02-08,Engineering,4,Present
46822,19,Male,Computer Science,2,70.91,12.8,SES-2034,2024-06-24,Social Sciences,8,Present
46822,19,Male,Computer Science,2,70.91,12.8,SES-2013,2023-10-22,Education,2,Present
46822,19,Male,Computer Science,2,70.91,12.8,SES-2021,2024-02-26,Social Sciences,4,Present
46821,20,Male,Computer Science,2,70.91,12.8,SES-2012,2024-04-19,Education,5,Present
46821,20,Male,Business,4,78.7,8.5,SES-2036,2024-02-12,Education,4,Present
46820,20,Male,Business,4,78.7,8.5,SES-2038,2023-11-27,Social Sciences,2,Present
46820,20,Male,Business,4,78.7,8.5,SES-2008,2024-03-04,Computer Science,4,Present
46820,20,Male,Business,4,78.7,8.5,SES-2012,2024-04-19,Education,5,Present
46820,20,Male,Business,4,80.75,11.6,SES-2041,2023-10-05,Business,2,Present
46819,19,Female,Social Sciences,6,68.84,11.5,SES-2047,2024-02-01,Computer Science,4,Present
46819,19,Female,Social Sciences,6,68.84,11.5,SES-2026,2024-04-19,Business,5,Absent
46817,22,Female,Social Sciences,6,68.84,11.5,SES-2046,2024-02-11,Computer Science,4,Present
46816,21,Male,Computer Science,1,65.02,8.0,SES-2033,2023-11-14,Education,2,Present
46814,22,Male,Computer Science,1,65.02,8.0,SES-2044,2024-04-22,Social Sciences,5,Present
46813,21,Female,Business,8,71.03,14.8,SES-2013,2023-10-22,Education,2,Present
46812,18,Female,Business,8,71.03,14.8,SES-2034,2024-06-24,Social Sciences,8,Present
46811,23,Female,Business,8,71.03,14.8,SES-2040,2023-10-24,Business,2,Present
46808,21,Female,Engineering,7,76.54,9.9,SES-2013,2023-10-22,Education,2,Present
46808,21,Female,Computer Science,3,60.47,4.3,SES-2007,2024-06-09,Education,7,Absent
46807,21,Female,Computer Science,3,60.47,4.3,SES-2027,2024-04-05,Engineering,6,Absent
46807,21,Female,Computer Science,3,60.47,4.3,SES-2033,2023-11-14,Education,2,Absent
46807,21,Female,Computer Science,3,60.47,4.3,SES-2000,2023-10-24,Social Sciences,2,Absent
46806,21,Female,Computer Science,7,58.45,5.1,SES-2000,2023-10-24,Social Sciences,2,Present
46806,21,Female,Computer Science,7,58.45,5.1,SES-2032,2023-11-25,Social Sciences,2,Present
46806,21,Female,Computer Science,7,58.45,5.1,SES-2030,2024-05-13,Business,7,Absent
46805,23,Female,Computer Science,7,58.45,5.1,SES-2047,2024-02-01,Computer Science,4,Present
46805,23,Male,Engineering,4,84.23,7.6,SES-2006,2024-03-25,Education,5,Present
46805,23,Male,Engineering,4,84.23,7.6,SES-2014,2024-03-28,Education,5,Present
46805,23,Female,Computer Science,6,54.02,2.5,SES-2007,2024-06-09,Education,7,Absent
46805,23,Male,Business,4,57.36,10.0,SES-2029,2023-10-21,Education,2,Present
46804,21,Male,Business,4,57.36,10.0,SES-2001,2024-02-05,Computer Science,4,Present
46802,20,Female,Engineering,7,74.95,15.0,SES-2030,2024-05-13,Business,7,Present
46802,20,Female,Engineering,7,74.95,15.0,SES-2048,2023-09-03,Computer Science,1,Present
46800,21,Female,Business,1,60.88,7.4,SES-2025,2023-11-24,Engineering,3,Present
46799,25,Female,Business,1,60.88,7.4,SES-2015,2023-11-09,Business,2,Present
46799,25,Female,Business,1,60.88,7.4,SES-2005,2024-05-15,Engineering,7,Present
46799,25,Female,Business,1,60.88,7.4,SES-2038,2023-11-27,Social Sciences,2,Present
46798,25,Male,Engineering,4,52.15,8.5,SES-2027,2024-04-05,Engineering,6,Present
46798,25,Male,Engineering,4,52.15,8.5,SES-2029,2023-10-21,Education,2,Present
46798,25,Female,Computer Science,3,70.53,5.2,SES-2037,2023-10-16,Computer Science,1,Present
46798,25,Female,Computer Science,3,70.53,5.2,SES-2006,2024-03-25,Education,5,Present
46796,21,Female,Engineering,3,62.61,4.5,SES-2005,2024-05-15,Engineering,7,Absent
46796,21,Female,Engineering,3,62.61,4.5,SES-2010,2024-03-24,Business,5,Present
46796,21,Female,Engineering,3,62.61,4.5,SES-2045,2024-07-04,Education,8,Present
46796,21,Female,Engineering,3,62.61,4.5,SES-2032,2023-11-25,Social Sciences,2,Absent
46795,19,Male,Education,4,54.51,8.9,SES-2015,2023-11-09,Business,2,Present
46794,17,Male,Education,4,54.51,8.9,SES-2042,2023-12-17,Engineering,3,Absent
46791,20,Female,Social Sciences,8,88.33,10.4,SES-2030,2024-05-13,Business,7,Present
46790,20,Female,Business,8,65.01,4.7,SES-2017,2024-03-23,Computer Science,4,Absent
46790,20,Female,Business,8,65.01,4.7,SES-2023,2024-04-21,Business,6,Absent
46788,21,Female,Engineering,8,65.5,2.5,SES-2000,2023-10-24,Social Sciences,2,Absent
46787,25,Female,Engineering,8,65.5,2.5,SES-2035,2023-11-28,Social Sciences,3,Absent
46787,25,Female,Engineering,8,65.5,2.5,SES-2024,2024-06-05,Social Sciences,7,Absent
46784,20,Male,Education,1,94.73,12.6,SES-2037,2023-10-16,Computer Science,1,Present
46782,23,Female,Engineering,4,77.59,11.6,SES-2018,2023-11-06,Business,3,Present
46782,23,Female,Engineering,4,77.59,11.6,SES-2008,2024-03-04,Computer Science,4,Present
46782,23,Female,Engineering,4,77.59,11.6,SES-2015,2023-11-09,Business,2,Present
46781,18,Female,Education,4,69.42,9.4,SES-2016,2024-04-12,Social Sciences,6,Present
46779,22,Male,Engineering,6,56.77,7.7,SES-2012,2024-04-19,Education,5,Present
46779,22,Male,Engineering,6,56.77,7.7,SES-2025,2023-11-24,Engineering,3,Present
46778,21,Male,Engineering,6,56.77,7.7,SES-2041,2023-10-05,Business,2,Absent
46778,21,Male,Engineering,6,56.77,7.7,SES-2016,2024-04-12,Social Sciences,6,Present
46777,20,Female,Computer Science,5,54.79,10.1,SES-2026,2024-04-19,Business,5,Present
46777,20,Female,Computer Science,5,54.79,10.1,SES-2031,2024-07-18,Computer Science,8,Present
46777,20,Female,Computer Science,5,54.79,10.1,SES-2018,2023-11-06,Business,3,Present
46777,20,Female,Computer Science,5,54.79,10.1,SES-2003,2023-10-08,Engineering,2,Absent
46777,20,Female,Computer Science,5,54.79,10.1,SES-2045,2024-07-04,Education,8,Present
46775,20,Male,Business,8,55.18,9.9,SES-2037,2023-10-16,Computer Science,1,Present
46774,20,Male,Business,8,55.18,9.9,SES-2032,2023-11-25,Social Sciences,2,Absent
46774,20,Male,Business,8,55.18,9.9,SES-2049,2024-04-17,Education,6,Present
46770,19,Male,Engineering,5,87.83,7.8,SES-2044,2024-04-22,Social Sciences,5,Present
46769,20,Female,Engineering,2,54.06,10.8,SES-2012,2024-04-19,Education,5,Present
46769,20,Female,Engineering,2,54.06,10.8,SES-2040,2023-10-24,Business,2,Present
46768,23,Female,Computer Science,5,52.29,1.8,SES-2033,2023-11-14,Education,2,Absent
46768,23,Female,Computer Science,5,52.29,1.8,SES-2028,2024-06-25,Computer Science,8,Absent
46767,19,Female,Computer Science,5,52.29,1.8,SES-2024,2024-06-05,Social Sciences,7,Present
46767,19,Female,Engineering,3,60.47,11.6,SES-2030,2024-05-13,Business,7,Present
46767,19,Female,Engineering,3,60.47,11.6,SES-2018,2023-11-06,Business,3,Present
46766,17,Female,Engineering,3,60.47,11.6,SES-2041,2023-10-05,Business,2,Present
46766,17,Female,Engineering,3,60.47,11.6,SES-2028,2024-06-25,Computer Science,8,Absent
46766,17,Female,Business,6,83.93,8.0,SES-2046,2024-02-11,Computer Science,4,Absent
46765,22,Female,Business,6,83.93,8.0,SES-2015,2023-11-09,Business,2,Absent
46765,22,Male,Computer Science,3,64.94,12.6,SES-2000,2023-10-24,Social Sciences,2,Absent
46765,22,Male,Computer Science,3,64.94,12.6,SES-2028,2024-06-25,Computer Science,8,Present
46764,17,Male,Computer Science,3,64.94,12.6,SES-2001,2024-02-05,Computer Science,4,Absent
46764,17,Male,Computer Science,6,59.43,10.3,SES-2016,2024-04-12,Social Sciences,6,Present
46764,17,Male,Computer Science,6,59.43,10.3,SES-2023,2024-04-21,Business,6,Present
46764,17,Male,Social Sciences,8,78.67,13.0,SES-2000,2023-10-24,Social Sciences,2,Absent
46763,18,Male,Social Sciences,8,78.67,13.0,SES-2020,2024-03-27,Computer Science,4,Present
46763,18,Male,Social Sciences,8,78.67,13.0,SES-2049,2024-04-17,Education,6,Present
46763,18,Male,Social Sciences,8,78.67,13.0,SES-2030,2024-05-13,Business,7,Present
46763,18,Male,Social Sciences,8,78.67,13.0,SES-2010,2024-03-24,Business,5,Present
46763,18,Female,Education,3,81.12,14.2,SES-2010,2024-03-24,Business,5,Present
46762,24,Male,Business,7,78.16,14.8,SES-2011,2023-11-03,Engineering,2,Present
46762,24,Male,Business,7,78.16,14.8,SES-2015,2023-11-09,Business,2,Present
46761,18,Male,Business,5,83.0,10.9,SES-2032,2023-11-25,Social Sciences,2,Present
46761,18,Male,Business,5,83.0,10.9,SES-2013,2023-10-22,Education,2,Absent
46759,20,Male,Engineering,8,86.38,5.4,SES-2049,2024-04-17,Education,6,Present
46759,20,Male,Education,7,70.67,6.2,SES-2031,2024-07-18,Computer Science,8,Present
46759,20,Male,Education,7,70.67,6.2,SES-2049,2024-04-17,Education,6,Absent
46759,20,Male,Education,7,70.67,6.2,SES-2008,2024-03-04,Computer Science,4,Present
46759,20,Male,Education,7,70.67,6.2,SES-2013,2023-10-22,Education,2,Present
46758,21,Female,Social Sciences,5,60.49,13.3,SES-2042,2023-12-17,Engineering,3,Present
46758,21,Female,Social Sciences,5,60.49,13.3,SES-2048,2023-09-03,Computer Science,1,Present
46757,22,Female,Social Sciences,5,60.49,13.3,SES-2030,2024-05-13,Business,7,Present
46757,22,Female,Social Sciences,5,60.49,13.3,SES-2000,2023-10-24,Social Sciences,2,Absent
46751,19,Female,Business,4,60.23,7.4,SES-2021,2024-02-26,Social Sciences,4,Present
46750,22,Female,Business,4,60.23,7.4,SES-2037,2023-10-16,Computer Science,1,Present
46750,22,Female,Business,4,60.23,7.4,SES-2016,2024-04-12,Social Sciences,6,Present
46750,22,Female,Business,4,60.23,7.4,SES-2028,2024-06-25,Computer Science,8,Absent
46749,22,Male,Business,1,79.88,6.6,SES-2036,2024-02-12,Education,4,Present
46749,22,Male,Business,1,79.88,6.6,SES-2034,2024-06-24,Social Sciences,8,Present
46748,19,Male,Computer Science,8,79.65,6.9,SES-2039,2024-02-08,Engineering,4,Absent
46745,23,Male,Social Sciences,6,69.41,8.9,SES-2029,2023-10-21,Education,2,Present
46745,23,Male,Social Sciences,6,69.41,8.9,SES-2014,2024-03-28,Education,5,Absent
46745,23,Male,Social Sciences,6,69.41,8.9,SES-2028,2024-06-25,Computer Science,8,Present
46741,24,Female,Engineering,7,72.95,7.8,SES-2024,2024-06-05,Social Sciences,7,Absent
46738,20,Female,Social Sciences,7,88.12,12.9,SES-2003,2023-10-08,Engineering,2,Present
46738,20,Female,Social Sciences,7,88.12,12.9,SES-2046,2024-02-11,Computer Science,4,Absent
46737,22,Female,Education,2,62.67,9.4,SES-2013,2023-10-22,Education,2,Present
46737,22,Female,Education,2,62.67,9.4,SES-2028,2024-06-25,Computer Science,8,Present
46737,22,Female,Education,2,62.67,9.4,SES-2044,2024-04-22,Social Sciences,5,Present
46737,22,Female,Education,2,62.67,9.4,SES-2026,2024-04-19,Business,5,Present
46736,20,Female,Social Sciences,8,65.35,9.6,SES-2048,2023-09-03,Computer Science,1,Present
46736,20,Female,Social Sciences,8,65.35,9.6,SES-2000,2023-10-24,Social Sciences,2,Present
46736,20,Female,Social Sciences,8,65.35,9.6,SES-2024,2024-06-05,Social Sciences,7,Present
46736,20,Female,Social Sciences,8,65.35,9.6,SES-2006,2024-03-25,Education,5,Absent
46733,19,Female,Engineering,8,54.3,9.4,SES-2029,2023-10-21,Education,2,Present
46732,20,Female,Engineering,8,54.3,9.4,SES-2026,2024-04-19,Business,5,Present
46732,20,Female,Engineering,8,54.3,9.4,SES-2010,2024-03-24,Business,5,Present
46731,26,Female,Engineering,8,54.3,9.4,SES-2001,2024-02-05,Computer Science,4,Present
46731,26,Female,Engineering,8,54.3,9.4,SES-2006,2024-03-25,Education,5,Present
46731,26,Male,Business,4,71.39,14.8,SES-2038,2023-11-27,Social Sciences,2,Absent
46730,23,Male,Business,4,71.39,14.8,SES-2005,2024-05-15,Engineering,7,Absent
46729,19,Male,Education,4,66.91,6.6,SES-2013,2023-10-22,Education,2,Present
46728,22,Male,Education,4,66.91,6.6,SES-2038,2023-11-27,Social Sciences,2,Absent
46728,22,Male,Education,4,66.91,6.6,SES-2008,2024-03-04,Computer Science,4,Present
46728,22,Male,Social Sciences,4,78.9,11.5,SES-2022,2024-06-03,Education,7,Present
46728,22,Male,Social Sciences,4,78.9,11.5,SES-2037,2023-10-16,Computer Science,1,Absent
46728,22,Male,Social Sciences,4,78.9,11.5,SES-2008,2024-03-04,Computer Science,4,Absent
46727,26,Male,Social Sciences,4,78.9,11.5,SES-2013,2023-10-22,Education,2,Absent
46727,26,Male,Social Sciences,4,78.9,11.5,SES-2032,2023-11-25,Social Sciences,2,Present
46727,26,Female,Computer Science,6,72.68,5.6,SES-2028,2024-06-25,Computer Science,8,Present
46726,17,Female,Computer Science,6,72.68,5.6,SES-2009,2024-05-12,Social Sciences,7,Present
46726,17,Female,Computer Science,6,72.68,5.6,SES-2003,2023-10-08,Engineering,2,Absent
46726,17,Female,Computer Science,6,72.68,5.6,SES-2029,2023-10-21,Education,2,Present
46726,17,Female,Computer Science,6,72.68,5.6,SES-2037,2023-10-16,Computer Science,1,Present
46725,17,Male,Business,7,43.17,3.6,SES-2011,2023-11-03,Engineering,2,Absent
46724,21,Male,Business,7,43.17,3.6,SES-2023,2024-04-21,Business,6,Present
46724,21,Male,Social Sciences,1,71.67,6.7,SES-2030,2024-05-13,Business,7,Absent
46722,17,Male,Social Sciences,1,71.67,6.7,SES-2009,2024-05-12,Social Sciences,7,Absent
46717,21,Male,Computer Science,7,84.17,9.5,SES-2037,2023-10-16,Computer Science,1,Present
46717,21,Male,Computer Science,7,84.17,9.5,SES-2032,2023-11-25,Social Sciences,2,Present
46717,21,Male,Computer Science,7,84.17,9.5,SES-2004,2023-09-23,Engineering,1,Present
46716,23,Male,Computer Science,7,84.17,9.5,SES-2022,2024-06-03,Education,7,Present
46715,20,Female,Social Sciences,3,57.13,8.4,SES-2014,2024-03-28,Education,5,Present
46714,18,Female,Social Sciences,3,57.13,8.4,SES-2027,2024-04-05,Engineering,6,Absent
46714,18,Female,Social Sciences,3,57.13,8.4,SES-2024,2024-06-05,Social Sciences,7,Present
46714,18,Female,Social Sciences,3,57.13,8.4,SES-2047,2024-02-01,Computer Science,4,Absent
46713,17,Female,Social Sciences,3,57.13,8.4,SES-2008,2024-03-04,Computer Science,4,Present
46713,17,Female,Engineering,6,70.35,12.7,SES-2028,2024-06-25,Computer Science,8,Present
46713,17,Female,Engineering,6,70.35,12.7,SES-2005,2024-05-15,Engineering,7,Present
46713,17,Female,Engineering,6,70.35,12.7,SES-2027,2024-04-05,Engineering,6,Present
46711,21,Male,Social Sciences,1,48.14,4.0,SES-2043,2024-05-18,Education,7,Absent
46711,21,Male,Social Sciences,1,48.14,4.0,SES-2031,2024-07-18,Computer Science,8,Absent
46711,21,Male,Social Sciences,1,48.14,4.0,SES-2025,2023-11-24,Engineering,3,Present
46710,23,Male,Social Sciences,1,48.14,4.0,SES-2013,2023-10-22,Education,2,Present
46710,23,Male,Social Sciences,1,48.14,4.0,SES-2021,2024-02-26,Social Sciences,4,Absent
46710,23,Female,Business,2,71.78,7.0,SES-2019,2024-06-21,Engineering,7,Present
46707,20,Male,Computer Science,2,82.85,8.3,SES-2010,2024-03-24,Business,5,Present
46707,20,Male,Computer Science,2,82.85,8.3,SES-2031,2024-07-18,Computer Science,8,Present
46707,20,Male,Computer Science,2,82.85,8.3,SES-2024,2024-06-05,Social Sciences,7,Present
46705,21,Male,Computer Science,2,82.85,8.3,SES-2007,2024-06-09,Education,7,Absent
46705,21,Female,Social Sciences,3,62.56,7.8,SES-2047,2024-02-01,Computer Science,4,Present
46705,21,Female,Social Sciences,3,62.56,7.8,SES-2018,2023-11-06,Business,3,Present
46705,21,Male,Education,2,56.79,7.3,SES-2023,2024-04-21,Business,6,Present
46704,19,Male,Education,2,56.79,7.3,SES-2035,2023-11-28,Social Sciences,3,Absent
46704,19,Male,Education,2,56.79,7.3,SES-2021,2024-02-26,Social Sciences,4,Absent
46704,19,Male,Education,2,56.79,7.3,SES-2007,2024-06-09,Education,7,Present
46703,24,Male,Social Sciences,4,72.38,14.5,SES-2039,2024-02-08,Engineering,4,Absent
46701,18,Female,Computer Science,5,75.54,13.1,SES-2022,2024-06-03,Education,7,Present
46701,18,Female,Computer Science,5,75.54,13.1,SES-2021,2024-02-26,Social Sciences,4,Present
46701,18,Female,Computer Science,5,75.54,13.1,SES-2007,2024-06-09,Education,7,Present
46699,20,Female,Education,8,78.0,8.2,SES-2028,2024-06-25,Computer Science,8,Absent
46698,21,Male,Engineering,4,58.32,9.2,SES-2027,2024-04-05,Engineering,6,Present
46695,25,Male,Social Sciences,4,63.09,2.6,SES-2037,2023-10-16,Computer Science,1,Absent
46694,22,Male,Social Sciences,4,63.09,2.6,SES-2008,2024-03-04,Computer Science,4,Absent
46694,22,Male,Business,3,62.1,6.3,SES-2014,2024-03-28,Education,5,Present
46694,22,Male,Business,3,62.1,6.3,SES-2034,2024-06-24,Social Sciences,8,Present
46694,22,Male,Business,3,62.1,6.3,SES-2049,2024-04-17,Education,6,Present
46693,22,Male,Business,3,62.1,6.3,SES-2027,2024-04-05,Engineering,6,Present
46693,22,Male,Business,3,62.1,6.3,SES-2010,2024-03-24,Business,5,Present
46691,20,Male,Social Sciences,5,74.17,9.4,SES-2020,2024-03-27,Computer Science,4,Present
46690,21,Male,Social Sciences,5,74.17,9.4,SES-2006,2024-03-25,Education,5,Present
46689,21,Male,Social Sciences,5,74.17,9.4,SES-2034,2024-06-24,Social Sciences,8,Present
46689,21,Male,Social Sciences,5,74.17,9.4,SES-2026,2024-04-19,Business,5,Present
46688,20,Male,Social Sciences,3,78.92,8.9,SES-2039,2024-02-08,Engineering,4,Present
46687,19,Male,Social Sciences,3,78.92,8.9,SES-2022,2024-06-03,Education,7,Present
46687,19,Male,Social Sciences,3,78.92,8.9,SES-2025,2023-11-24,Engineering,3,Present
46687,19,Male,Social Sciences,3,78.92,8.9,SES-2033,2023-11-14,Education,2,Present
46687,19,Female,Computer Science,3,59.36,8.5,SES-2045,2024-07-04,Education,8,Present
46687,19,Female,Computer Science,3,59.36,8.5,SES-2014,2024-03-28,Education,5,Present
46684,22,Female,Computer Science,3,59.36,8.5,SES-2006,2024-03-25,Education,5,Present
46684,22,Male,Social Sciences,5,69.33,9.2,SES-2012,2024-04-19,Education,5,Present
46684,22,Male,Social Sciences,5,69.33,9.2,SES-2023,2024-04-21,Business,6,Present
46684,22,Male,Social Sciences,5,69.33,9.2,SES-2019,2024-06-21,Engineering,7,Present
46684,22,Male,Social Sciences,5,69.33,9.2,SES-2048,2023-09-03,Computer Science,1,Absent
46684,22,Male,Social Sciences,5,69.33,9.2,SES-2005,2024-05-15,Engineering,7,Present
46683,18,Male,Education,7,83.71,3.4,SES-2024,2024-06-05,Social Sciences,7,Absent
46683,18,Male,Education,7,83.71,3.4,SES-2029,2023-10-21,Education,2,Absent
46683,18,Male,Education,7,83.71,3.4,SES-2037,2023-10-16,Computer Science,1,Present
46682,25,Male,Education,7,83.71,3.4,SES-2035,2023-11-28,Social Sciences,3,Absent
46681,20,Female,Education,4,62.28,10.1,SES-2018,2023-11-06,Business,3,Present
46679,19,Female,Business,6,66.07,10.5,SES-2018,2023-11-06,Business,3,Present
46679,19,Female,Business,6,66.07,10.5,SES-2043,2024-05-18,Education,7,Absent
46677,20,Male,Education,8,59.63,12.1,SES-2036,2024-02-12,Education,4,Absent
46677,20,Male,Education,8,59.63,12.1,SES-2008,2024-03-04,Computer Science,4,Present
46675,21,Male,Education,8,59.63,12.1,SES-2038,2023-11-27,Social Sciences,2,Present
46675,21,Male,Engineering,8,62.99,8.0,SES-2033,2023-11-14,Education,2,Absent
46675,21,Male,Engineering,8,62.99,8.0,SES-2038,2023-11-27,Social Sciences,2,Present
46675,21,Male,Engineering,8,62.99,8.0,SES-2019,2024-06-21,Engineering,7,Present
46673,19,Female,Computer Science,5,39.89,4.1,SES-2018,2023-11-06,Business,3,Present
46673,19,Female,Computer Science,5,39.89,4.1,SES-2010,2024-03-24,Business,5,Absent
46673,19,Female,Computer Science,5,39.89,4.1,SES-2041,2023-10-05,Business,2,Absent
46672,19,Female,Computer Science,5,39.89,4.1,SES-2029,2023-10-21,Education,2,Absent
46672,19,Male,Business,5,56.48,7.1,SES-2037,2023-10-16,Computer Science,1,Present
46672,19,Male,Business,5,56.48,7.1,SES-2015,2023-11-09,Business,2,Present
46672,19,Male,Business,5,56.48,7.1,SES-2024,2024-06-05,Social Sciences,7,Absent
46670,23,Male,Engineering,6,52.62,7.6,SES-2030,2024-05-13,Business,7,Present
46669,19,Male,Engineering,6,52.62,7.6,SES-2049,2024-04-17,Education,6,Present
46669,19,Male,Engineering,6,52.62,7.6,SES-2007,2024-06-09,Education,7,Present
46666,18,Male,Business,1,70.24,9.2,SES-2020,2024-03-27,Computer Science,4,Present
46665,20,Male,Business,1,70.24,9.2,SES-2011,2023-11-03,Engineering,2,Present
46665,20,Male,Business,1,70.24,9.2,SES-2028,2024-06-25,Computer Science,8,Present
46665,20,Male,Business,1,70.24,9.2,SES-2015,2023-11-09,Business,2,Absent
46664,21,Male,Business,1,70.24,9.2,SES-2042,2023-12-17,Engineering,3,Present
46659,21,Male,Engineering,3,68.06,9.5,SES-2012,2024-04-19,Education,5,Present
46657,19,Female,Engineering,4,82.02,10.2,SES-2049,2024-04-17,Education,6,Present
46657,19,Female,Engineering,4,82.02,10.2,SES-2007,2024-06-09,Education,7,Present
46651,24,Male,Social Sciences,8,81.28,11.3,SES-2028,2024-06-25,Computer Science,8,Present
46651,24,Male,Social Sciences,8,81.28,11.3,SES-2006,2024-03-25,Education,5,Present
46651,24,Male,Social Sciences,8,81.28,11.3,SES-2033,2023-11-14,Education,2,Present
46651,24,Male,Social Sciences,8,81.28,11.3,SES-2024,2024-06-05,Social Sciences,7,Present
46648,17,Male,Computer Science,6,79.72,2.4,SES-2044,2024-04-22,Social Sciences,5,Absent
46647,18,Male,Computer Science,6,79.72,2.4,SES-2040,2023-10-24,Business,2,Present
46647,18,Male,Computer Science,6,79.72,2.4,SES-2025,2023-11-24,Engineering,3,Absent
46639,22,Male,Social Sciences,3,69.92,7.4,SES-2042,2023-12-17,Engineering,3,Present
46639,22,Male,Social Sciences,3,69.92,7.4,SES-2013,2023-10-22,Education,2,Present
46637,21,Male,Engineering,1,56.83,14.3,SES-2025,2023-11-24,Engineering,3,Present
46637,21,Male,Engineering,1,56.83,14.3,SES-2044,2024-04-22,Social Sciences,5,Present
46637,21,Male,Business,7,68.41,9.6,SES-2017,2024-03-23,Computer Science,4,Present
46637,21,Male,Business,7,68.41,9.6,SES-2029,2023-10-21,Education,2,Present
46636,20,Male,Education,7,66.66,5.4,SES-2023,2024-04-21,Business,6,Absent
46636,20,Male,Education,7,66.66,5.4,SES-2036,2024-02-12,Education,4,Present
46636,20,Male,Education,7,66.66,5.4,SES-2008,2024-03-04,Computer Science,4,Present
46635,18,Male,Education,7,66.66,5.4,SES-2019,2024-06-21,Engineering,7,Present
46633,17,Female,Computer Science,5,81.88,11.2,SES-2027,2024-04-05,Engineering,6,Present
46633,17,Female,Computer Science,5,81.88,11.2,SES-2008,2024-03-04,Computer Science,4,Present
46633,17,Female,Computer Science,5,81.88,11.2,SES-2009,2024-05-12,Social Sciences,7,Absent
46632,20,Female,Computer Science,5,81.88,11.2,SES-2012,2024-04-19,Education,5,Present
46626,23,Male,Computer Science,3,76.68,3.7,SES-2022,2024-06-03,Education,7,Absent
46622,22,Male,Business,2,59.18,13.5,SES-2039,2024-02-08,Engineering,4,Absent
46622,22,Female,Business,1,82.56,8.9,SES-2013,2023-10-22,Education,2,Present
46622,22,Female,Business,1,82.56,8.9,SES-2002,2023-11-02,Computer Science,2,Present
46622,22,Female,Business,1,82.56,8.9,SES-2012,2024-04-19,Education,5,Present
46622,22,Female,Business,1,82.56,8.9,SES-2017,2024-03-23,Computer Science,4,Present
46621,21,Female,Engineering,3,76.51,10.7,SES-2003,2023-10-08,Engineering,2,Present
46621,21,Female,Engineering,3,76.51,10.7,SES-2038,2023-11-27,Social Sciences,2,Present
46620,19,Female,Computer Science,4,67.41,5.3,SES-2021,2024-02-26,Social Sciences,4,Present
46620,19,Female,Computer Science,4,67.41,5.3,SES-2004,2023-09-23,Engineering,1,Present
46620,19,Female,Computer Science,4,67.41,5.3,SES-2036,2024-02-12,Education,4,Present
46620,19,Female,Computer Science,4,67.41,5.3,SES-2042,2023-12-17,Engineering,3,Absent
46619,23,Male,Engineering,1,68.96,9.3,SES-2037,2023-10-16,Computer Science,1,Present
46619,23,Male,Engineering,1,68.96,9.3,SES-2047,2024-02-01,Computer Science,4,Present
46619,23,Male,Engineering,1,68.96,9.3,SES-2029,2023-10-21,Education,2,Present
46618,17,Male,Engineering,1,68.96,9.3,SES-2016,2024-04-12,Social Sciences,6,Present
46613,19,Male,Education,2,77.94,14.0,SES-2034,2024-06-24,Social Sciences,8,Present
46613,19,Male,Education,2,77.94,14.0,SES-2010,2024-03-24,Business,5,Absent
46613,19,Male,Education,2,77.94,14.0,SES-2024,2024-06-05,Social Sciences,7,Present
46613,19,Male,Education,2,77.94,14.0,SES-2002,2023-11-02,Computer Science,2,Present
46612,23,Female,Computer Science,6,52.63,11.0,SES-2032,2023-11-25,Social Sciences,2,Present
46612,23,Female,Computer Science,6,52.63,11.0,SES-2001,2024-02-05,Computer Science,4,Present
46612,23,Female,Computer Science,6,52.63,11.0,SES-2031,2024-07-18,Computer Science,8,Present
46612,23,Female,Computer Science,6,52.63,11.0,SES-2011,2023-11-03,Engineering,2,Present
46611,17,Female,Computer Science,6,52.63,11.0,SES-2014,2024-03-28,Education,5,Absent
46609,21,Female,Social Sciences,5,71.14,12.3,SES-2033,2023-11-14,Education,2,Absent
46609,21,Female,Social Sciences,5,71.14,12.3,SES-2024,2024-06-05,Social Sciences,7,Absent
46606,22,Male,Computer Science,4,77.46,7.7,SES-2037,2023-10-16,Computer Science,1,Present
46606,22,Male,Computer Science,4,77.46,7.7,SES-2036,2024-02-12,Education,4,Present
46605,25,Male,Computer Science,4,77.46,7.7,SES-2033,2023-11-14,Education,2,Present
46605,25,Male,Computer Science,4,77.46,7.7,SES-2019,2024-06-21,Engineering,7,Absent
46605,25,Male,Computer Science,4,77.46,7.7,SES-2028,2024-06-25,Computer Science,8,Present
46601,20,Male,Computer Science,5,63.07,8.5,SES-2045,2024-07-04,Education,8,Present
46601,20,Male,Computer Science,5,63.07,8.5,SES-2026,2024-04-19,Business,5,Present
46601,20,Male,Computer Science,5,63.07,8.5,SES-2040,2023-10-24,Business,2,Present
46601,20,Male,Computer Science,5,63.07,8.5,SES-2025,2023-11-24,Engineering,3,Present
46595,19,Female,Business,1,59.14,9.6,SES-2032,2023-11-25,Social Sciences,2,Present
46593,17,Female,Social Sciences,7,94.31,14.2,SES-2010,2024-03-24,Business,5,Present
46593,17,Female,Social Sciences,7,94.31,14.2,SES-2011,2023-11-03,Engineering,2,Present
46593,17,Female,Social Sciences,7,94.31,14.2,SES-2035,2023-11-28,Social Sciences,3,Present
46593,17,Female,Social Sciences,7,94.31,14.2,SES-2007,2024-06-09,Education,7,Present
46591,19,Female,Computer Science,2,57.68,10.2,SES-2047,2024-02-01,Computer Science,4,Present
46591,19,Female,Computer Science,2,57.68,10.2,SES-2000,2023-10-24,Social Sciences,2,Present
46591,19,Female,Computer Science,2,57.68,10.2,SES-2045,2024-07-04,Education,8,Present
46588,20,Female,Engineering,8,78.79,9.7,SES-2028,2024-06-25,Computer Science,8,Present
46588,20,Female,Engineering,8,78.79,9.7,SES-2030,2024-05-13,Business,7,Present
46588,20,Female,Engineering,8,78.79,9.7,SES-2019,2024-06-21,Engineering,7,Absent
46587,20,Female,Engineering,8,78.79,9.7,SES-2036,2024-02-12,Education,4,Present
46587,20,Female,Engineering,8,78.79,9.7,SES-2031,2024-07-18,Computer Science,8,Present
46587,20,Male,Computer Science,5,73.45,10.3,SES-2031,2024-07-18,Computer Science,8,Present
46587,20,Male,Computer Science,5,73.45,10.3,SES-2047,2024-02-01,Computer Science,4,Present
46586,21,Male,Computer Science,5,73.45,10.3,SES-2044,2024-04-22,Social Sciences,5,Present
46586,21,Male,Computer Science,5,73.45,10.3,SES-2041,2023-10-05,Business,2,Present
46584,17,Male,Social Sciences,5,39.28,9.8,SES-2045,2024-07-04,Education,8,Absent
46584,17,Male,Social Sciences,5,39.28,9.8,SES-2047,2024-02-01,Computer Science,4,Absent
46584,17,Male,Social Sciences,5,39.28,9.8,SES-2020,2024-03-27,Computer Science,4,Present
46580,24,Male,Computer Science,1,78.05,11.3,SES-2029,2023-10-21,Education,2,Present
46580,24,Male,Computer Science,1,78.05,11.3,SES-2049,2024-04-17,Education,6,Present
46577,20,Female,Computer Science,2,55.98,9.5,SES-2040,2023-10-24,Business,2,Present
46576,19,Female,Computer Science,2,55.98,9.5,SES-2049,2024-04-17,Education,6,Present
46575,23,Female,Education,5,49.73,8.8,SES-2009,2024-05-12,Social Sciences,7,Present
46575,23,Female,Education,5,49.73,8.8,SES-2017,2024-03-23,Computer Science,4,Absent
46575,23,Female,Education,5,49.73,8.8,SES-2036,2024-02-12,Education,4,Absent
46575,23,Female,Education,5,51.51,8.7,SES-2032,2023-11-25,Social Sciences,2,Present
46575,23,Female,Education,5,51.51,8.7,SES-2029,2023-10-21,Education,2,Present
46575,23,Female,Education,5,51.51,8.7,SES-2034,2024-06-24,Social Sciences,8,Present
46574,19,Female,Education,5,51.51,8.7,SES-2036,2024-02-12,Education,4,Present
46574,19,Female,Computer Science,1,64.66,6.3,SES-2044,2024-04-22,Social Sciences,5,Present
46574,19,Female,Computer Science,1,64.66,6.3,SES-2015,2023-11-09,Business,2,Present
46572,18,Female,Computer Science,1,64.66,6.3,SES-2029,2023-10-21,Education,2,Present
46572,18,Female,Computer Science,1,64.66,6.3,SES-2030,2024-05-13,Business,7,Present
46572,18,Female,Computer Science,1,64.66,6.3,SES-2008,2024-03-04,Computer Science,4,Absent
46569,22,Male,Computer Science,5,58.91,9.9,SES-2037,2023-10-16,Computer Science,1,Present
46569,22,Female,Education,3,70.86,8.0,SES-2033,2023-11-14,Education,2,Present
46569,22,Female,Education,3,70.86,8.0,SES-2016,2024-04-12,Social Sciences,6,Present
46569,22,Male,Computer Science,2,67.0,12.9,SES-2023,2024-04-21,Business,6,Absent
46568,24,Male,Computer Science,2,67.0,12.9,SES-2045,2024-07-04,Education,8,Present
46568,24,Female,Engineering,8,62.96,3.8,SES-2008,2024-03-04,Computer Science,4,Absent
46568,24,Female,Engineering,8,62.96,3.8,SES-2012,2024-04-19,Education,5,Present
46568,24,Female,Engineering,8,62.96,3.8,SES-2039,2024-02-08,Engineering,4,Absent
46566,22,Female,Engineering,8,62.96,3.8,SES-2022,2024-06-03,Education,7,Absent
46566,22,Male,Engineering,4,70.71,5.0,SES-2006,2024-03-25,Education,5,Present
46565,20,Male,Engineering,4,70.71,5.0,SES-2049,2024-04-17,Education,6,Present
46565,20,Male,Engineering,4,70.71,5.0,SES-2005,2024-05-15,Engineering,7,Present
46564,21,Female,Computer Science,5,57.71,5.9,SES-2047,2024-02-01,Computer Science,4,Present
46564,21,Female,Computer Science,5,57.71,5.9,SES-2025,2023-11-24,Engineering,3,Present
46561,19,Male,Computer Science,8,82.11,7.3,SES-2005,2024-05-15,Engineering,7,Present
46561,19,Male,Computer Science,8,82.11,7.3,SES-2007,2024-06-09,Education,7,Present
46558,17,Male,Engineering,6,48.47,5.4,SES-2042,2023-12-17,Engineering,3,Absent
46557,26,Male,Engineering,6,48.47,5.4,SES-2015,2023-11-09,Business,2,Present
46557,26,Male,Computer Science,4,55.43,8.3,SES-2016,2024-04-12,Social Sciences,6,Present
46556,21,Male,Computer Science,4,55.43,8.3,SES-2001,2024-02-05,Computer Science,4,Present
46554,18,Male,Computer Science,4,55.43,8.3,SES-2018,2023-11-06,Business,3,Absent
46552,21,Female,Social Sciences,2,73.34,9.6,SES-2009,2024-05-12,Social Sciences,7,Present
46552,21,Female,Social Sciences,2,73.34,9.6,SES-2038,2023-11-27,Social Sciences,2,Absent
46550,21,Male,Business,5,66.71,7.4,SES-2021,2024-02-26,Social Sciences,4,Present
46543,19,Male,Education,4,63.89,9.2,SES-2040,2023-10-24,Business,2,Absent
46543,19,Male,Education,4,63.89,9.2,SES-2047,2024-02-01,Computer Science,4,Absent
46543,19,Male,Education,4,63.89,9.2,SES-2030,2024-05-13,Business,7,Present
46543,19,Male,Education,4,63.89,9.2,SES-2003,2023-10-08,Engineering,2,Absent
46541,23,Female,Computer Science,6,64.71,3.2,SES-2019,2024-06-21,Engineering,7,Absent
46541,23,Female,Computer Science,6,64.71,3.2,SES-2015,2023-11-09,Business,2,Absent
46541,23,Female,Computer Science,6,64.71,3.2,SES-2018,2023-11-06,Business,3,Absent
46540,20,Female,Computer Science,6,69.49,10.7,SES-2026,2024-04-19,Business,5,Present
46540,20,Female,Computer Science,6,69.49,10.7,SES-2006,2024-03-25,Education,5,Present
46539,17,Female,Computer Science,6,69.49,10.7,SES-2015,2023-11-09,Business,2,Present
46539,17,Female,Computer Science,6,69.49,10.7,SES-2007,2024-06-09,Education,7,Present
46539,17,Female,Computer Science,6,69.49,10.7,SES-2022,2024-06-03,Education,7,Present
46539,17,Female,Education,6,47.08,6.9,SES-2026,2024-04-19,Business,5,Absent
46536,24,Male,Business,7,95.68,10.6,SES-2042,2023-12-17,Engineering,3,Present
46536,24,Male,Business,7,95.68,10.6,SES-2048,2023-09-03,Computer Science,1,Present
46531,21,Male,Computer Science,1,81.45,6.2,SES-2036,2024-02-12,Education,4,Present
46531,21,Male,Computer Science,1,81.45,6.2,SES-2019,2024-06-21,Engineering,7,Present
46531,21,Male,Computer Science,1,81.45,6.2,SES-2014,2024-03-28,Education,5,Present
46529,19,Female,Education,2,76.62,4.0,SES-2043,2024-05-18,Education,7,Absent
46529,19,Female,Education,2,76.62,4.0,SES-2017,2024-03-23,Computer Science,4,Present
46529,19,Female,Education,2,76.62,4.0,SES-2006,2024-03-25,Education,5,Present
46528,19,Female,Education,2,76.62,4.0,SES-2030,2024-05-13,Business,7,Present
46526,17,Female,Engineering,2,42.59,7.3,SES-2047,2024-02-01,Computer Science,4,Absent
46526,17,Female,Engineering,2,42.59,7.3,SES-2021,2024-02-26,Social Sciences,4,Present
46526,17,Female,Engineering,2,42.59,7.3,SES-2046,2024-02-11,Computer Science,4,Present
46526,17,Female,Engineering,2,42.59,7.3,SES-2009,2024-05-12,Social Sciences,7,Absent
46521,19,Female,Social Sciences,5,61.59,10.4,SES-2034,2024-06-24,Social Sciences,8,Present
46520,19,Female,Social Sciences,5,61.59,10.4,SES-2042,2023-12-17,Engineering,3,Present
46520,19,Female,Social Sciences,5,61.59,10.4,SES-2038,2023-11-27,Social Sciences,2,Present
46520,19,Female,Social Sciences,5,61.59,10.4,SES-2011,2023-11-03,Engineering,2,Present
46520,19,Female,Social Sciences,5,61.59,10.4,SES-2045,2024-07-04,Education,8,Present
46519,20,Male,Engineering,1,56.22,7.4,SES-2045,2024-07-04,Education,8,Present
46519,20,Male,Engineering,1,74.56,7.5,SES-2014,2024-03-28,Education,5,Present
46519,20,Male,Engineering,1,74.56,7.5,SES-2031,2024-07-18,Computer Science,8,Present
46519,20,Male,Engineering,1,74.56,7.5,SES-2049,2024-04-17,Education,6,Absent
46518,23,Male,Engineering,1,74.56,7.5,SES-2003,2023-10-08,Engineering,2,Present
46518,23,Male,Engineering,8,56.93,8.6,SES-2012,2024-04-19,Education,5,Present
46518,23,Male,Engineering,8,56.93,8.6,SES-2028,2024-06-25,Computer Science,8,Present
46517,19,Male,Engineering,8,56.93,8.6,SES-2029,2023-10-21,Education,2,Absent
46516,24,Male,Engineering,8,56.93,8.6,SES-2034,2024-06-24,Social Sciences,8,Present
46516,24,Male,Engineering,8,56.93,8.6,SES-2045,2024-07-04,Education,8,Present
46515,22,Male,Social Sciences,5,50.02,7.5,SES-2033,2023-11-14,Education,2,Absent
46515,22,Male,Education,8,64.89,4.0,SES-2015,2023-11-09,Business,2,Present
46515,22,Male,Education,8,64.89,4.0,SES-2023,2024-04-21,Business,6,Present
46515,22,Male,Education,8,64.89,4.0,SES-2036,2024-02-12,Education,4,Absent
46514,21,Male,Education,8,64.89,4.0,SES-2040,2023-10-24,Business,2,Absent
46513,17,Male,Business,5,58.57,10.7,SES-2008,2024-03-04,Computer Science,4,Present
46513,17,Male,Business,5,58.57,10.7,SES-2018,2023-11-06,Business,3,Present
46512,24,Male,Business,5,58.57,10.7,SES-2038,2023-11-27,Social Sciences,2,Present
46512,24,Male,Business,5,58.57,10.7,SES-2011,2023-11-03,Engineering,2,Present
46512,24,Male,Business,5,58.57,10.7,SES-2040,2023-10-24,Business,2,Present
46508,22,Female,Business,7,71.52,11.3,SES-2014,2024-03-28,Education,5,Present
46507,20,Female,Business,7,71.52,11.3,SES-2000,2023-10-24,Social Sciences,2,Present
46507,20,Female,Business,7,71.52,11.3,SES-2011,2023-11-03,Engineering,2,Present
46507,20,Male,Engineering,2,87.72,16.3,SES-2031,2024-07-18,Computer Science,8,Absent
46507,20,Male,Engineering,2,87.72,16.3,SES-2024,2024-06-05,Social Sciences,7,Present
46506,17,Male,Engineering,2,87.72,16.3,SES-2019,2024-06-21,Engineering,7,Present
46506,17,Female,Computer Science,8,65.48,11.7,SES-2025,2023-11-24,Engineering,3,Present
46506,17,Female,Computer Science,8,65.48,11.7,SES-2037,2023-10-16,Computer Science,1,Present
46506,17,Female,Computer Science,8,65.48,11.7,SES-2002,2023-11-02,Computer Science,2,Present
46505,23,Female,Computer Science,8,65.48,11.7,SES-2041,2023-10-05,Business,2,Present
46505,23,Female,Computer Science,8,65.48,11.7,SES-2001,2024-02-05,Computer Science,4,Present
46505,23,Female,Engineering,1,70.62,4.9,SES-2042,2023-12-17,Engineering,3,Present
46505,23,Female,Engineering,1,70.62,4.9,SES-2017,2024-03-23,Computer Science,4,Absent
46505,23,Female,Engineering,1,70.62,4.9,SES-2030,2024-05-13,Business,7,Absent
46503,23,Female,Engineering,1,70.62,4.9,SES-2047,2024-02-01,Computer Science,4,Present
46500,23,Female,Education,3,65.11,8.4,SES-2002,2023-11-02,Computer Science,2,Present
46498,26,Female,Education,3,65.11,8.4,SES-2007,2024-06-09,Education,7,Present
46496,21,Male,Education,7,67.94,6.9,SES-2034,2024-06-24,Social Sciences,8,Present
46495,19,Male,Education,7,67.94,6.9,SES-2041,2023-10-05,Business,2,Present
46495,19,Male,Education,7,67.94,6.9,SES-2042,2023-12-17,Engineering,3,Present
46494,24,Male,Education,7,67.94,6.9,SES-2045,2024-07-04,Education,8,Present
46494,24,Male,Education,7,67.94,6.9,SES-2028,2024-06-25,Computer Science,8,Absent
46494,24,Female,Engineering,2,80.61,13.3,SES-2010,2024-03-24,Business,5,Present
46494,24,Female,Engineering,2,80.61,13.3,SES-2037,2023-10-16,Computer Science,1,Present
46493,21,Female,Business,8,81.19,6.5,SES-2035,2023-11-28,Social Sciences,3,Present
46492,19,Female,Business,8,81.19,6.5,SES-2043,2024-05-18,Education,7,Present
46492,19,Female,Engineering,3,54.48,11.4,SES-2000,2023-10-24,Social Sciences,2,Present
46492,19,Female,Engineering,3,54.48,11.4,SES-2036,2024-02-12,Education,4,Present
46491,23,Female,Education,7,57.19,13.6,SES-2023,2024-04-21,Business,6,Present
46491,23,Female,Education,7,57.19,13.6,SES-2033,2023-11-14,Education,2,Present
46490,20,Female,Education,7,57.19,13.6,SES-2024,2024-06-05,Social Sciences,7,Present
46489,20,Female,Education,7,57.19,13.6,SES-2028,2024-06-25,Computer Science,8,Present
46489,20,Female,Education,7,57.19,13.6,SES-2031,2024-07-18,Computer Science,8,Present
46484,19,Male,Social Sciences,8,49.79,5.6,SES-2006,2024-03-25,Education,5,Absent
46484,19,Male,Social Sciences,8,49.79,5.6,SES-2046,2024-02-11,Computer Science,4,Absent
46483,24,Male,Social Sciences,8,49.79,5.6,SES-2043,2024-05-18,Education,7,Absent
46483,24,Female,Engineering,3,56.48,2.5,SES-2007,2024-06-09,Education,7,Present
46483,24,Female,Engineering,3,56.48,2.5,SES-2043,2024-05-18,Education,7,Absent
46483,24,Female,Engineering,3,56.48,2.5,SES-2021,2024-02-26,Social Sciences,4,Absent
46483,24,Female,Engineering,3,56.48,2.5,SES-2022,2024-06-03,Education,7,Absent
46479,22,Female,Education,1,87.5,13.3,SES-2030,2024-05-13,Business,7,Present
46478,20,Female,Education,1,87.5,13.3,SES-2012,2024-04-19,Education,5,Present
46478,20,Female,Education,1,87.5,13.3,SES-2027,2024-04-05,Engineering,6,Present
46478,20,Female,Education,1,87.5,13.3,SES-2017,2024-03-23,Computer Science,4,Present
46478,20,Female,Education,1,87.5,13.3,SES-2045,2024-07-04,Education,8,Present
46478,20,Female,Computer Science,1,80.36,12.4,SES-2011,2023-11-03,Engineering,2,Present
46477,20,Female,Computer Science,1,80.36,12.4,SES-2016,2024-04-12,Social Sciences,6,Absent
46477,20,Female,Computer Science,1,80.36,12.4,SES-2026,2024-04-19,Business,5,Present
46476,18,Female,Engineering,1,77.55,9.8,SES-2019,2024-06-21,Engineering,7,Present
46471,20,Female,Engineering,6,63.21,11.5,SES-2049,2024-04-17,Education,6,Absent
46471,20,Female,Business,6,83.94,12.3,SES-2003,2023-10-08,Engineering,2,Present
46471,20,Female,Business,6,83.94,12.3,SES-2045,2024-07-04,Education,8,Present
46467,25,Male,Social Sciences,5,54.67,4.0,SES-2030,2024-05-13,Business,7,Absent
46466,20,Male,Social Sciences,5,54.67,4.0,SES-2018,2023-11-06,Business,3,Present
46466,20,Male,Social Sciences,5,54.67,4.0,SES-2012,2024-04-19,Education,5,Present
46465,24,Male,Business,8,65.65,6.0,SES-2037,2023-10-16,Computer Science,1,Present
46465,24,Male,Business,8,65.65,6.0,SES-2046,2024-02-11,Computer Science,4,Present
46464,24,Male,Business,8,65.65,6.0,SES-2006,2024-03-25,Education,5,Absent
46464,24,Female,Education,3,68.94,7.5,SES-2010,2024-03-24,Business,5,Present
46464,24,Female,Education,3,68.94,7.5,SES-2049,2024-04-17,Education,6,Present
46464,24,Female,Education,3,68.94,7.5,SES-2032,2023-11-25,Social Sciences,2,Present
46463,22,Male,Education,4,76.67,14.5,SES-2036,2024-02-12,Education,4,Present
46460,18,Male,Education,4,76.67,14.5,SES-2042,2023-12-17,Engineering,3,Present
46460,18,Male,Computer Science,2,67.04,8.9,SES-2008,2024-03-04,Computer Science,4,Present
46459,19,Male,Computer Science,6,81.36,4.4,SES-2019,2024-06-21,Engineering,7,Present
46451,20,Male,Education,2,62.34,9.1,SES-2030,2024-05-13,Business,7,Present
46451,20,Male,Education,2,62.34,9.1,SES-2041,2023-10-05,Business,2,Present
46451,20,Male,Computer Science,4,70.8,9.4,SES-2044,2024-04-22,Social Sciences,5,Present
46451,20,Male,Computer Science,4,70.8,9.4,SES-2046,2024-02-11,Computer Science,4,Present
46451,20,Male,Computer Science,4,70.8,9.4,SES-2021,2024-02-26,Social Sciences,4,Present
46450,27,Female,Social Sciences,1,80.85,14.8,SES-2012,2024-04-19,Education,5,Absent
46450,27,Female,Social Sciences,1,80.85,14.8,SES-2010,2024-03-24,Business,5,Present
46450,27,Female,Social Sciences,1,80.85,14.8,SES-2025,2023-11-24,Engineering,3,Present
46449,20,Female,Social Sciences,1,80.85,14.8,SES-2001,2024-02-05,Computer Science,4,Present
46449,20,Male,Computer Science,1,66.98,8.6,SES-2035,2023-11-28,Social Sciences,3,Present
46447,23,Female,Education,8,61.3,9.4,SES-2047,2024-02-01,Computer Science,4,Present
46445,22,Female,Education,8,61.3,9.4,SES-2037,2023-10-16,Computer Science,1,Present
46445,22,Female,Education,8,61.3,9.4,SES-2045,2024-07-04,Education,8,Absent
46444,21,Female,Education,8,61.3,9.4,SES-2019,2024-06-21,Engineering,7,Absent
46442,22,Female,Education,8,61.3,9.4,SES-2031,2024-07-18,Computer Science,8,Present
46441,22,Female,Engineering,1,68.54,9.3,SES-2047,2024-02-01,Computer Science,4,Absent
46438,20,Male,Engineering,1,83.57,13.2,SES-2047,2024-02-01,Computer Science,4,Present
46437,20,Male,Engineering,1,83.57,13.2,SES-2019,2024-06-21,Engineering,7,Present
46437,20,Male,Engineering,1,83.57,13.2,SES-2027,2024-04-05,Engineering,6,Present
46437,20,Male,Engineering,1,83.57,13.2,SES-2024,2024-06-05,Social Sciences,7,Absent
46437,20,Male,Engineering,1,83.57,13.2,SES-2048,2023-09-03,Computer Science,1,Present
46436,21,Female,Engineering,6,58.72,15.6,SES-2025,2023-11-24,Engineering,3,Present
46436,21,Female,Engineering,6,58.72,15.6,SES-2022,2024-06-03,Education,7,Present
46436,21,Female,Engineering,6,58.72,15.6,SES-2020,2024-03-27,Computer Science,4,Present
46435,20,Female,Engineering,6,58.72,15.6,SES-2003,2023-10-08,Engineering,2,Present
46434,21,Female,Social Sciences,4,88.12,8.0,SES-2039,2024-02-08,Engineering,4,Present
46434,21,Female,Social Sciences,4,88.12,8.0,SES-2011,2023-11-03,Engineering,2,Present
46434,21,Female,Social Sciences,4,88.12,8.0,SES-2032,2023-11-25,Social Sciences,2,Present
46434,21,Female,Social Sciences,4,88.12,8.0,SES-2017,2024-03-23,Computer Science,4,Absent
46434,21,Female,Social Sciences,4,88.12,8.0,SES-2037,2023-10-16,Computer Science,1,Present
46432,24,Male,Social Sciences,2,53.58,8.6,SES-2024,2024-06-05,Social Sciences,7,Present
46429,22,Male,Computer Science,2,86.32,7.5,SES-2016,2024-04-12,Social Sciences,6,Present
46428,21,Male,Computer Science,2,86.32,7.5,SES-2036,2024-02-12,Education,4,Absent
46428,21,Male,Computer Science,2,86.32,7.5,SES-2042,2023-12-17,Engineering,3,Absent
46427,19,Male,Computer Science,2,86.32,7.5,SES-2006,2024-03-25,Education,5,Present
46427,19,Male,Computer Science,2,86.32,7.5,SES-2007,2024-06-09,Education,7,Present
46427,19,Female,Education,6,64.56,10.6,SES-2033,2023-11-14,Education,2,Present
46426,19,Female,Education,6,64.56,10.6,SES-2012,2024-04-19,Education,5,Present
46426,19,Female,Education,6,64.56,10.6,SES-2044,2024-04-22,Social Sciences,5,Present
46425,17,Female,Education,6,64.56,10.6,SES-2021,2024-02-26,Social Sciences,4,Present
46425,17,Female,Education,6,64.56,10.6,SES-2040,2023-10-24,Business,2,Absent
46425,17,Female,Computer Science,8,83.04,14.7,SES-2034,2024-06-24,Social Sciences,8,Present
46420,18,Female,Computer Science,1,48.27,9.0,SES-2029,2023-10-21,Education,2,Absent
46420,18,Female,Computer Science,1,48.27,9.0,SES-2032,2023-11-25,Social Sciences,2,Absent
46420,18,Female,Computer Science,1,48.27,9.0,SES-2004,2023-09-23,Engineering,1,Absent
46420,18,Female,Education,8,80.23,12.2,SES-2021,2024-02-26,Social Sciences,4,Present
46410,23,Female,Business,6,72.56,8.9,SES-2000,2023-10-24,Social Sciences,2,Present
46409,23,Male,Engineering,4,56.25,6.3,SES-2032,2023-11-25,Social Sciences,2,Present
46406,23,Male,Computer Science,5,72.05,14.6,SES-2033,2023-11-14,Education,2,Present
46396,20,Male,Education,7,71.16,10.7,SES-2030,2024-05-13,Business,7,Present
46395,21,Male,Education,7,71.16,10.7,SES-2022,2024-06-03,Education,7,Present
46390,22,Male,Engineering,5,62.0,8.3,SES-2036,2024-02-12,Education,4,Absent
46390,22,Male,Engineering,5,62.0,8.3,SES-2017,2024-03-23,Computer Science,4,Present
46390,22,Male,Engineering,5,62.0,8.3,SES-2019,2024-06-21,Engineering,7,Present
46390,22,Male,Social Sciences,1,58.56,7.8,SES-2048,2023-09-03,Computer Science,1,Present
46388,21,Male,Computer Science,2,82.29,10.8,SES-2042,2023-12-17,Engineering,3,Present
46388,21,Male,Computer Science,2,82.29,10.8,SES-2038,2023-11-27,Social Sciences,2,Present
46387,23,Male,Computer Science,2,82.29,10.8,SES-2043,2024-05-18,Education,7,Present
46381,23,Female,Computer Science,5,77.98,10.4,SES-2001,2024-02-05,Computer Science,4,Present
46380,20,Female,Computer Science,5,77.98,10.4,SES-2021,2024-02-26,Social Sciences,4,Present
46376,20,Male,Engineering,4,70.42,14.3,SES-2016,2024-04-12,Social Sciences,6,Present
46376,20,Male,Engineering,4,70.42,14.3,SES-2015,2023-11-09,Business,2,Present
46376,20,Male,Engineering,4,70.42,14.3,SES-2007,2024-06-09,Education,7,Present
46375,25,Male,Engineering,4,70.42,14.3,SES-2020,2024-03-27,Computer Science,4,Present
46375,25,Female,Social Sciences,5,76.36,13.6,SES-2036,2024-02-12,Education,4,Present
46375,25,Female,Social Sciences,5,76.36,13.6,SES-2006,2024-03-25,Education,5,Absent
46375,25,Female,Social Sciences,5,76.36,13.6,SES-2030,2024-05-13,Business,7,Present
46374,17,Female,Social Sciences,5,76.36,13.6,SES-2022,2024-06-03,Education,7,Absent
46374,17,Male,Business,1,66.42,9.2,SES-2019,2024-06-21,Engineering,7,Present
46374,17,Male,Business,1,66.42,9.2,SES-2046,2024-02-11,Computer Science,4,Absent
46373,23,Male,Business,1,66.42,9.2,SES-2020,2024-03-27,Computer Science,4,Present
46373,23,Male,Computer Science,6,82.33,12.4,SES-2045,2024-07-04,Education,8,Present
46373,23,Male,Computer Science,6,82.33,12.4,SES-2032,2023-11-25,Social Sciences,2,Present
46368,21,Male,Computer Science,8,55.46,4.3,SES-2011,2023-11-03,Engineering,2,Present
46368,21,Male,Computer Science,8,55.46,4.3,SES-2005,2024-05-15,Engineering,7,Present
46366,20,Male,Social Sciences,5,61.78,7.5,SES-2008,2024-03-04,Computer Science,4,Present
46365,20,Male,Social Sciences,5,61.78,7.5,SES-2014,2024-03-28,Education,5,Present
46365,20,Male,Social Sciences,5,61.78,7.5,SES-2028,2024-06-25,Computer Science,8,Present
46365,20,Male,Social Sciences,5,61.78,7.5,SES-2043,2024-05-18,Education,7,Present
46365,20,Female,Engineering,6,76.24,10.5,SES-2036,2024-02-12,Education,4,Present
46363,21,Female,Education,7,86.19,6.3,SES-2006,2024-03-25,Education,5,Present
46363,21,Female,Education,7,86.19,6.3,SES-2014,2024-03-28,Education,5,Present
46363,21,Female,Education,7,86.19,6.3,SES-2017,2024-03-23,Computer Science,4,Present
46361,21,Male,Computer Science,5,68.0,5.6,SES-2012,2024-04-19,Education,5,Present
46361,21,Male,Computer Science,5,68.0,5.6,SES-2048,2023-09-03,Computer Science,1,Absent
46360,21,Male,Computer Science,5,68.0,5.6,SES-2020,2024-03-27,Computer Science,4,Present
46360,21,Male,Computer Science,5,68.0,5.6,SES-2015,2023-11-09,Business,2,Present
46360,21,Male,Computer Science,5,68.0,5.6,SES-2006,2024-03-25,Education,5,Present
46359,25,Male,Computer Science,5,79.73,9.5,SES-2038,2023-11-27,Social Sciences,2,Absent
46359,25,Male,Computer Science,5,79.73,9.5,SES-2005,2024-05-15,Engineering,7,Present
46358,19,Male,Business,2,76.54,7.5,SES-2009,2024-05-12,Social Sciences,7,Present
46358,19,Male,Business,2,76.54,7.5,SES-2035,2023-11-28,Social Sciences,3,Absent
46355,20,Male,Business,2,75.7,11.6,SES-2046,2024-02-11,Computer Science,4,Present
46355,20,Male,Engineering,8,43.96,7.9,SES-2044,2024-04-22,Social Sciences,5,Present
46355,20,Male,Engineering,8,43.96,7.9,SES-2017,2024-03-23,Computer Science,4,Absent
46355,20,Female,Engineering,5,55.1,7.6,SES-2006,2024-03-25,Education,5,Absent
46347,22,Female,Computer Science,4,54.65,8.2,SES-2041,2023-10-05,Business,2,Present
46347,22,Female,Computer Science,4,54.65,8.2,SES-2012,2024-04-19,Education,5,Present
46347,22,Female,Computer Science,4,54.65,8.2,SES-2024,2024-06-05,Social Sciences,7,Present
46347,22,Female,Computer Science,4,54.65,8.2,SES-2029,2023-10-21,Education,2,Present
46346,20,Male,Business,4,79.04,10.5,SES-2006,2024-03-25,Education,5,Present
46346,20,Male,Business,4,79.04,10.5,SES-2027,2024-04-05,Engineering,6,Present
46346,20,Male,Business,4,79.04,10.5,SES-2045,2024-07-04,Education,8,Present
46343,21,Male,Computer Science,2,56.28,11.9,SES-2001,2024-02-05,Computer Science,4,Present
46342,17,Male,Computer Science,2,56.28,11.9,SES-2034,2024-06-24,Social Sciences,8,Present
46342,17,Male,Business,7,46.77,3.7,SES-2007,2024-06-09,Education,7,Absent
46342,17,Male,Computer Science,4,45.23,5.2,SES-2030,2024-05-13,Business,7,Present
46342,17,Male,Computer Science,4,45.23,5.2,SES-2029,2023-10-21,Education,2,Absent
46342,17,Male,Computer Science,4,45.23,5.2,SES-2049,2024-04-17,Education,6,Absent
46342,17,Male,Computer Science,4,45.23,5.2,SES-2012,2024-04-19,Education,5,Absent
46341,21,Male,Computer Science,4,45.23,5.2,SES-2001,2024-02-05,Computer Science,4,Absent
46341,21,Female,Engineering,5,57.1,11.4,SES-2039,2024-02-08,Engineering,4,Absent
46341,21,Female,Engineering,5,57.1,11.4,SES-2022,2024-06-03,Education,7,Present
46340,20,Female,Engineering,5,57.1,11.4,SES-2033,2023-11-14,Education,2,Present
46339,23,Male,Computer Science,1,55.48,11.4,SES-2022,2024-06-03,Education,7,Present
46339,23,Male,Computer Science,1,55.48,11.4,SES-2025,2023-11-24,Engineering,3,Present
46339,23,Male,Computer Science,1,55.48,11.4,SES-2047,2024-02-01,Computer Science,4,Present
46339,23,Male,Computer Science,1,55.48,11.4,SES-2007,2024-06-09,Education,7,Present
46333,21,Female,Computer Science,2,63.77,8.3,SES-2027,2024-04-05,Engineering,6,Absent
46332,21,Female,Computer Science,2,63.77,8.3,SES-2007,2024-06-09,Education,7,Present
46332,21,Female,Computer Science,2,63.77,8.3,SES-2006,2024-03-25,Education,5,Present
46331,21,Male,Computer Science,8,80.68,13.5,SES-2026,2024-04-19,Business,5,Present
46331,21,Male,Computer Science,8,80.68,13.5,SES-2047,2024-02-01,Computer Science,4,Present
46331,21,Male,Engineering,4,82.8,10.6,SES-2011,2023-11-03,Engineering,2,Present
46328,21,Male,Computer Science,5,75.33,5.7,SES-2008,2024-03-04,Computer Science,4,Present
46327,17,Male,Computer Science,5,75.33,5.7,SES-2003,2023-10-08,Engineering,2,Present
46327,17,Male,Computer Science,5,75.33,5.7,SES-2032,2023-11-25,Social Sciences,2,Present
46326,25,Male,Engineering,8,55.21,11.8,SES-2048,2023-09-03,Computer Science,1,Present
46326,25,Male,Engineering,8,55.21,11.8,SES-2047,2024-02-01,Computer Science,4,Present
46326,25,Male,Engineering,8,55.21,11.8,SES-2044,2024-04-22,Social Sciences,5,Present
46324,20,Male,Social Sciences,1,78.1,12.0,SES-2014,2024-03-28,Education,5,Present
46324,20,Male,Social Sciences,1,78.1,12.0,SES-2049,2024-04-17,Education,6,Present
46324,20,Female,Business,6,74.4,8.3,SES-2022,2024-06-03,Education,7,Absent
46324,20,Female,Business,6,74.4,8.3,SES-2032,2023-11-25,Social Sciences,2,Present
46321,18,Female,Engineering,1,71.13,8.7,SES-2010,2024-03-24,Business,5,Present
46321,18,Female,Engineering,1,71.13,8.7,SES-2005,2024-05-15,Engineering,7,Present
46319,23,Female,Education,1,69.91,7.6,SES-2043,2024-05-18,Education,7,Present
46319,23,Female,Education,1,69.91,7.6,SES-2021,2024-02-26,Social Sciences,4,Present
46316,23,Female,Business,2,84.24,9.7,SES-2020,2024-03-27,Computer Science,4,Present
46316,23,Female,Engineering,2,60.63,7.5,SES-2006,2024-03-25,Education,5,Present
46316,23,Female,Engineering,2,60.63,7.5,SES-2021,2024-02-26,Social Sciences,4,Present
46316,23,Female,Engineering,2,60.63,7.5,SES-2034,2024-06-24,Social Sciences,8,Absent
46315,18,Male,Computer Science,4,82.54,14.9,SES-2048,2023-09-03,Computer Science,1,Present
46315,18,Male,Computer Science,2,63.83,9.5,SES-2017,2024-03-23,Computer Science,4,Absent
46314,21,Male,Computer Science,2,63.83,9.5,SES-2023,2024-04-21,Business,6,Present
46314,21,Male,Computer Science,2,63.83,9.5,SES-2042,2023-12-17,Engineering,3,Present
46314,21,Male,Computer Science,2,63.83,9.5,SES-2016,2024-04-12,Social Sciences,6,Present
46313,19,Female,Business,3,89.18,5.8,SES-2019,2024-06-21,Engineering,7,Present
46310,20,Male,Education,6,59.94,11.1,SES-2039,2024-02-08,Engineering,4,Present
46310,20,Male,Education,6,59.94,11.1,SES-2004,2023-09-23,Engineering,1,Present
46310,20,Male,Education,6,59.94,11.1,SES-2023,2024-04-21,Business,6,Present
46310,20,Male,Education,6,59.94,11.1,SES-2005,2024-05-15,Engineering,7,Present
46310,20,Male,Education,6,59.94,11.1,SES-2011,2023-11-03,Engineering,2,Absent
46309,17,Male,Computer Science,1,70.98,12.6,SES-2025,2023-11-24,Engineering,3,Absent
46309,17,Male,Computer Science,1,70.98,12.6,SES-2045,2024-07-04,Education,8,Present
46309,17,Male,Computer Science,1,70.98,12.6,SES-2046,2024-02-11,Computer Science,4,Present
46309,17,Male,Computer Science,1,70.98,12.6,SES-2015,2023-11-09,Business,2,Present
46305,22,Female,Business,8,65.42,9.8,SES-2030,2024-05-13,Business,7,Present
46305,22,Female,Business,8,65.42,9.8,SES-2046,2024-02-11,Computer Science,4,Present
46305,22,Female,Social Sciences,7,84.61,11.6,SES-2012,2024-04-19,Education,5,Present
46304,21,Female,Social Sciences,7,84.61,11.6,SES-2002,2023-11-02,Computer Science,2,Present
46304,21,Female,Social Sciences,7,84.61,11.6,SES-2038,2023-11-27,Social Sciences,2,Present
46304,21,Female,Social Sciences,7,84.61,11.6,SES-2011,2023-11-03,Engineering,2,Present
46304,21,Female,Engineering,5,72.53,13.6,SES-2031,2024-07-18,Computer Science,8,Present
46304,21,Male,Engineering,2,48.56,8.4,SES-2018,2023-11-06,Business,3,Absent
46304,21,Male,Engineering,2,48.56,8.4,SES-2013,2023-10-22,Education,2,Absent
46303,23,Male,Engineering,2,48.56,8.4,SES-2014,2024-03-28,Education,5,Absent
46303,23,Male,Engineering,2,48.56,8.4,SES-2030,2024-05-13,Business,7,Absent
46299,20,Female,Education,7,53.61,5.4,SES-2035,2023-11-28,Social Sciences,3,Absent
46299,20,Male,Education,4,74.99,10.9,SES-2043,2024-05-18,Education,7,Present
46299,20,Male,Education,4,74.99,10.9,SES-2012,2024-04-19,Education,5,Present
46299,20,Female,Computer Science,3,58.65,3.8,SES-2047,2024-02-01,Computer Science,4,Absent
46299,20,Female,Computer Science,3,58.65,3.8,SES-2003,2023-10-08,Engineering,2,Absent
46298,23,Female,Computer Science,3,58.65,3.8,SES-2029,2023-10-21,Education,2,Present
46298,23,Female,Computer Science,3,58.65,3.8,SES-2025,2023-11-24,Engineering,3,Present
46298,23,Female,Computer Science,3,58.65,3.8,SES-2006,2024-03-25,Education,5,Absent
46295,21,Male,Computer Science,7,53.5,5.3,SES-2021,2024-02-26,Social Sciences,4,Present
46295,21,Male,Computer Science,7,53.5,5.3,SES-2025,2023-11-24,Engineering,3,Absent
46294,21,Male,Computer Science,7,53.5,5.3,SES-2040,2023-10-24,Business,2,Present
46293,21,Male,Computer Science,7,53.5,5.3,SES-2039,2024-02-08,Engineering,4,Present
46293,21,Male,Computer Science,7,53.5,5.3,SES-2013,2023-10-22,Education,2,Present
46290,23,Male,Education,6,66.45,6.9,SES-2025,2023-11-24,Engineering,3,Present
46290,23,Male,Education,6,66.45,6.9,SES-2011,2023-11-03,Engineering,2,Present
46290,23,Male,Education,6,66.45,6.9,SES-2007,2024-06-09,Education,7,Present
46289,21,Male,Education,6,66.45,6.9,SES-2044,2024-04-22,Social Sciences,5,Present
46289,21,Male,Education,6,66.45,6.9,SES-2023,2024-04-21,Business,6,Present
46284,20,Female,Computer Science,7,78.56,5.3,SES-2036,2024-02-12,Education,4,Present
46284,20,Female,Education,5,72.69,7.0,SES-2034,2024-06-24,Social Sciences,8,Absent
46283,21,Female,Education,5,72.69,7.0,SES-2027,2024-04-05,Engineering,6,Present
46283,21,Female,Education,5,72.69,7.0,SES-2025,2023-11-24,Engineering,3,Present
46283,21,Female,Education,5,72.69,7.0,SES-2022,2024-06-03,Education,7,Present
46276,20,Female,Engineering,1,78.0,12.2,SES-2034,2024-06-24,Social Sciences,8,Absent
46276,20,Female,Engineering,1,78.0,12.2,SES-2038,2023-11-27,Social Sciences,2,Present
46274,21,Male,Education,4,73.45,9.6,SES-2028,2024-06-25,Computer Science,8,Present
46272,19,Female,Engineering,5,74.57,10.0,SES-2011,2023-11-03,Engineering,2,Absent
46272,19,Male,Business,3,85.42,9.1,SES-2023,2024-04-21,Business,6,Present
46272,19,Female,Engineering,4,77.26,6.2,SES-2047,2024-02-01,Computer Science,4,Present
46271,23,Female,Engineering,4,77.26,6.2,SES-2040,2023-10-24,Business,2,Present
46271,23,Female,Engineering,4,77.26,6.2,SES-2043,2024-05-18,Education,7,Present
46271,23,Female,Engineering,4,77.26,6.2,SES-2012,2024-04-19,Education,5,Present
46270,21,Female,Business,6,61.05,7.4,SES-2002,2023-11-02,Computer Science,2,Present
46268,24,Female,Business,6,61.05,7.4,SES-2019,2024-06-21,Engineering,7,Present
46268,24,Female,Business,6,61.05,7.4,SES-2030,2024-05-13,Business,7,Present
46268,24,Female,Business,6,61.05,7.4,SES-2011,2023-11-03,Engineering,2,Absent
46268,24,Female,Business,6,61.05,7.4,SES-2010,2024-03-24,Business,5,Absent
46264,18,Male,Business,5,64.23,3.0,SES-2005,2024-05-15,Engineering,7,Absent
46264,18,Male,Business,5,64.23,3.0,SES-2028,2024-06-25,Computer Science,8,Absent
46263,18,Male,Business,5,64.23,3.0,SES-2049,2024-04-17,Education,6,Present
46262,17,Male,Computer Science,5,78.46,10.5,SES-2014,2024-03-28,Education,5,Present
46261,19,Male,Computer Science,5,78.46,10.5,SES-2004,2023-09-23,Engineering,1,Present
46261,19,Male,Computer Science,5,78.46,10.5,SES-2037,2023-10-16,Computer Science,1,Present
46261,19,Male,Computer Science,5,78.46,10.5,SES-2000,2023-10-24,Social Sciences,2,Present
46260,20,Female,Social Sciences,3,60.2,13.3,SES-2038,2023-11-27,Social Sciences,2,Present
46260,20,Female,Social Sciences,3,60.2,13.3,SES-2017,2024-03-23,Computer Science,4,Present
46260,20,Female,Social Sciences,3,60.2,13.3,SES-2042,2023-12-17,Engineering,3,Present
46259,26,Male,Engineering,4,47.54,10.2,SES-2029,2023-10-21,Education,2,Absent
46255,17,Male,Engineering,6,65.42,7.9,SES-2014,2024-03-28,Education,5,Absent
46255,17,Male,Engineering,6,65.42,7.9,SES-2041,2023-10-05,Business,2,Present
46255,17,Male,Engineering,6,65.42,7.9,SES-2049,2024-04-17,Education,6,Present
46254,18,Male,Engineering,4,42.96,8.2,SES-2046,2024-02-11,Computer Science,4,Absent
46253,20,Male,Engineering,4,42.96,8.2,SES-2005,2024-05-15,Engineering,7,Present
46253,20,Male,Engineering,4,42.96,8.2,SES-2009,2024-05-12,Social Sciences,7,Absent
46251,21,Male,Computer Science,5,59.79,9.3,SES-2034,2024-06-24,Social Sciences,8,Present
46251,21,Male,Computer Science,5,59.79,9.3,SES-2005,2024-05-15,Engineering,7,Present
46244,21,Male,Business,8,70.38,7.6,SES-2009,2024-05-12,Social Sciences,7,Present
46244,21,Male,Business,8,70.38,7.6,SES-2031,2024-07-18,Computer Science,8,Present
46243,19,Male,Business,8,70.38,7.6,SES-2020,2024-03-27,Computer Science,4,Absent
46241,19,Female,Education,3,79.58,15.8,SES-2048,2023-09-03,Computer Science,1,Present
46241,19,Female,Education,3,79.58,15.8,SES-2011,2023-11-03,Engineering,2,Present
46241,19,Female,Education,3,79.58,15.8,SES-2001,2024-02-05,Computer Science,4,Absent
46240,20,Female,Education,3,79.58,15.8,SES-2042,2023-12-17,Engineering,3,Present
46238,20,Male,Engineering,2,66.28,6.9,SES-2037,2023-10-16,Computer Science,1,Present
46238,20,Male,Engineering,2,66.28,6.9,SES-2010,2024-03-24,Business,5,Present
46237,23,Male,Engineering,2,66.28,6.9,SES-2015,2023-11-09,Business,2,Absent
46237,23,Male,Engineering,2,66.28,6.9,SES-2017,2024-03-23,Computer Science,4,Present
46236,21,Male,Engineering,2,66.28,6.9,SES-2027,2024-04-05,Engineering,6,Present
46233,18,Male,Engineering,3,55.13,5.5,SES-2016,2024-04-12,Social Sciences,6,Present
46233,18,Male,Engineering,3,55.13,5.5,SES-2023,2024-04-21,Business,6,Present
46233,18,Male,Engineering,3,55.13,5.5,SES-2009,2024-05-12,Social Sciences,7,Present
46233,18,Female,Social Sciences,2,74.96,8.3,SES-2033,2023-11-14,Education,2,Present
46232,22,Male,Social Sciences,4,66.01,6.0,SES-2043,2024-05-18,Education,7,Present
46232,22,Male,Social Sciences,4,66.01,6.0,SES-2028,2024-06-25,Computer Science,8,Present
46231,21,Male,Social Sciences,4,66.01,6.0,SES-2015,2023-11-09,Business,2,Present
46231,21,Female,Engineering,6,88.47,8.6,SES-2033,2023-11-14,Education,2,Present
46231,21,Female,Engineering,6,88.47,8.6,SES-2005,2024-05-15,Engineering,7,Present
46230,22,Male,Engineering,8,67.44,8.2,SES-2012,2024-04-19,Education,5,Present
46230,22,Male,Engineering,8,67.44,8.2,SES-2034,2024-06-24,Social Sciences,8,Present
46230,22,Male,Engineering,8,67.44,8.2,SES-2024,2024-06-05,Social Sciences,7,Present
46230,22,Male,Computer Science,8,75.83,6.9,SES-2035,2023-11-28,Social Sciences,3,Present
46230,22,Male,Computer Science,8,75.83,6.9,SES-2040,2023-10-24,Business,2,Present
46229,18,Male,Computer Science,8,75.83,6.9,SES-2038,2023-11-27,Social Sciences,2,Present
46229,18,Male,Computer Science,8,75.83,6.9,SES-2029,2023-10-21,Education,2,Present
46229,18,Female,Education,4,39.32,3.3,SES-2006,2024-03-25,Education,5,Absent
46228,23,Female,Education,4,39.32,3.3,SES-2027,2024-04-05,Engineering,6,Absent
46228,23,Female,Education,4,39.32,3.3,SES-2003,2023-10-08,Engineering,2,Absent
46228,23,Female,Education,4,39.32,3.3,SES-2022,2024-06-03,Education,7,Absent
46228,23,Male,Education,6,84.69,10.2,SES-2047,2024-02-01,Computer Science,4,Absent
46227,21,Male,Education,6,84.69,10.2,SES-2049,2024-04-17,Education,6,Present
46227,21,Male,Education,6,84.69,10.2,SES-2043,2024-05-18,Education,7,Present
46227,21,Male,Education,6,84.69,10.2,SES-2035,2023-11-28,Social Sciences,3,Present
46227,21,Male,Education,6,84.69,10.2,SES-2007,2024-06-09,Education,7,Present
46226,22,Female,Business,8,86.55,13.0,SES-2031,2024-07-18,Computer Science,8,Present
46226,22,Female,Business,8,86.55,13.0,SES-2008,2024-03-04,Computer Science,4,Present
46225,25,Female,Business,8,86.55,13.0,SES-2035,2023-11-28,Social Sciences,3,Present
46225,25,Female,Business,8,86.55,13.0,SES-2040,2023-10-24,Business,2,Present
46225,25,Male,Education,1,55.16,7.1,SES-2049,2024-04-17,Education,6,Present
46224,22,Male,Education,1,55.16,7.1,SES-2048,2023-09-03,Computer Science,1,Present
46224,22,Male,Education,1,55.16,7.1,SES-2033,2023-11-14,Education,2,Present
46224,22,Male,Computer Science,6,46.85,11.0,SES-2003,2023-10-08,Engineering,2,Absent
46224,22,Male,Computer Science,6,46.85,11.0,SES-2049,2024-04-17,Education,6,Absent
46224,22,Male,Computer Science,6,46.85,11.0,SES-2015,2023-11-09,Business,2,Absent
46223,20,Male,Social Sciences,5,92.66,12.6,SES-2037,2023-10-16,Computer Science,1,Present
46223,20,Male,Social Sciences,5,92.66,12.6,SES-2028,2024-06-25,Computer Science,8,Absent
46218,20,Female,Social Sciences,7,42.2,7.3,SES-2015,2023-11-09,Business,2,Absent
46216,17,Female,Social Sciences,7,42.2,7.3,SES-2031,2024-07-18,Computer Science,8,Absent
46216,17,Female,Social Sciences,7,42.2,7.3,SES-2012,2024-04-19,Education,5,Absent
46215,20,Male,Engineering,4,52.22,11.0,SES-2027,2024-04-05,Engineering,6,Absent
46212,20,Female,Business,6,58.76,12.7,SES-2019,2024-06-21,Engineering,7,Absent
46212,20,Female,Business,6,58.76,12.7,SES-2033,2023-11-14,Education,2,Present
46212,20,Female,Business,6,43.26,3.6,SES-2048,2023-09-03,Computer Science,1,Present
46212,20,Female,Business,6,43.26,3.6,SES-2001,2024-02-05,Computer Science,4,Absent
46210,24,Male,Business,6,72.44,10.0,SES-2048,2023-09-03,Computer Science,1,Present
46210,24,Male,Business,6,72.44,10.0,SES-2010,2024-03-24,Business,5,Present
46210,24,Male,Business,6,72.44,10.0,SES-2047,2024-02-01,Computer Science,4,Present
46209,20,Male,Business,6,72.44,10.0,SES-2023,2024-04-21,Business,6,Present
46204,24,Male,Education,2,64.59,12.7,SES-2046,2024-02-11,Computer Science,4,Present
46204,24,Male,Education,2,64.59,12.7,SES-2035,2023-11-28,Social Sciences,3,Present
46202,21,Male,Business,2,53.82,9.0,SES-2031,2024-07-18,Computer Science,8,Present
46202,21,Male,Business,2,53.82,9.0,SES-2013,2023-10-22,Education,2,Present
46198,20,Male,Computer Science,5,78.56,4.3,SES-2030,2024-05-13,Business,7,Absent
46198,20,Male,Computer Science,5,78.56,4.3,SES-2047,2024-02-01,Computer Science,4,Present
46197,22,Male,Computer Science,5,78.56,4.3,SES-2036,2024-02-12,Education,4,Absent
46197,22,Male,Computer Science,5,78.56,4.3,SES-2022,2024-06-03,Education,7,Absent
46197,22,Male,Business,8,85.6,4.1,SES-2028,2024-06-25,Computer Science,8,Absent
46197,22,Male,Business,8,85.6,4.1,SES-2030,2024-05-13,Business,7,Absent
46197,22,Male,Business,8,85.6,4.1,SES-2001,2024-02-05,Computer Science,4,Absent
46190,21,Male,Engineering,1,76.86,10.9,SES-2031,2024-07-18,Computer Science,8,Present
46190,21,Male,Engineering,1,76.86,10.9,SES-2019,2024-06-21,Engineering,7,Present
46188,20,Male,Social Sciences,7,58.8,10.2,SES-2012,2024-04-19,Education,5,Present
46188,20,Male,Social Sciences,6,73.43,10.9,SES-2026,2024-04-19,Business,5,Present
46188,20,Male,Social Sciences,6,73.43,10.9,SES-2001,2024-02-05,Computer Science,4,Present
46188,20,Female,Engineering,6,74.22,9.9,SES-2009,2024-05-12,Social Sciences,7,Present
46188,20,Male,Business,8,86.93,11.2,SES-2014,2024-03-28,Education,5,Present
46187,23,Male,Business,8,86.93,11.2,SES-2040,2023-10-24,Business,2,Present
46179,20,Male,Social Sciences,7,74.23,12.7,SES-2039,2024-02-08,Engineering,4,Absent
46177,21,Male,Education,2,84.95,6.3,SES-2039,2024-02-08,Engineering,4,Present
46176,19,Male,Education,2,84.95,6.3,SES-2015,2023-11-09,Business,2,Present
46175,17,Male,Education,2,84.95,6.3,SES-2040,2023-10-24,Business,2,Present
46175,17,Male,Education,2,84.95,6.3,SES-2000,2023-10-24,Social Sciences,2,Present
46175,17,Male,Education,2,84.95,6.3,SES-2003,2023-10-08,Engineering,2,Present
46169,21,Male,Social Sciences,5,63.12,13.9,SES-2023,2024-04-21,Business,6,Present
46169,21,Male,Social Sciences,5,63.12,13.9,SES-2028,2024-06-25,Computer Science,8,Present
46169,21,Male,Computer Science,8,82.15,12.9,SES-2030,2024-05-13,Business,7,Present
46169,21,Male,Social Sciences,6,61.46,4.9,SES-2045,2024-07-04,Education,8,Present
46169,21,Female,Social Sciences,1,52.86,9.1,SES-2049,2024-04-17,Education,6,Present
46169,21,Female,Social Sciences,1,52.86,9.1,SES-2045,2024-07-04,Education,8,Present
46169,21,Female,Social Sciences,1,52.86,9.1,SES-2012,2024-04-19,Education,5,Present
46168,17,Female,Social Sciences,1,52.86,9.1,SES-2011,2023-11-03,Engineering,2,Present
46167,24,Female,Engineering,7,61.75,9.0,SES-2045,2024-07-04,Education,8,Present
46167,24,Female,Engineering,7,61.75,9.0,SES-2030,2024-05-13,Business,7,Present
46167,24,Female,Engineering,7,61.75,9.0,SES-2019,2024-06-21,Engineering,7,Present
46166,20,Female,Engineering,7,61.75,9.0,SES-2015,2023-11-09,Business,2,Present
46164,20,Male,Engineering,5,77.94,10.5,SES-2014,2024-03-28,Education,5,Present
46164,20,Male,Engineering,5,77.94,10.5,SES-2031,2024-07-18,Computer Science,8,Present
46164,20,Male,Engineering,5,77.94,10.5,SES-2010,2024-03-24,Business,5,Present
46164,20,Male,Engineering,5,77.94,10.5,SES-2038,2023-11-27,Social Sciences,2,Present
46164,20,Female,Computer Science,1,66.4,4.3,SES-2036,2024-02-12,Education,4,Absent
46163,20,Female,Computer Science,1,66.4,4.3,SES-2000,2023-10-24,Social Sciences,2,Absent
46163,20,Female,Computer Science,1,66.4,4.3,SES-2023,2024-04-21,Business,6,Present
46163,20,Female,Computer Science,1,66.4,4.3,SES-2003,2023-10-08,Engineering,2,Absent
46162,21,Female,Computer Science,1,66.4,4.3,SES-2038,2023-11-27,Social Sciences,2,Absent
46162,21,Male,Engineering,7,74.2,12.8,SES-2023,2024-04-21,Business,6,Present
46162,21,Male,Engineering,7,74.2,12.8,SES-2020,2024-03-27,Computer Science,4,Present
46162,21,Male,Engineering,7,74.2,12.8,SES-2004,2023-09-23,Engineering,1,Present
46160,22,Female,Engineering,2,77.29,6.0,SES-2002,2023-11-02,Computer Science,2,Present
46160,22,Female,Engineering,6,89.89,14.2,SES-2020,2024-03-27,Computer Science,4,Present
46160,22,Female,Engineering,6,89.89,14.2,SES-2004,2023-09-23,Engineering,1,Present
46157,18,Female,Education,2,63.91,8.6,SES-2036,2024-02-12,Education,4,Present
46157,18,Male,Computer Science,2,67.5,15.4,SES-2026,2024-04-19,Business,5,Present
46154,20,Female,Social Sciences,1,65.59,11.1,SES-2016,2024-04-12,Social Sciences,6,Absent
46154,20,Female,Computer Science,2,70.11,7.5,SES-2028,2024-06-25,Computer Science,8,Absent
46149,20,Female,Education,1,63.17,6.1,SES-2030,2024-05-13,Business,7,Present
46149,20,Female,Education,1,63.17,6.1,SES-2023,2024-04-21,Business,6,Present
46149,20,Female,Education,1,63.17,6.1,SES-2028,2024-06-25,Computer Science,8,Present
46149,20,Female,Education,1,63.17,6.1,SES-2011,2023-11-03,Engineering,2,Present
46148,19,Female,Computer Science,2,41.97,4.6,SES-2037,2023-10-16,Computer Science,1,Present
46148,19,Female,Computer Science,2,41.97,4.6,SES-2027,2024-04-05,Engineering,6,Absent
46148,19,Female,Computer Science,2,41.97,4.6,SES-2029,2023-10-21,Education,2,Absent
46147,19,Male,Computer Science,6,62.86,10.3,SES-2031,2024-07-18,Computer Science,8,Present
46146,19,Male,Computer Science,6,62.86,10.3,SES-2009,2024-05-12,Social Sciences,7,Present
46145,23,Male,Computer Science,6,62.86,10.3,SES-2029,2023-10-21,Education,2,Present
46145,23,Male,Computer Science,6,62.86,10.3,SES-2006,2024-03-25,Education,5,Absent
46145,23,Male,Computer Science,6,62.86,10.3,SES-2000,2023-10-24,Social Sciences,2,Absent
46144,21,Male,Business,3,74.7,9.0,SES-2033,2023-11-14,Education,2,Present
46139,23,Male,Business,3,74.7,9.0,SES-2037,2023-10-16,Computer Science,1,Present
46139,23,Male,Business,3,74.7,9.0,SES-2047,2024-02-01,Computer Science,4,Present
46137,20,Female,Education,1,65.87,11.6,SES-2039,2024-02-08,Engineering,4,Present
46137,20,Female,Education,1,65.87,11.6,SES-2010,2024-03-24,Business,5,Present
46137,20,Female,Education,1,65.87,11.6,SES-2001,2024-02-05,Computer Science,4,Present
46137,20,Male,Computer Science,4,54.14,5.7,SES-2020,2024-03-27,Computer Science,4,Present
46136,21,Male,Computer Science,4,54.14,5.7,SES-2032,2023-11-25,Social Sciences,2,Present
46133,22,Female,Social Sciences,4,80.89,7.0,SES-2022,2024-06-03,Education,7,Present
46133,22,Female,Social Sciences,4,80.89,7.0,SES-2014,2024-03-28,Education,5,Present
46133,22,Female,Social Sciences,4,80.89,7.0,SES-2003,2023-10-08,Engineering,2,Present
46132,25,Female,Social Sciences,4,80.89,7.0,SES-2031,2024-07-18,Computer Science,8,Present
46132,25,Female,Social Sciences,4,80.89,7.0,SES-2010,2024-03-24,Business,5,Present
46131,27,Male,Social Sciences,3,70.87,8.4,SES-2047,2024-02-01,Computer Science,4,Present
46131,27,Male,Social Sciences,3,70.87,8.4,SES-2011,2023-11-03,Engineering,2,Present
46131,27,Male,Social Sciences,3,70.87,8.4,SES-2021,2024-02-26,Social Sciences,4,Present
46127,19,Female,Computer Science,5,66.65,10.1,SES-2021,2024-02-26,Social Sciences,4,Present
46127,19,Female,Computer Science,5,66.65,10.1,SES-2040,2023-10-24,Business,2,Present
46125,20,Female,Computer Science,3,77.4,10.5,SES-2015,2023-11-09,Business,2,Present
46124,24,Female,Computer Science,3,77.4,10.5,SES-2011,2023-11-03,Engineering,2,Present
46124,24,Male,Education,2,87.14,9.8,SES-2012,2024-04-19,Education,5,Present
46124,24,Male,Education,2,87.14,9.8,SES-2030,2024-05-13,Business,7,Present
46123,22,Male,Education,2,87.14,9.8,SES-2036,2024-02-12,Education,4,Present
46123,22,Female,Computer Science,7,60.1,4.7,SES-2022,2024-06-03,Education,7,Absent
46123,22,Female,Computer Science,7,60.1,4.7,SES-2043,2024-05-18,Education,7,Absent
46123,22,Female,Computer Science,7,60.1,4.7,SES-2024,2024-06-05,Social Sciences,7,Absent
46121,22,Male,Social Sciences,7,75.55,12.6,SES-2018,2023-11-06,Business,3,Present
46121,22,Male,Social Sciences,7,75.55,12.6,SES-2011,2023-11-03,Engineering,2,Present
46121,22,Male,Social Sciences,7,75.55,12.6,SES-2027,2024-04-05,Engineering,6,Present
46120,20,Male,Social Sciences,7,75.55,12.6,SES-2006,2024-03-25,Education,5,Present
46117,22,Male,Computer Science,2,60.03,4.4,SES-2032,2023-11-25,Social Sciences,2,Present
46117,22,Male,Computer Science,2,60.03,4.4,SES-2014,2024-03-28,Education,5,Absent
46117,22,Male,Computer Science,2,60.03,4.4,SES-2030,2024-05-13,Business,7,Absent
46117,22,Male,Computer Science,2,60.03,4.4,SES-2048,2023-09-03,Computer Science,1,Absent
46117,22,Female,Engineering,3,77.62,6.1,SES-2044,2024-04-22,Social Sciences,5,Present
46117,22,Female,Engineering,3,77.62,6.1,SES-2017,2024-03-23,Computer Science,4,Present
46116,21,Female,Engineering,3,77.62,6.1,SES-2034,2024-06-24,Social Sciences,8,Present
46116,21,Female,Engineering,3,77.62,6.1,SES-2011,2023-11-03,Engineering,2,Present
46116,21,Male,Business,3,83.46,10.1,SES-2005,2024-05-15,Engineering,7,Absent
46115,18,Male,Business,3,83.46,10.1,SES-2012,2024-04-19,Education,5,Present
46115,18,Male,Business,3,83.46,10.1,SES-2039,2024-02-08,Engineering,4,Present
46115,18,Male,Business,3,83.46,10.1,SES-2003,2023-10-08,Engineering,2,Present
46115,18,Male,Business,3,83.46,10.1,SES-2031,2024-07-18,Computer Science,8,Absent
46115,18,Female,Business,3,78.17,8.3,SES-2001,2024-02-05,Computer Science,4,Present
46113,19,Female,Business,3,78.17,8.3,SES-2036,2024-02-12,Education,4,Present
46109,17,Male,Computer Science,3,48.52,6.4,SES-2007,2024-06-09,Education,7,Absent
46106,24,Male,Education,6,54.81,3.9,SES-2046,2024-02-11,Computer Science,4,Absent
46106,24,Male,Education,6,54.81,3.9,SES-2002,2023-11-02,Computer Science,2,Present
46106,24,Male,Education,6,54.81,3.9,SES-2008,2024-03-04,Computer Science,4,Absent
46106,24,Male,Education,6,54.81,3.9,SES-2000,2023-10-24,Social Sciences,2,Absent
46106,24,Female,Social Sciences,7,65.66,9.1,SES-2030,2024-05-13,Business,7,Present
46105,19,Female,Social Sciences,7,65.66,9.1,SES-2049,2024-04-17,Education,6,Absent
46105,19,Female,Social Sciences,7,65.66,9.1,SES-2036,2024-02-12,Education,4,Absent
46105,19,Female,Social Sciences,7,65.66,9.1,SES-2046,2024-02-11,Computer Science,4,Present
46104,22,Female,Engineering,4,61.71,10.0,SES-2013,2023-10-22,Education,2,Present
46096,19,Male,Social Sciences,8,76.69,9.0,SES-2013,2023-10-22,Education,2,Absent
46095,19,Male,Social Sciences,8,76.69,9.0,SES-2022,2024-06-03,Education,7,Absent
46088,19,Female,Engineering,4,71.42,13.2,SES-2048,2023-09-03,Computer Science,1,Absent
46088,19,Female,Engineering,4,71.42,13.2,SES-2025,2023-11-24,Engineering,3,Present
46088,19,Female,Business,4,60.56,5.1,SES-2019,2024-06-21,Engineering,7,Present
46087,26,Male,Computer Science,4,76.23,14.7,SES-2000,2023-10-24,Social Sciences,2,Present
46087,26,Male,Computer Science,4,76.23,14.7,SES-2028,2024-06-25,Computer Science,8,Present
46087,26,Male,Business,4,82.14,11.7,SES-2014,2024-03-28,Education,5,Present
46087,26,Male,Business,4,82.14,11.7,SES-2027,2024-04-05,Engineering,6,Present
46086,20,Male,Business,4,82.14,11.7,SES-2012,2024-04-19,Education,5,Absent
46086,20,Male,Business,4,82.14,11.7,SES-2026,2024-04-19,Business,5,Present
46086,20,Male,Business,4,82.14,11.7,SES-2017,2024-03-23,Computer Science,4,Present
46086,20,Female,Computer Science,2,48.4,8.6,SES-2000,2023-10-24,Social Sciences,2,Absent
46085,20,Female,Computer Science,2,48.4,8.6,SES-2005,2024-05-15,Engineering,7,Present
46085,20,Male,Business,2,62.46,8.4,SES-2022,2024-06-03,Education,7,Present
46085,20,Male,Business,2,62.46,8.4,SES-2005,2024-05-15,Engineering,7,Absent
46084,19,Female,Education,1,68.98,7.4,SES-2006,2024-03-25,Education,5,Present
46084,19,Female,Education,1,68.98,7.4,SES-2034,2024-06-24,Social Sciences,8,Absent
46084,19,Female,Education,1,68.98,7.4,SES-2033,2023-11-14,Education,2,Present
46083,21,Female,Education,1,68.98,7.4,SES-2021,2024-02-26,Social Sciences,4,Present
46083,21,Female,Business,2,49.24,10.7,SES-2046,2024-02-11,Computer Science,4,Absent
46083,21,Female,Business,2,49.24,10.7,SES-2017,2024-03-23,Computer Science,4,Absent
46083,21,Female,Business,2,49.24,10.7,SES-2045,2024-07-04,Education,8,Absent
46083,21,Female,Business,2,49.24,10.7,SES-2028,2024-06-25,Computer Science,8,Absent
46076,19,Male,Computer Science,2,53.49,6.0,SES-2017,2024-03-23,Computer Science,4,Absent
46075,17,Male,Computer Science,2,53.49,6.0,SES-2020,2024-03-27,Computer Science,4,Present
46075,17,Male,Computer Science,2,53.49,6.0,SES-2008,2024-03-04,Computer Science,4,Present
46075,17,Male,Computer Science,2,53.49,6.0,SES-2037,2023-10-16,Computer Science,1,Present
46068,18,Female,Social Sciences,6,87.97,6.3,SES-2049,2024-04-17,Education,6,Present
46068,18,Female,Engineering,3,59.49,8.8,SES-2034,2024-06-24,Social Sciences,8,Present
46068,18,Female,Engineering,3,59.49,8.8,SES-2046,2024-02-11,Computer Science,4,Present
46068,18,Female,Engineering,3,59.49,8.8,SES-2032,2023-11-25,Social Sciences,2,Present
46066,22,Female,Computer Science,2,50.95,5.7,SES-2031,2024-07-18,Computer Science,8,Present
46065,18,Female,Computer Science,2,50.95,5.7,SES-2013,2023-10-22,Education,2,Present
46062,21,Male,Computer Science,3,70.92,9.8,SES-2015,2023-11-09,Business,2,Present
46061,20,Male,Computer Science,3,70.92,9.8,SES-2049,2024-04-17,Education,6,Present
46061,20,Male,Computer Science,3,70.92,9.8,SES-2009,2024-05-12,Social Sciences,7,Present
46061,20,Male,Engineering,1,41.58,8.4,SES-2006,2024-03-25,Education,5,Absent
46059,23,Male,Social Sciences,3,87.23,10.5,SES-2013,2023-10-22,Education,2,Present
46057,19,Female,Business,5,73.92,7.8,SES-2046,2024-02-11,Computer Science,4,Present
46057,19,Female,Business,5,73.92,7.8,SES-2017,2024-03-23,Computer Science,4,Present
46057,19,Female,Education,5,51.22,12.9,SES-2002,2023-11-02,Computer Science,2,Present
46056,19,Female,Education,5,51.22,12.9,SES-2034,2024-06-24,Social Sciences,8,Present
46055,22,Female,Education,5,51.22,12.9,SES-2020,2024-03-27,Computer Science,4,Present
46054,22,Female,Engineering,4,86.59,13.2,SES-2007,2024-06-09,Education,7,Absent
46054,22,Female,Engineering,4,86.59,13.2,SES-2013,2023-10-22,Education,2,Present
46054,22,Female,Engineering,4,86.59,13.2,SES-2028,2024-06-25,Computer Science,8,Present
46053,20,Female,Education,5,85.28,6.9,SES-2042,2023-12-17,Engineering,3,Present
46053,20,Female,Education,5,85.28,6.9,SES-2038,2023-11-27,Social Sciences,2,Present
46053,20,Female,Education,5,85.28,6.9,SES-2009,2024-05-12,Social Sciences,7,Present
46052,25,Female,Education,5,85.28,6.9,SES-2017,2024-03-23,Computer Science,4,Present
46051,21,Female,Social Sciences,1,67.34,6.6,SES-2046,2024-02-11,Computer Science,4,Present
46051,21,Female,Social Sciences,1,67.34,6.6,SES-2033,2023-11-14,Education,2,Absent
46051,21,Female,Social Sciences,1,67.34,6.6,SES-2049,2024-04-17,Education,6,Present
46051,21,Female,Social Sciences,1,67.34,6.6,SES-2015,2023-11-09,Business,2,Present
46048,25,Female,Computer Science,3,77.3,10.2,SES-2045,2024-07-04,Education,8,Present
46048,25,Female,Computer Science,3,77.3,10.2,SES-2041,2023-10-05,Business,2,Present
46048,25,Male,Business,3,67.94,5.4,SES-2038,2023-11-27,Social Sciences,2,Present
46046,21,Male,Business,3,67.94,5.4,SES-2034,2024-06-24,Social Sciences,8,Present
46046,21,Male,Business,2,56.1,8.2,SES-2006,2024-03-25,Education,5,Present
46045,23,Male,Education,2,51.06,13.1,SES-2041,2023-10-05,Business,2,Present
46045,23,Male,Education,2,51.06,13.1,SES-2002,2023-11-02,Computer Science,2,Present
46045,23,Male,Social Sciences,4,75.53,10.4,SES-2028,2024-06-25,Computer Science,8,Present
46045,23,Male,Social Sciences,4,75.53,10.4,SES-2044,2024-04-22,Social Sciences,5,Present
46043,23,Female,Social Sciences,2,71.25,13.7,SES-2031,2024-07-18,Computer Science,8,Present
46040,23,Female,Engineering,1,51.08,6.4,SES-2014,2024-03-28,Education,5,Present
46040,23,Female,Engineering,1,51.08,6.4,SES-2040,2023-10-24,Business,2,Absent
46039,23,Male,Business,2,63.78,1.4,SES-2027,2024-04-05,Engineering,6,Absent
46039,23,Male,Business,2,63.78,1.4,SES-2003,2023-10-08,Engineering,2,Absent
46039,23,Male,Business,2,63.78,1.4,SES-2011,2023-11-03,Engineering,2,Absent
46035,20,Male,Education,1,72.67,13.7,SES-2002,2023-11-02,Computer Science,2,Present
46035,20,Male,Education,1,72.67,13.7,SES-2031,2024-07-18,Computer Science,8,Present
46034,20,Male,Education,1,72.67,13.7,SES-2009,2024-05-12,Social Sciences,7,Present
46033,17,Male,Education,1,72.67,13.7,SES-2025,2023-11-24,Engineering,3,Present
46031,20,Male,Computer Science,5,53.37,5.5,SES-2031,2024-07-18,Computer Science,8,Present
46031,20,Male,Engineering,4,68.58,11.0,SES-2013,2023-10-22,Education,2,Present
46027,20,Female,Engineering,1,55.63,8.3,SES-2037,2023-10-16,Computer Science,1,Present
46027,20,Female,Engineering,1,55.63,8.3,SES-2043,2024-05-18,Education,7,Present
46027,20,Female,Engineering,1,55.63,8.3,SES-2033,2023-11-14,Education,2,Present
46024,20,Female,Engineering,1,55.63,8.3,SES-2042,2023-12-17,Engineering,3,Present
46024,20,Female,Engineering,2,43.43,5.1,SES-2024,2024-06-05,Social Sciences,7,Present
46017,22,Female,Social Sciences,7,70.74,8.6,SES-2047,2024-02-01,Computer Science,4,Present
46016,19,Female,Social Sciences,7,70.74,8.6,SES-2039,2024-02-08,Engineering,4,Present
46016,19,Female,Social Sciences,7,70.74,8.6,SES-2037,2023-10-16,Computer Science,1,Present
46016,19,Female,Social Sciences,7,70.74,8.6,SES-2035,2023-11-28,Social Sciences,3,Absent
46013,18,Male,Engineering,8,62.42,2.7,SES-2019,2024-06-21,Engineering,7,Absent
46013,18,Male,Engineering,8,62.42,2.7,SES-2027,2024-04-05,Engineering,6,Present
46013,18,Male,Engineering,8,62.42,2.7,SES-2010,2024-03-24,Business,5,Absent
46013,18,Male,Computer Science,4,65.19,12.5,SES-2012,2024-04-19,Education,5,Present
46011,18,Male,Computer Science,4,65.19,12.5,SES-2019,2024-06-21,Engineering,7,Present
46011,18,Male,Computer Science,4,65.19,12.5,SES-2002,2023-11-02,Computer Science,2,Present
46011,18,Male,Social Sciences,5,70.13,10.2,SES-2018,2023-11-06,Business,3,Present
46010,22,Male,Social Sciences,5,70.13,10.2,SES-2045,2024-07-04,Education,8,Present
46006,23,Female,Education,2,65.86,11.3,SES-2027,2024-04-05,Engineering,6,Absent
46004,21,Female,Education,2,65.86,11.3,SES-2049,2024-04-17,Education,6,Present
46004,21,Female,Education,2,65.86,11.3,SES-2040,2023-10-24,Business,2,Present
46003,23,Female,Education,2,65.86,11.3,SES-2033,2023-11-14,Education,2,Present
46003,23,Female,Education,2,65.86,11.3,SES-2047,2024-02-01,Computer Science,4,Present
46003,23,Male,Education,3,59.79,10.5,SES-2049,2024-04-17,Education,6,Present
46002,24,Male,Education,3,59.79,10.5,SES-2030,2024-05-13,Business,7,Present
46002,24,Male,Education,3,59.79,10.5,SES-2004,2023-09-23,Engineering,1,Present
46001,18,Female,Computer Science,2,68.25,13.3,SES-2020,2024-03-27,Computer Science,4,Present
46000,25,Female,Computer Science,2,68.25,13.3,SES-2048,2023-09-03,Computer Science,1,Present
46000,25,Female,Computer Science,2,68.25,13.3,SES-2004,2023-09-23,Engineering,1,Present
46000,25,Female,Computer Science,2,68.25,13.3,SES-2015,2023-11-09,Business,2,Present
46000,25,Female,Computer Science,2,68.25,13.3,SES-2007,2024-06-09,Education,7,Present
46000,25,Female,Engineering,7,68.39,9.4,SES-2006,2024-03-25,Education,5,Present
45999,20,Female,Engineering,7,68.39,9.4,SES-2048,2023-09-03,Computer Science,1,Present
45999,20,Female,Engineering,7,68.39,9.4,SES-2024,2024-06-05,Social Sciences,7,Present
45999,20,Male,Computer Science,2,71.81,6.5,SES-2044,2024-04-22,Social Sciences,5,Present
45999,20,Male,Computer Science,2,71.81,6.5,SES-2000,2023-10-24,Social Sciences,2,Present
45994,23,Male,Engineering,4,52.11,12.4,SES-2001,2024-02-05,Computer Science,4,Present
45994,23,Female,Social Sciences,6,81.15,12.8,SES-2047,2024-02-01,Computer Science,4,Present
45994,23,Female,Social Sciences,6,81.15,12.8,SES-2010,2024-03-24,Business,5,Present
45993,23,Female,Social Sciences,6,81.15,12.8,SES-2023,2024-04-21,Business,6,Present
45993,23,Male,Business,1,81.59,13.8,SES-2025,2023-11-24,Engineering,3,Present
45993,23,Female,Computer Science,8,65.62,4.3,SES-2045,2024-07-04,Education,8,Absent
45993,23,Female,Computer Science,8,65.62,4.3,SES-2006,2024-03-25,Education,5,Absent
45993,23,Female,Computer Science,8,65.62,4.3,SES-2039,2024-02-08,Engineering,4,Absent
45992,22,Female,Computer Science,8,65.62,4.3,SES-2013,2023-10-22,Education,2,Absent
45992,22,Male,Engineering,5,55.54,10.9,SES-2025,2023-11-24,Engineering,3,Present
45991,24,Male,Engineering,5,55.54,10.9,SES-2007,2024-06-09,Education,7,Absent
45991,24,Male,Engineering,5,55.54,10.9,SES-2009,2024-05-12,Social Sciences,7,Present
45991,24,Male,Engineering,5,55.54,10.9,SES-2034,2024-06-24,Social Sciences,8,Present
45991,24,Male,Engineering,5,55.54,10.9,SES-2046,2024-02-11,Computer Science,4,Absent
45989,26,Female,Computer Science,5,53.5,6.3,SES-2014,2024-03-28,Education,5,Present
45989,26,Female,Computer Science,5,53.5,6.3,SES-2019,2024-06-21,Engineering,7,Present
45989,26,Male,Computer Science,7,66.58,6.3,SES-2000,2023-10-24,Social Sciences,2,Absent
45984,20,Male,Education,2,55.36,11.2,SES-2027,2024-04-05,Engineering,6,Present
45984,20,Male,Education,2,55.36,11.2,SES-2018,2023-11-06,Business,3,Absent
45984,20,Male,Education,2,59.02,0.0,SES-2008,2024-03-04,Computer Science,4,Absent
45983,21,Male,Education,2,59.02,0.0,SES-2012,2024-04-19,Education,5,Present
45983,21,Male,Social Sciences,6,66.04,13.0,SES-2031,2024-07-18,Computer Science,8,Present
45982,20,Male,Business,1,34.85,3.5,SES-2045,2024-07-04,Education,8,Absent
45982,20,Male,Business,1,34.85,3.5,SES-2044,2024-04-22,Social Sciences,5,Absent
45982,20,Male,Business,1,34.85,3.5,SES-2039,2024-02-08,Engineering,4,Absent
45982,20,Male,Business,1,34.85,3.5,SES-2018,2023-11-06,Business,3,Present
45982,20,Male,Computer Science,6,65.36,12.1,SES-2046,2024-02-11,Computer Science,4,Absent
45981,22,Male,Computer Science,6,65.36,12.1,SES-2047,2024-02-01,Computer Science,4,Present
45981,22,Female,Engineering,4,64.68,10.5,SES-2017,2024-03-23,Computer Science,4,Absent
45981,22,Female,Engineering,4,64.68,10.5,SES-2032,2023-11-25,Social Sciences,2,Absent
45981,22,Female,Engineering,4,64.68,10.5,SES-2012,2024-04-19,Education,5,Present
45979,20,Male,Engineering,1,70.5,10.0,SES-2029,2023-10-21,Education,2,Present
45977,23,Female,Computer Science,8,65.51,9.2,SES-2036,2024-02-12,Education,4,Absent
45977,23,Female,Computer Science,8,65.51,9.2,SES-2040,2023-10-24,Business,2,Absent
45975,21,Male,Social Sciences,2,74.07,12.9,SES-2034,2024-06-24,Social Sciences,8,Absent
45975,21,Male,Social Sciences,2,74.07,12.9,SES-2031,2024-07-18,Computer Science,8,Present
45975,21,Male,Social Sciences,2,74.07,12.9,SES-2032,2023-11-25,Social Sciences,2,Present
45975,21,Female,Education,7,70.82,7.5,SES-2007,2024-06-09,Education,7,Present
45974,22,Female,Education,7,70.82,7.5,SES-2016,2024-04-12,Social Sciences,6,Present
45973,25,Female,Education,7,70.82,7.5,SES-2040,2023-10-24,Business,2,Present
45973,25,Female,Education,7,70.82,7.5,SES-2005,2024-05-15,Engineering,7,Present
45971,18,Male,Computer Science,7,46.67,4.8,SES-2046,2024-02-11,Computer Science,4,Absent
45971,18,Male,Computer Science,7,46.67,4.8,SES-2003,2023-10-08,Engineering,2,Absent
45971,18,Male,Computer Science,7,46.67,4.8,SES-2036,2024-02-12,Education,4,Absent
45968,23,Female,Social Sciences,7,82.13,5.7,SES-2043,2024-05-18,Education,7,Present
45968,23,Male,Engineering,3,57.57,5.8,SES-2036,2024-02-12,Education,4,Present
45966,21,Male,Engineering,3,57.57,5.8,SES-2031,2024-07-18,Computer Science,8,Present
45965,20,Male,Engineering,3,57.57,5.8,SES-2011,2023-11-03,Engineering,2,Absent
45964,20,Female,Computer Science,3,76.51,9.0,SES-2009,2024-05-12,Social Sciences,7,Present
45963,20,Male,Social Sciences,6,70.49,6.6,SES-2016,2024-04-12,Social Sciences,6,Present
45961,20,Female,Business,6,75.21,5.7,SES-2027,2024-04-05,Engineering,6,Present
45959,19,Female,Social Sciences,1,63.23,3.1,SES-2031,2024-07-18,Computer Science,8,Absent
45959,19,Female,Social Sciences,1,63.23,3.1,SES-2013,2023-10-22,Education,2,Absent
45959,19,Female,Engineering,7,66.53,5.1,SES-2041,2023-10-05,Business,2,Present
45958,22,Female,Engineering,7,66.53,5.1,SES-2039,2024-02-08,Engineering,4,Present
45958,22,Female,Engineering,7,66.53,5.1,SES-2017,2024-03-23,Computer Science,4,Present
45958,22,Female,Engineering,7,66.53,5.1,SES-2028,2024-06-25,Computer Science,8,Present
45955,21,Female,Business,4,62.4,7.7,SES-2028,2024-06-25,Computer Science,8,Absent
45955,21,Female,Business,4,62.4,7.7,SES-2020,2024-03-27,Computer Science,4,Present
45953,21,Female,Business,4,62.4,7.7,SES-2035,2023-11-28,Social Sciences,3,Present
45953,21,Male,Education,1,68.9,9.5,SES-2026,2024-04-19,Business,5,Present
45953,21,Male,Computer Science,2,82.04,2.1,SES-2014,2024-03-28,Education,5,Absent
45952,23,Male,Computer Science,2,82.04,2.1,SES-2030,2024-05-13,Business,7,Absent
45952,23,Male,Computer Science,2,82.04,2.1,SES-2037,2023-10-16,Computer Science,1,Absent
45950,20,Male,Computer Science,2,82.04,2.1,SES-2004,2023-09-23,Engineering,1,Absent
45950,20,Male,Computer Science,2,82.04,2.1,SES-2041,2023-10-05,Business,2,Present
45948,18,Male,Education,1,59.78,10.3,SES-2001,2024-02-05,Computer Science,4,Present
45948,18,Male,Education,1,59.78,10.3,SES-2023,2024-04-21,Business,6,Present
45947,23,Male,Education,1,59.78,10.3,SES-2025,2023-11-24,Engineering,3,Present
45946,26,Female,Business,8,71.02,7.9,SES-2022,2024-06-03,Education,7,Present
45946,26,Female,Business,8,71.02,7.9,SES-2038,2023-11-27,Social Sciences,2,Absent
45946,26,Female,Business,8,71.02,7.9,SES-2030,2024-05-13,Business,7,Present
45946,26,Male,Education,5,59.05,10.2,SES-2030,2024-05-13,Business,7,Present
45943,19,Male,Computer Science,1,62.27,11.0,SES-2023,2024-04-21,Business,6,Present
45943,19,Male,Computer Science,4,68.81,9.5,SES-2012,2024-04-19,Education,5,Present
45943,19,Male,Computer Science,4,68.81,9.5,SES-2038,2023-11-27,Social Sciences,2,Present
45939,24,Male,Computer Science,8,75.34,13.0,SES-2030,2024-05-13,Business,7,Present
45939,24,Male,Computer Science,8,75.34,13.0,SES-2021,2024-02-26,Social Sciences,4,Present
45935,20,Male,Social Sciences,2,64.34,5.6,SES-2028,2024-06-25,Computer Science,8,Present
45933,19,Male,Social Sciences,2,64.34,5.6,SES-2004,2023-09-23,Engineering,1,Absent
45933,19,Male,Social Sciences,2,64.34,5.6,SES-2001,2024-02-05,Computer Science,4,Present
45933,19,Male,Social Sciences,2,64.34,5.6,SES-2013,2023-10-22,Education,2,Present
45930,17,Female,Computer Science,1,57.85,6.2,SES-2037,2023-10-16,Computer Science,1,Absent
45930,17,Female,Computer Science,1,57.85,6.2,SES-2047,2024-02-01,Computer Science,4,Present
45930,17,Female,Computer Science,1,57.85,6.2,SES-2001,2024-02-05,Computer Science,4,Present
45930,17,Female,Computer Science,1,57.85,6.2,SES-2042,2023-12-17,Engineering,3,Present
45930,17,Male,Computer Science,6,91.3,13.6,SES-2029,2023-10-21,Education,2,Present
45929,19,Male,Computer Science,6,91.3,13.6,SES-2048,2023-09-03,Computer Science,1,Present
45929,19,Male,Computer Science,6,91.3,13.6,SES-2022,2024-06-03,Education,7,Absent
45929,19,Male,Business,5,65.9,11.1,SES-2047,2024-02-01,Computer Science,4,Present
45927,20,Female,Business,3,76.04,4.5,SES-2031,2024-07-18,Computer Science,8,Absent
45919,21,Female,Business,6,75.83,11.9,SES-2016,2024-04-12,Social Sciences,6,Present
45916,24,Female,Computer Science,5,55.41,5.5,SES-2026,2024-04-19,Business,5,Absent
45914,18,Female,Computer Science,5,55.41,5.5,SES-2010,2024-03-24,Business,5,Present
45913,20,Female,Computer Science,5,55.41,5.5,SES-2016,2024-04-12,Social Sciences,6,Present
45912,22,Female,Education,5,53.44,14.0,SES-2016,2024-04-12,Social Sciences,6,Present
45912,22,Female,Education,5,53.44,14.0,SES-2041,2023-10-05,Business,2,Present
45911,20,Female,Education,5,53.44,14.0,SES-2026,2024-04-19,Business,5,Absent
45911,20,Female,Social Sciences,1,62.4,4.4,SES-2048,2023-09-03,Computer Science,1,Absent
45911,20,Female,Social Sciences,1,62.4,4.4,SES-2001,2024-02-05,Computer Science,4,Present
45911,20,Female,Social Sciences,1,62.4,4.4,SES-2008,2024-03-04,Computer Science,4,Absent
45909,18,Female,Engineering,4,74.15,9.0,SES-2019,2024-06-21,Engineering,7,Present
45908,22,Female,Engineering,4,74.15,9.0,SES-2033,2023-11-14,Education,2,Present
45907,21,Female,Social Sciences,5,45.51,6.7,SES-2028,2024-06-25,Computer Science,8,Absent
45907,21,Female,Social Sciences,5,45.51,6.7,SES-2040,2023-10-24,Business,2,Absent
45906,24,Female,Education,6,49.73,5.5,SES-2012,2024-04-19,Education,5,Absent
45906,24,Female,Education,6,49.73,5.5,SES-2040,2023-10-24,Business,2,Present
45903,24,Female,Engineering,6,43.07,5.8,SES-2047,2024-02-01,Computer Science,4,Absent
45902,22,Female,Engineering,6,43.07,5.8,SES-2021,2024-02-26,Social Sciences,4,Absent
45901,21,Female,Engineering,6,43.07,5.8,SES-2041,2023-10-05,Business,2,Absent
45896,24,Female,Business,8,60.97,9.0,SES-2004,2023-09-23,Engineering,1,Absent
45895,20,Male,Engineering,5,72.59,12.2,SES-2028,2024-06-25,Computer Science,8,Present
45895,20,Male,Engineering,5,72.59,12.2,SES-2024,2024-06-05,Social Sciences,7,Present
45894,18,Male,Engineering,5,72.59,12.2,SES-2013,2023-10-22,Education,2,Present
45893,22,Male,Engineering,5,72.59,12.2,SES-2033,2023-11-14,Education,2,Present
45893,22,Male,Computer Science,8,60.63,7.3,SES-2045,2024-07-04,Education,8,Present
45893,22,Male,Business,1,62.97,10.8,SES-2021,2024-02-26,Social Sciences,4,Present
45893,22,Male,Business,1,62.97,10.8,SES-2025,2023-11-24,Engineering,3,Present
45893,22,Male,Business,1,62.97,10.8,SES-2028,2024-06-25,Computer Science,8,Present
45893,22,Male,Engineering,3,67.5,7.5,SES-2042,2023-12-17,Engineering,3,Present
45890,22,Female,Engineering,6,75.77,8.6,SES-2041,2023-10-05,Business,2,Present
45889,18,Female,Engineering,6,75.77,8.6,SES-2038,2023-11-27,Social Sciences,2,Present
45887,23,Female,Engineering,6,75.77,8.6,SES-2022,2024-06-03,Education,7,Present
45887,23,Female,Engineering,6,75.77,8.6,SES-2013,2023-10-22,Education,2,Present
45887,23,Female,Engineering,6,75.77,8.6,SES-2017,2024-03-23,Computer Science,4,Present
45881,19,Female,Business,4,82.8,10.4,SES-2013,2023-10-22,Education,2,Present
45880,22,Male,Social Sciences,5,73.26,12.0,SES-2000,2023-10-24,Social Sciences,2,Present
45880,22,Male,Social Sciences,5,73.26,12.0,SES-2017,2024-03-23,Computer Science,4,Present
45880,22,Male,Social Sciences,5,73.26,12.0,SES-2031,2024-07-18,Computer Science,8,Present
45880,22,Male,Social Sciences,4,58.5,6.0,SES-2019,2024-06-21,Engineering,7,Absent
45878,22,Male,Social Sciences,4,58.5,6.0,SES-2024,2024-06-05,Social Sciences,7,Present
45878,22,Male,Social Sciences,4,58.5,6.0,SES-2005,2024-05-15,Engineering,7,Present
45878,22,Female,Engineering,7,58.58,11.3,SES-2021,2024-02-26,Social Sciences,4,Absent
45878,22,Female,Engineering,7,58.58,11.3,SES-2031,2024-07-18,Computer Science,8,Present
45877,23,Female,Engineering,2,59.83,11.4,SES-2038,2023-11-27,Social Sciences,2,Present
45877,23,Male,Education,2,54.92,6.0,SES-2005,2024-05-15,Engineering,7,Present
45877,23,Male,Education,2,54.92,6.0,SES-2014,2024-03-28,Education,5,Present
45873,22,Male,Business,6,72.6,8.9,SES-2045,2024-07-04,Education,8,Present
45872,22,Male,Business,6,72.6,8.9,SES-2004,2023-09-23,Engineering,1,Absent
45872,22,Male,Business,6,72.6,8.9,SES-2049,2024-04-17,Education,6,Present
45872,22,Male,Business,6,72.6,8.9,SES-2022,2024-06-03,Education,7,Present
45870,23,Male,Education,8,36.89,10.3,SES-2023,2024-04-21,Business,6,Present
45870,23,Male,Education,8,36.89,10.3,SES-2022,2024-06-03,Education,7,Absent
45867,20,Female,Social Sciences,4,44.78,8.3,SES-2045,2024-07-04,Education,8,Present
45867,20,Female,Social Sciences,4,44.78,8.3,SES-2049,2024-04-17,Education,6,Present
45866,24,Female,Social Sciences,4,44.78,8.3,SES-2005,2024-05-15,Engineering,7,Absent
45866,24,Male,Social Sciences,2,55.92,7.7,SES-2010,2024-03-24,Business,5,Absent
45866,24,Male,Social Sciences,2,55.92,7.7,SES-2019,2024-06-21,Engineering,7,Present
45866,24,Male,Social Sciences,2,55.92,7.7,SES-2022,2024-06-03,Education,7,Present
45866,24,Male,Business,1,59.86,11.1,SES-2047,2024-02-01,Computer Science,4,Present
45865,21,Male,Business,1,59.86,11.1,SES-2007,2024-06-09,Education,7,Present
45863,21,Male,Business,8,60.54,12.5,SES-2006,2024-03-25,Education,5,Present
45861,20,Female,Education,2,31.25,3.7,SES-2044,2024-04-22,Social Sciences,5,Absent
45861,20,Female,Education,2,31.25,3.7,SES-2009,2024-05-12,Social Sciences,7,Absent
45860,21,Female,Education,2,31.25,3.7,SES-2022,2024-06-03,Education,7,Absent
45860,21,Female,Social Sciences,2,46.01,6.9,SES-2028,2024-06-25,Computer Science,8,Present
45860,21,Female,Social Sciences,2,46.01,6.9,SES-2008,2024-03-04,Computer Science,4,Absent
45854,19,Male,Social Sciences,2,74.31,5.4,SES-2012,2024-04-19,Education,5,Present
45853,20,Male,Social Sciences,2,74.31,5.4,SES-2024,2024-06-05,Social Sciences,7,Present
45852,22,Male,Social Sciences,2,74.31,5.4,SES-2026,2024-04-19,Business,5,Present
45850,22,Male,Computer Science,3,84.04,11.3,SES-2009,2024-05-12,Social Sciences,7,Present
45849,17,Female,Business,6,72.43,8.8,SES-2049,2024-04-17,Education,6,Absent
45848,25,Female,Social Sciences,3,58.92,9.3,SES-2014,2024-03-28,Education,5,Present
45848,25,Female,Social Sciences,3,58.92,9.3,SES-2024,2024-06-05,Social Sciences,7,Present
45847,23,Female,Social Sciences,3,58.92,9.3,SES-2015,2023-11-09,Business,2,Present
45847,23,Female,Engineering,5,56.65,6.4,SES-2003,2023-10-08,Engineering,2,Present
45846,21,Male,Education,1,54.42,8.3,SES-2031,2024-07-18,Computer Science,8,Present
45841,22,Male,Business,2,58.22,9.7,SES-2012,2024-04-19,Education,5,Present
45840,24,Female,Social Sciences,3,69.46,6.3,SES-2036,2024-02-12,Education,4,Present
45839,22,Female,Social Sciences,3,69.46,6.3,SES-2010,2024-03-24,Business,5,Present
45839,22,Female,Computer Science,1,92.43,4.4,SES-2025,2023-11-24,Engineering,3,Absent
45839,22,Female,Computer Science,1,92.43,4.4,SES-2019,2024-06-21,Engineering,7,Absent
45838,21,Female,Computer Science,1,92.43,4.4,SES-2023,2024-04-21,Business,6,Absent
45838,21,Female,Computer Science,1,92.43,4.4,SES-2005,2024-05-15,Engineering,7,Absent
45838,21,Female,Computer Science,1,92.43,4.4,SES-2041,2023-10-05,Business,2,Absent
45838,21,Male,Engineering,8,35.77,3.6,SES-2022,2024-06-03,Education,7,Absent
45836,21,Female,Business,7,78.33,7.9,SES-2030,2024-05-13,Business,7,Present
45836,21,Female,Business,7,78.33,7.9,SES-2029,2023-10-21,Education,2,Present
45836,21,Female,Business,7,78.33,7.9,SES-2011,2023-11-03,Engineering,2,Present
45834,23,Female,Education,6,68.21,7.8,SES-2020,2024-03-27,Computer Science,4,Present
45831,20,Female,Computer Science,4,87.4,7.1,SES-2001,2024-02-05,Computer Science,4,Present
45831,20,Female,Computer Science,4,87.4,7.1,SES-2045,2024-07-04,Education,8,Present
45831,20,Female,Computer Science,4,87.4,7.1,SES-2041,2023-10-05,Business,2,Present
45831,20,Male,Education,5,75.55,3.3,SES-2026,2024-04-19,Business,5,Absent
45829,22,Male,Education,5,75.55,3.3,SES-2046,2024-02-11,Computer Science,4,Present
45829,22,Male,Computer Science,4,47.52,8.0,SES-2029,2023-10-21,Education,2,Absent
45829,22,Male,Computer Science,4,47.52,8.0,SES-2040,2023-10-24,Business,2,Present
45829,22,Male,Education,2,50.47,7.5,SES-2046,2024-02-11,Computer Science,4,Present
45828,21,Male,Computer Science,6,82.1,10.8,SES-2029,2023-10-21,Education,2,Present
45828,21,Male,Computer Science,6,82.1,10.8,SES-2006,2024-03-25,Education,5,Absent
45828,21,Male,Computer Science,6,82.1,10.8,SES-2030,2024-05-13,Business,7,Absent
45828,21,Female,Computer Science,1,68.31,12.9,SES-2022,2024-06-03,Education,7,Present
45827,20,Female,Computer Science,1,68.31,12.9,SES-2011,2023-11-03,Engineering,2,Present
45818,23,Male,Computer Science,1,62.43,11.0,SES-2007,2024-06-09,Education,7,Present
45816,24,Male,Computer Science,1,62.43,11.0,SES-2005,2024-05-15,Engineering,7,Present
45815,21,Male,Computer Science,1,62.43,11.0,SES-2012,2024-04-19,Education,5,Present
45815,21,Male,Computer Science,1,62.43,11.0,SES-2014,2024-03-28,Education,5,Present
45815,21,Male,Education,2,72.08,9.2,SES-2038,2023-11-27,Social Sciences,2,Absent
45814,22,Male,Education,2,72.08,9.2,SES-2019,2024-06-21,Engineering,7,Present
45814,22,Male,Education,2,72.08,9.2,SES-2002,2023-11-02,Computer Science,2,Present
45814,22,Male,Education,2,72.08,9.2,SES-2029,2023-10-21,Education,2,Present
45812,20,Male,Business,3,67.44,6.1,SES-2011,2023-11-03,Engineering,2,Present
45812,20,Male,Business,3,67.44,6.1,SES-2040,2023-10-24,Business,2,Present
45812,20,Male,Business,3,67.44,6.1,SES-2039,2024-02-08,Engineering,4,Present
45809,18,Female,Education,5,73.83,9.1,SES-2026,2024-04-19,Business,5,Present
45809,18,Female,Education,5,73.83,9.1,SES-2002,2023-11-02,Computer Science,2,Present
45809,18,Male,Engineering,4,54.1,10.6,SES-2009,2024-05-12,Social Sciences,7,Present
45799,20,Female,Computer Science,1,52.57,8.3,SES-2031,2024-07-18,Computer Science,8,Present
45798,25,Male,Social Sciences,6,71.19,9.5,SES-2040,2023-10-24,Business,2,Present
45797,21,Female,Business,4,77.19,6.4,SES-2040,2023-10-24,Business,2,Absent
45797,21,Female,Business,4,77.19,6.4,SES-2016,2024-04-12,Social Sciences,6,Absent
45792,20,Male,Education,6,62.42,11.0,SES-2016,2024-04-12,Social Sciences,6,Present
45791,20,Male,Education,6,62.42,11.0,SES-2047,2024-02-01,Computer Science,4,Present
45791,20,Male,Education,6,62.42,11.0,SES-2042,2023-12-17,Engineering,3,Present
45788,21,Male,Education,6,62.42,11.0,SES-2031,2024-07-18,Computer Science,8,Present
45788,21,Male,Education,6,62.42,11.0,SES-2015,2023-11-09,Business,2,Present
45788,21,Female,Engineering,7,67.39,6.1,SES-2033,2023-11-14,Education,2,Absent
45788,21,Female,Engineering,7,67.39,6.1,SES-2037,2023-10-16,Computer Science,1,Present
45788,21,Female,Engineering,7,67.39,6.1,SES-2001,2024-02-05,Computer Science,4,Present
45786,19,Female,Engineering,7,67.39,6.1,SES-2024,2024-06-05,Social Sciences,7,Absent
45786,19,Female,Business,3,85.78,12.5,SES-2018,2023-11-06,Business,3,Present
45786,19,Female,Business,3,85.78,12.5,SES-2031,2024-07-18,Computer Science,8,Absent
45786,19,Female,Business,3,85.78,12.5,SES-2010,2024-03-24,Business,5,Present
45786,19,Female,Business,3,85.78,12.5,SES-2045,2024-07-04,Education,8,Present
45786,19,Female,Computer Science,7,75.13,5.9,SES-2007,2024-06-09,Education,7,Present
45785,21,Female,Computer Science,7,75.13,5.9,SES-2010,2024-03-24,Business,5,Present
45785,21,Female,Computer Science,7,75.13,5.9,SES-2029,2023-10-21,Education,2,Present
45784,20,Male,Education,5,48.7,7.1,SES-2042,2023-12-17,Engineering,3,Absent
45781,20,Female,Education,3,61.88,12.8,SES-2041,2023-10-05,Business,2,Present
45781,20,Female,Education,3,61.88,12.8,SES-2006,2024-03-25,Education,5,Present
45781,20,Male,Engineering,1,52.5,7.7,SES-2043,2024-05-18,Education,7,Present
45780,19,Male,Engineering,1,52.5,7.7,SES-2046,2024-02-11,Computer Science,4,Present
45780,19,Male,Computer Science,1,77.03,7.2,SES-2020,2024-03-27,Computer Science,4,Present
45780,19,Male,Education,2,55.23,11.1,SES-2009,2024-05-12,Social Sciences,7,Absent
45780,19,Male,Education,2,55.23,11.1,SES-2015,2023-11-09,Business,2,Present
45780,19,Male,Education,2,55.23,11.1,SES-2023,2024-04-21,Business,6,Present
45777,21,Female,Education,2,76.36,13.1,SES-2017,2024-03-23,Computer Science,4,Present
45777,21,Female,Education,2,76.36,13.1,SES-2048,2023-09-03,Computer Science,1,Absent
45777,21,Female,Education,2,76.36,13.1,SES-2049,2024-04-17,Education,6,Present
45776,18,Male,Social Sciences,3,72.11,7.4,SES-2038,2023-11-27,Social Sciences,2,Present
45776,18,Male,Social Sciences,3,72.11,7.4,SES-2023,2024-04-21,Business,6,Absent
45775,20,Male,Social Sciences,3,72.11,7.4,SES-2000,2023-10-24,Social Sciences,2,Present
45774,22,Male,Social Sciences,3,72.11,7.4,SES-2044,2024-04-22,Social Sciences,5,Absent
45774,22,Male,Social Sciences,3,72.11,7.4,SES-2030,2024-05-13,Business,7,Present
45768,21,Female,Engineering,1,57.49,10.8,SES-2036,2024-02-12,Education,4,Present
45768,21,Male,Social Sciences,8,59.09,10.2,SES-2008,2024-03-04,Computer Science,4,Present
45768,21,Male,Social Sciences,8,59.09,10.2,SES-2042,2023-12-17,Engineering,3,Present
45766,19,Male,Computer Science,3,61.08,11.9,SES-2020,2024-03-27,Computer Science,4,Present
45765,18,Male,Computer Science,3,61.08,11.9,SES-2010,2024-03-24,Business,5,Present
45765,18,Male,Computer Science,3,61.08,11.9,SES-2004,2023-09-23,Engineering,1,Present
45765,18,Male,Computer Science,3,61.08,11.9,SES-2028,2024-06-25,Computer Science,8,Present
45761,21,Male,Computer Science,2,79.7,10.1,SES-2036,2024-02-12,Education,4,Present
45755,20,Female,Engineering,6,54.6,11.7,SES-2027,2024-04-05,Engineering,6,Present
45755,20,Female,Engineering,6,54.6,11.7,SES-2021,2024-02-26,Social Sciences,4,Present
45755,20,Female,Engineering,6,54.6,11.7,SES-2004,2023-09-23,Engineering,1,Present
45751,22,Female,Engineering,6,54.6,11.7,SES-2009,2024-05-12,Social Sciences,7,Present
45750,17,Male,Engineering,5,61.27,8.5,SES-2002,2023-11-02,Computer Science,2,Present
45750,17,Female,Computer Science,1,74.04,8.3,SES-2022,2024-06-03,Education,7,Present
45750,17,Female,Computer Science,1,74.04,8.3,SES-2019,2024-06-21,Engineering,7,Present
45750,17,Female,Computer Science,1,74.04,8.3,SES-2049,2024-04-17,Education,6,Present
45748,21,Female,Social Sciences,6,77.49,11.0,SES-2032,2023-11-25,Social Sciences,2,Present
45746,25,Female,Social Sciences,6,77.49,11.0,SES-2048,2023-09-03,Computer Science,1,Present
45746,25,Female,Social Sciences,6,77.49,11.0,SES-2043,2024-05-18,Education,7,Present
45745,24,Female,Social Sciences,6,77.49,11.0,SES-2039,2024-02-08,Engineering,4,Present
45739,25,Female,Engineering,1,68.45,11.2,SES-2027,2024-04-05,Engineering,6,Present
45739,25,Female,Engineering,1,68.45,11.2,SES-2037,2023-10-16,Computer Science,1,Present
45738,22,Female,Engineering,1,68.45,11.2,SES-2011,2023-11-03,Engineering,2,Present
45738,22,Female,Engineering,1,68.45,11.2,SES-2031,2024-07-18,Computer Science,8,Present
45738,22,Female,Engineering,1,68.45,11.2,SES-2026,2024-04-19,Business,5,Absent
45737,20,Female,Education,5,84.28,13.0,SES-2030,2024-05-13,Business,7,Absent
45737,20,Female,Education,5,84.28,13.0,SES-2014,2024-03-28,Education,5,Present
45737,20,Female,Education,5,84.28,13.0,SES-2040,2023-10-24,Business,2,Absent
45736,24,Female,Education,5,84.28,13.0,SES-2009,2024-05-12,Social Sciences,7,Present
45736,24,Female,Education,5,84.28,13.0,SES-2008,2024-03-04,Computer Science,4,Absent
45734,19,Male,Education,4,55.34,7.4,SES-2001,2024-02-05,Computer Science,4,Present
45734,19,Male,Education,4,55.34,7.4,SES-2009,2024-05-12,Social Sciences,7,Present
45733,17,Male,Education,4,55.34,7.4,SES-2026,2024-04-19,Business,5,Present
45733,17,Male,Education,4,55.34,7.4,SES-2022,2024-06-03,Education,7,Present
45733,17,Male,Computer Science,8,57.61,13.2,SES-2032,2023-11-25,Social Sciences,2,Present
45733,17,Male,Computer Science,8,57.61,13.2,SES-2005,2024-05-15,Engineering,7,Present
45733,17,Male,Computer Science,8,57.61,13.2,SES-2041,2023-10-05,Business,2,Present
45732,17,Male,Computer Science,8,57.61,13.2,SES-2010,2024-03-24,Business,5,Present
45732,17,Male,Computer Science,8,57.61,13.2,SES-2009,2024-05-12,Social Sciences,7,Present
45731,20,Male,Social Sciences,8,85.84,12.8,SES-2015,2023-11-09,Business,2,Present
45731,20,Male,Social Sciences,8,85.84,12.8,SES-2038,2023-11-27,Social Sciences,2,Present
45731,20,Male,Computer Science,1,68.56,9.9,SES-2003,2023-10-08,Engineering,2,Present
45731,20,Male,Computer Science,1,68.56,9.9,SES-2047,2024-02-01,Computer Science,4,Present
45730,20,Male,Business,2,66.31,12.5,SES-2042,2023-12-17,Engineering,3,Present
45729,22,Male,Business,2,66.31,12.5,SES-2041,2023-10-05,Business,2,Present
45729,22,Male,Business,2,66.31,12.5,SES-2012,2024-04-19,Education,5,Present
45729,22,Male,Business,2,66.31,12.5,SES-2004,2023-09-23,Engineering,1,Present
45729,22,Female,Social Sciences,8,71.22,5.5,SES-2035,2023-11-28,Social Sciences,3,Present
45728,24,Female,Social Sciences,8,71.22,5.5,SES-2049,2024-04-17,Education,6,Present
45728,24,Female,Social Sciences,8,71.22,5.5,SES-2008,2024-03-04,Computer Science,4,Present
45727,20,Male,Computer Science,8,60.84,7.3,SES-2025,2023-11-24,Engineering,3,Present
45727,20,Female,Computer Science,2,71.84,9.8,SES-2041,2023-10-05,Business,2,Present
45725,21,Female,Computer Science,2,71.84,9.8,SES-2028,2024-06-25,Computer Science,8,Present
45725,21,Female,Computer Science,2,71.84,9.8,SES-2029,2023-10-21,Education,2,Present
45724,24,Female,Computer Science,2,71.84,9.8,SES-2039,2024-02-08,Engineering,4,Present
45724,24,Female,Computer Science,2,71.84,9.8,SES-2025,2023-11-24,Engineering,3,Present
45723,20,Male,Computer Science,7,66.53,2.9,SES-2049,2024-04-17,Education,6,Absent
45721,23,Male,Engineering,4,52.29,6.9,SES-2033,2023-11-14,Education,2,Present
45720,23,Male,Computer Science,5,55.06,8.8,SES-2017,2024-03-23,Computer Science,4,Present
45718,22,Male,Education,2,66.09,2.8,SES-2023,2024-04-21,Business,6,Absent
45717,26,Male,Education,2,66.09,2.8,SES-2031,2024-07-18,Computer Science,8,Absent
45717,26,Male,Education,2,66.09,2.8,SES-2021,2024-02-26,Social Sciences,4,Absent
45717,26,Male,Education,2,66.09,2.8,SES-2018,2023-11-06,Business,3,Absent
45717,26,Male,Computer Science,1,49.28,4.2,SES-2032,2023-11-25,Social Sciences,2,Present
45716,20,Male,Computer Science,1,49.28,4.2,SES-2046,2024-02-11,Computer Science,4,Present
45716,20,Male,Computer Science,1,49.28,4.2,SES-2036,2024-02-12,Education,4,Absent
45715,18,Male,Social Sciences,6,68.54,11.7,SES-2018,2023-11-06,Business,3,Absent
45715,18,Male,Social Sciences,6,68.54,11.7,SES-2033,2023-11-14,Education,2,Absent
45714,20,Male,Social Sciences,6,68.54,11.7,SES-2040,2023-10-24,Business,2,Present
45714,20,Male,Social Sciences,6,68.54,11.7,SES-2006,2024-03-25,Education,5,Present
45714,20,Male,Social Sciences,6,68.54,11.7,SES-2027,2024-04-05,Engineering,6,Present
45712,18,Male,Social Sciences,5,67.61,6.5,SES-2031,2024-07-18,Computer Science,8,Present
45712,18,Male,Social Sciences,5,67.61,6.5,SES-2030,2024-05-13,Business,7,Present
45711,21,Male,Social Sciences,5,67.61,6.5,SES-2048,2023-09-03,Computer Science,1,Present
45711,21,Male,Social Sciences,5,67.61,6.5,SES-2043,2024-05-18,Education,7,Present
45710,18,Female,Business,3,64.02,7.6,SES-2031,2024-07-18,Computer Science,8,Absent
45710,18,Female,Business,3,64.02,7.6,SES-2046,2024-02-11,Computer Science,4,Present
45708,23,Female,Business,3,64.02,7.6,SES-2023,2024-04-21,Business,6,Present
45707,21,Male,Engineering,5,74.69,10.8,SES-2024,2024-06-05,Social Sciences,7,Absent
45707,21,Male,Engineering,5,74.69,10.8,SES-2036,2024-02-12,Education,4,Present
45707,21,Male,Engineering,5,74.69,10.8,SES-2015,2023-11-09,Business,2,Present
45704,21,Female,Business,2,59.82,9.7,SES-2035,2023-11-28,Social Sciences,3,Present
45704,21,Female,Business,2,59.82,9.7,SES-2038,2023-11-27,Social Sciences,2,Present
45704,21,Male,Education,4,75.46,12.2,SES-2010,2024-03-24,Business,5,Present
45701,24,Female,Education,3,59.7,12.6,SES-2031,2024-07-18,Computer Science,8,Absent
45701,24,Female,Computer Science,1,75.85,8.4,SES-2048,2023-09-03,Computer Science,1,Present
45701,24,Female,Computer Science,1,75.85,8.4,SES-2020,2024-03-27,Computer Science,4,Present
45699,19,Female,Computer Science,3,46.91,12.4,SES-2012,2024-04-19,Education,5,Absent
45699,19,Female,Computer Science,3,46.91,12.4,SES-2045,2024-07-04,Education,8,Absent
45699,19,Female,Computer Science,3,46.91,12.4,SES-2010,2024-03-24,Business,5,Absent
45693,18,Male,Education,5,80.01,9.8,SES-2004,2023-09-23,Engineering,1,Present
45693,18,Male,Engineering,3,66.5,7.4,SES-2015,2023-11-09,Business,2,Present
45692,24,Male,Engineering,3,66.5,7.4,SES-2011,2023-11-03,Engineering,2,Absent
45691,20,Male,Engineering,3,66.5,7.4,SES-2032,2023-11-25,Social Sciences,2,Present
45691,20,Male,Business,5,54.51,8.6,SES-2022,2024-06-03,Education,7,Present
45691,20,Male,Business,5,54.51,8.6,SES-2004,2023-09-23,Engineering,1,Present
45691,20,Male,Business,5,54.51,8.6,SES-2002,2023-11-02,Computer Science,2,Present
45687,22,Male,Education,4,50.93,11.5,SES-2001,2024-02-05,Computer Science,4,Absent
45687,22,Male,Education,4,50.93,11.5,SES-2016,2024-04-12,Social Sciences,6,Present
45686,22,Male,Computer Science,6,76.78,9.5,SES-2002,2023-11-02,Computer Science,2,Present
45686,22,Male,Computer Science,6,76.78,9.5,SES-2021,2024-02-26,Social Sciences,4,Present
45686,22,Male,Computer Science,6,85.49,6.9,SES-2025,2023-11-24,Engineering,3,Present
45686,22,Male,Computer Science,6,85.49,6.9,SES-2034,2024-06-24,Social Sciences,8,Present
45686,22,Male,Computer Science,6,85.49,6.9,SES-2036,2024-02-12,Education,4,Present
45685,20,Male,Computer Science,6,85.49,6.9,SES-2031,2024-07-18,Computer Science,8,Present
45683,20,Male,Engineering,4,71.27,11.0,SES-2028,2024-06-25,Computer Science,8,Present
45683,20,Male,Engineering,4,71.27,11.0,SES-2030,2024-05-13,Business,7,Present
45683,20,Female,Computer Science,8,42.44,5.9,SES-2022,2024-06-03,Education,7,Absent
45682,22,Male,Engineering,1,81.73,13.5,SES-2044,2024-04-22,Social Sciences,5,Present
45680,18,Male,Engineering,1,81.73,13.5,SES-2024,2024-06-05,Social Sciences,7,Present
45680,18,Male,Engineering,1,81.73,13.5,SES-2033,2023-11-14,Education,2,Present
45679,18,Male,Business,3,76.39,11.5,SES-2013,2023-10-22,Education,2,Present
45679,18,Male,Business,3,76.39,11.5,SES-2034,2024-06-24,Social Sciences,8,Present
45678,21,Female,Computer Science,8,56.86,6.6,SES-2039,2024-02-08,Engineering,4,Present
45678,21,Female,Computer Science,8,56.86,6.6,SES-2033,2023-11-14,Education,2,Present
45674,22,Female,Social Sciences,5,81.9,7.6,SES-2030,2024-05-13,Business,7,Present
45672,18,Male,Social Sciences,2,85.46,5.3,SES-2018,2023-11-06,Business,3,Absent
45672,18,Male,Social Sciences,2,85.46,5.3,SES-2023,2024-04-21,Business,6,Present
45672,18,Male,Social Sciences,2,85.46,5.3,SES-2045,2024-07-04,Education,8,Present
45672,18,Male,Social Sciences,2,85.46,5.3,SES-2034,2024-06-24,Social Sciences,8,Present
45671,20,Male,Social Sciences,6,51.83,7.8,SES-2038,2023-11-27,Social Sciences,2,Absent
45671,20,Male,Social Sciences,6,51.83,7.8,SES-2043,2024-05-18,Education,7,Present
45671,20,Female,Education,5,74.4,9.7,SES-2014,2024-03-28,Education,5,Present
45671,20,Female,Education,5,74.4,9.7,SES-2025,2023-11-24,Engineering,3,Absent
45671,20,Female,Education,5,74.4,9.7,SES-2022,2024-06-03,Education,7,Present
45665,19,Female,Social Sciences,5,57.08,9.9,SES-2049,2024-04-17,Education,6,Present
45665,19,Female,Computer Science,5,61.08,11.9,SES-2018,2023-11-06,Business,3,Absent
45662,20,Female,Education,7,71.2,8.4,SES-2029,2023-10-21,Education,2,Absent
45662,20,Female,Education,7,71.2,8.4,SES-2039,2024-02-08,Engineering,4,Absent
45662,20,Female,Education,7,71.2,8.4,SES-2023,2024-04-21,Business,6,Present
45661,21,Male,Computer Science,3,58.97,9.8,SES-2028,2024-06-25,Computer Science,8,Present
45661,21,Male,Computer Science,3,58.97,9.8,SES-2008,2024-03-04,Computer Science,4,Present
45660,23,Male,Computer Science,3,58.97,9.8,SES-2016,2024-04-12,Social Sciences,6,Absent
45659,18,Female,Education,7,69.27,10.8,SES-2013,2023-10-22,Education,2,Absent
45658,18,Female,Education,7,69.27,10.8,SES-2047,2024-02-01,Computer Science,4,Absent
45658,18,Female,Education,7,69.27,10.8,SES-2001,2024-02-05,Computer Science,4,Present
45657,23,Female,Business,7,56.39,14.3,SES-2030,2024-05-13,Business,7,Present
45656,20,Female,Business,7,56.39,14.3,SES-2012,2024-04-19,Education,5,Present
45656,20,Female,Business,7,56.39,14.3,SES-2037,2023-10-16,Computer Science,1,Absent
45656,20,Female,Business,7,56.39,14.3,SES-2001,2024-02-05,Computer Science,4,Absent
45655,23,Female,Business,7,56.39,14.3,SES-2024,2024-06-05,Social Sciences,7,Present
45655,23,Male,Social Sciences,3,72.85,8.3,SES-2027,2024-04-05,Engineering,6,Present
45655,23,Male,Social Sciences,3,72.85,8.3,SES-2036,2024-02-12,Education,4,Present
45655,23,Male,Social Sciences,3,72.85,8.3,SES-2048,2023-09-03,Computer Science,1,Present
45655,23,Male,Social Sciences,3,72.85,8.3,SES-2015,2023-11-09,Business,2,Present
45654,21,Male,Social Sciences,3,72.85,8.3,SES-2011,2023-11-03,Engineering,2,Present
45651,21,Female,Business,1,43.74,9.8,SES-2007,2024-06-09,Education,7,Absent
45649,23,Female,Business,1,43.74,9.8,SES-2037,2023-10-16,Computer Science,1,Absent
45649,23,Male,Business,8,48.29,10.6,SES-2013,2023-10-22,Education,2,Absent
45649,23,Male,Business,8,48.29,10.6,SES-2009,2024-05-12,Social Sciences,7,Absent
45649,23,Male,Business,8,48.29,10.6,SES-2020,2024-03-27,Computer Science,4,Absent
45647,22,Male,Business,8,48.29,10.6,SES-2036,2024-02-12,Education,4,Present
45647,22,Male,Business,7,52.81,8.1,SES-2046,2024-02-11,Computer Science,4,Present
45647,22,Male,Business,7,52.81,8.1,SES-2008,2024-03-04,Computer Science,4,Present
45646,25,Male,Business,7,52.81,8.1,SES-2007,2024-06-09,Education,7,Absent
45646,25,Male,Business,7,52.81,8.1,SES-2005,2024-05-15,Engineering,7,Present
45639,22,Male,Computer Science,8,55.34,5.9,SES-2042,2023-12-17,Engineering,3,Present
45638,19,Male,Computer Science,8,55.34,5.9,SES-2045,2024-07-04,Education,8,Present
45637,22,Male,Computer Science,8,55.34,5.9,SES-2037,2023-10-16,Computer Science,1,Present
45637,22,Male,Engineering,2,64.2,13.6,SES-2048,2023-09-03,Computer Science,1,Present
45637,22,Male,Engineering,2,64.2,13.6,SES-2027,2024-04-05,Engineering,6,Present
45635,21,Male,Engineering,2,64.2,13.6,SES-2009,2024-05-12,Social Sciences,7,Present
45635,21,Male,Engineering,2,64.2,13.6,SES-2049,2024-04-17,Education,6,Present
45635,21,Male,Engineering,2,64.2,13.6,SES-2025,2023-11-24,Engineering,3,Present
45635,21,Male,Computer Science,5,60.33,10.9,SES-2008,2024-03-04,Computer Science,4,Present
45635,21,Male,Engineering,2,61.41,9.3,SES-2039,2024-02-08,Engineering,4,Present
45634,22,Male,Engineering,2,61.41,9.3,SES-2049,2024-04-17,Education,6,Present
45634,22,Male,Computer Science,7,74.57,8.8,SES-2023,2024-04-21,Business,6,Present
45634,22,Male,Computer Science,7,74.57,8.8,SES-2038,2023-11-27,Social Sciences,2,Absent
45634,22,Male,Computer Science,7,74.57,8.8,SES-2033,2023-11-14,Education,2,Present
45634,22,Male,Computer Science,7,74.57,8.8,SES-2003,2023-10-08,Engineering,2,Absent
45634,22,Male,Computer Science,6,72.71,7.9,SES-2022,2024-06-03,Education,7,Present
45629,20,Female,Education,5,53.32,9.5,SES-2033,2023-11-14,Education,2,Present
45629,20,Female,Education,5,53.32,9.5,SES-2047,2024-02-01,Computer Science,4,Present
45629,20,Female,Education,5,53.32,9.5,SES-2004,2023-09-23,Engineering,1,Absent
45626,18,Male,Education,4,56.4,13.8,SES-2013,2023-10-22,Education,2,Present
45626,18,Male,Social Sciences,6,54.8,9.1,SES-2045,2024-07-04,Education,8,Present
45625,20,Male,Computer Science,2,79.51,10.2,SES-2035,2023-11-28,Social Sciences,3,Absent
45625,20,Male,Computer Science,6,41.29,6.2,SES-2045,2024-07-04,Education,8,Present
45625,20,Male,Computer Science,6,41.29,6.2,SES-2043,2024-05-18,Education,7,Absent
45625,20,Male,Computer Science,6,41.29,6.2,SES-2047,2024-02-01,Computer Science,4,Present
45624,22,Male,Computer Science,6,41.29,6.2,SES-2049,2024-04-17,Education,6,Absent
45623,21,Male,Computer Science,6,41.29,6.2,SES-2017,2024-03-23,Computer Science,4,Absent
45622,24,Female,Computer Science,8,57.7,14.3,SES-2038,2023-11-27,Social Sciences,2,Present
45621,20,Female,Computer Science,8,57.7,14.3,SES-2043,2024-05-18,Education,7,Absent
45620,17,Male,Social Sciences,1,48.5,5.7,SES-2033,2023-11-14,Education,2,Absent
45620,17,Male,Social Sciences,1,48.5,5.7,SES-2015,2023-11-09,Business,2,Present
45620,17,Male,Social Sciences,1,48.5,5.7,SES-2038,2023-11-27,Social Sciences,2,Present
45620,17,Male,Social Sciences,1,48.5,5.7,SES-2009,2024-05-12,Social Sciences,7,Absent
45620,17,Male,Social Sciences,1,48.5,5.7,SES-2044,2024-04-22,Social Sciences,5,Absent
45620,17,Female,Engineering,5,69.03,5.7,SES-2035,2023-11-28,Social Sciences,3,Present
45619,22,Female,Engineering,5,69.03,5.7,SES-2003,2023-10-08,Engineering,2,Present
45618,21,Female,Engineering,5,69.03,5.7,SES-2019,2024-06-21,Engineering,7,Absent
45618,21,Female,Engineering,5,69.03,5.7,SES-2022,2024-06-03,Education,7,Absent
45618,21,Female,Engineering,5,69.03,5.7,SES-2001,2024-02-05,Computer Science,4,Present
45615,21,Male,Computer Science,4,58.64,8.1,SES-2016,2024-04-12,Social Sciences,6,Absent
45615,21,Male,Computer Science,4,58.64,8.1,SES-2042,2023-12-17,Engineering,3,Present
45615,21,Female,Education,8,84.5,10.1,SES-2045,2024-07-04,Education,8,Present
45615,21,Female,Education,8,84.5,10.1,SES-2033,2023-11-14,Education,2,Present
45614,19,Male,Social Sciences,5,56.09,7.7,SES-2015,2023-11-09,Business,2,Present
45610,23,Male,Education,5,43.61,6.8,SES-2019,2024-06-21,Engineering,7,Absent
45610,23,Female,Business,3,66.94,10.1,SES-2029,2023-10-21,Education,2,Present
45610,23,Female,Business,3,66.94,10.1,SES-2045,2024-07-04,Education,8,Present
45609,23,Male,Computer Science,1,67.29,11.4,SES-2029,2023-10-21,Education,2,Present
45598,22,Male,Computer Science,3,56.98,6.5,SES-2048,2023-09-03,Computer Science,1,Present
45598,22,Male,Computer Science,5,61.76,10.2,SES-2012,2024-04-19,Education,5,Present
45598,22,Male,Computer Science,5,61.76,10.2,SES-2037,2023-10-16,Computer Science,1,Absent
45597,22,Male,Computer Science,5,61.76,10.2,SES-2044,2024-04-22,Social Sciences,5,Present
45596,20,Female,Engineering,2,70.63,5.9,SES-2035,2023-11-28,Social Sciences,3,Present
45596,20,Female,Engineering,2,70.63,5.9,SES-2019,2024-06-21,Engineering,7,Present
45588,23,Male,Computer Science,8,69.58,9.9,SES-2001,2024-02-05,Computer Science,4,Present
45587,23,Male,Computer Science,8,69.58,9.9,SES-2035,2023-11-28,Social Sciences,3,Present
45587,23,Male,Computer Science,8,69.58,9.9,SES-2049,2024-04-17,Education,6,Present
45587,23,Male,Computer Science,8,69.58,9.9,SES-2036,2024-02-12,Education,4,Present
45586,21,Female,Business,5,64.97,10.4,SES-2000,2023-10-24,Social Sciences,2,Present
45586,21,Female,Business,5,64.97,10.4,SES-2031,2024-07-18,Computer Science,8,Present
45585,22,Female,Business,3,75.2,3.8,SES-2013,2023-10-22,Education,2,Absent
45585,22,Female,Business,3,75.2,3.8,SES-2010,2024-03-24,Business,5,Present
45585,22,Female,Business,3,75.2,3.8,SES-2024,2024-06-05,Social Sciences,7,Present
45583,23,Male,Education,3,73.15,14.2,SES-2026,2024-04-19,Business,5,Present
45583,23,Male,Education,3,73.15,14.2,SES-2013,2023-10-22,Education,2,Present
45583,23,Male,Education,3,73.15,14.2,SES-2017,2024-03-23,Computer Science,4,Present
45583,23,Male,Education,3,73.15,14.2,SES-2012,2024-04-19,Education,5,Present
45583,23,Male,Education,3,73.15,14.2,SES-2039,2024-02-08,Engineering,4,Present
45580,17,Male,Computer Science,6,52.0,4.6,SES-2014,2024-03-28,Education,5,Absent
45580,17,Male,Computer Science,6,52.0,4.6,SES-2007,2024-06-09,Education,7,Absent
45579,19,Male,Computer Science,6,52.0,4.6,SES-2010,2024-03-24,Business,5,Absent
45579,19,Male,Computer Science,6,52.0,4.6,SES-2016,2024-04-12,Social Sciences,6,Absent
45579,19,Female,Education,3,55.91,6.6,SES-2013,2023-10-22,Education,2,Present
45579,19,Female,Education,3,55.91,6.6,SES-2040,2023-10-24,Business,2,Present
45579,19,Female,Education,3,55.91,6.6,SES-2007,2024-06-09,Education,7,Present
45579,19,Female,Education,3,55.91,6.6,SES-2034,2024-06-24,Social Sciences,8,Present
45578,20,Male,Education,8,64.08,13.0,SES-2010,2024-03-24,Business,5,Absent
45578,20,Female,Computer Science,2,62.4,15.8,SES-2005,2024-05-15,Engineering,7,Absent
45578,20,Female,Computer Science,2,62.4,15.8,SES-2049,2024-04-17,Education,6,Present
45578,20,Male,Computer Science,6,60.42,7.3,SES-2034,2024-06-24,Social Sciences,8,Present
45577,19,Female,Engineering,6,67.22,12.2,SES-2036,2024-02-12,Education,4,Present
45577,19,Female,Engineering,6,67.22,12.2,SES-2017,2024-03-23,Computer Science,4,Present
45577,19,Female,Engineering,6,67.22,12.2,SES-2001,2024-02-05,Computer Science,4,Absent
45577,19,Female,Social Sciences,4,60.49,10.9,SES-2038,2023-11-27,Social Sciences,2,Absent
45576,17,Female,Social Sciences,4,60.49,10.9,SES-2046,2024-02-11,Computer Science,4,Present
45570,21,Male,Education,4,72.58,4.7,SES-2027,2024-04-05,Engineering,6,Absent
45570,21,Male,Education,4,72.58,4.7,SES-2045,2024-07-04,Education,8,Absent
45569,23,Male,Education,4,72.58,4.7,SES-2040,2023-10-24,Business,2,Absent
45569,23,Male,Education,4,72.58,4.7,SES-2006,2024-03-25,Education,5,Absent
45569,23,Male,Education,4,68.04,8.5,SES-2005,2024-05-15,Engineering,7,Present
45569,23,Male,Education,4,68.04,8.5,SES-2021,2024-02-26,Social Sciences,4,Present
45568,18,Male,Computer Science,4,91.32,3.9,SES-2015,2023-11-09,Business,2,Present
45568,18,Male,Computer Science,4,91.32,3.9,SES-2030,2024-05-13,Business,7,Absent
45568,18,Male,Computer Science,4,91.32,3.9,SES-2016,2024-04-12,Social Sciences,6,Absent
45568,18,Male,Computer Science,4,91.32,3.9,SES-2027,2024-04-05,Engineering,6,Absent
45567,21,Female,Computer Science,8,68.94,12.8,SES-2033,2023-11-14,Education,2,Present
45566,22,Female,Computer Science,8,68.94,12.8,SES-2019,2024-06-21,Engineering,7,Present
45566,22,Female,Computer Science,8,68.94,12.8,SES-2048,2023-09-03,Computer Science,1,Present
45566,22,Female,Computer Science,6,71.36,9.5,SES-2021,2024-02-26,Social Sciences,4,Present
45566,22,Female,Computer Science,6,71.36,9.5,SES-2042,2023-12-17,Engineering,3,Present
45566,22,Female,Education,1,65.94,9.4,SES-2014,2024-03-28,Education,5,Absent
45565,25,Female,Education,1,65.94,9.4,SES-2038,2023-11-27,Social Sciences,2,Present
45564,20,Female,Education,6,73.73,11.4,SES-2013,2023-10-22,Education,2,Present
45564,20,Female,Education,6,73.73,11.4,SES-2043,2024-05-18,Education,7,Present
45563,25,Female,Education,6,73.73,11.4,SES-2030,2024-05-13,Business,7,Absent
45562,26,Female,Education,6,73.73,11.4,SES-2031,2024-07-18,Computer Science,8,Present
45558,18,Female,Business,1,71.65,9.2,SES-2029,2023-10-21,Education,2,Present
45558,18,Female,Business,1,71.65,9.2,SES-2013,2023-10-22,Education,2,Present
45553,22,Male,Business,7,61.78,9.5,SES-2027,2024-04-05,Engineering,6,Present
45553,22,Male,Education,2,82.89,14.0,SES-2025,2023-11-24,Engineering,3,Absent
45553,22,Male,Education,1,63.88,12.8,SES-2042,2023-12-17,Engineering,3,Absent
45552,23,Male,Education,1,63.88,12.8,SES-2031,2024-07-18,Computer Science,8,Present
45552,23,Male,Education,1,63.88,12.8,SES-2017,2024-03-23,Computer Science,4,Present
45548,21,Female,Education,1,63.49,5.4,SES-2035,2023-11-28,Social Sciences,3,Present
45548,21,Female,Education,1,63.49,5.4,SES-2028,2024-06-25,Computer Science,8,Present
45548,21,Female,Education,1,63.49,5.4,SES-2032,2023-11-25,Social Sciences,2,Absent
45548,21,Female,Computer Science,8,61.06,11.6,SES-2013,2023-10-22,Education,2,Present
45546,21,Female,Engineering,4,46.09,7.7,SES-2021,2024-02-26,Social Sciences,4,Absent
45546,21,Female,Engineering,4,46.09,7.7,SES-2034,2024-06-24,Social Sciences,8,Absent
45546,21,Female,Engineering,4,46.09,7.7,SES-2028,2024-06-25,Computer Science,8,Present
45546,21,Female,Engineering,4,46.09,7.7,SES-2048,2023-09-03,Computer Science,1,Absent
45546,21,Female,Engineering,4,46.09,7.7,SES-2003,2023-10-08,Engineering,2,Present
45543,20,Female,Business,2,76.12,10.7,SES-2003,2023-10-08,Engineering,2,Present
45543,20,Female,Engineering,3,72.91,10.9,SES-2044,2024-04-22,Social Sciences,5,Present
45543,20,Female,Engineering,3,72.91,10.9,SES-2014,2024-03-28,Education,5,Present
45543,20,Female,Engineering,7,68.2,8.2,SES-2023,2024-04-21,Business,6,Present
45539,22,Male,Engineering,6,41.86,6.3,SES-2000,2023-10-24,Social Sciences,2,Present
45539,22,Male,Engineering,6,41.86,6.3,SES-2010,2024-03-24,Business,5,Present
45538,18,Male,Engineering,6,41.86,6.3,SES-2044,2024-04-22,Social Sciences,5,Absent
45538,18,Male,Engineering,6,41.86,6.3,SES-2001,2024-02-05,Computer Science,4,Absent
45538,18,Male,Engineering,6,41.86,6.3,SES-2036,2024-02-12,Education,4,Present
45533,20,Female,Computer Science,3,46.81,1.8,SES-2030,2024-05-13,Business,7,Absent
45528,21,Male,Education,1,67.36,13.9,SES-2048,2023-09-03,Computer Science,1,Present
45527,20,Female,Business,8,59.32,6.3,SES-2008,2024-03-04,Computer Science,4,Absent
45526,22,Female,Business,8,59.32,6.3,SES-2023,2024-04-21,Business,6,Absent
45526,22,Female,Business,8,59.32,6.3,SES-2048,2023-09-03,Computer Science,1,Present
45526,22,Female,Business,8,59.32,6.3,SES-2019,2024-06-21,Engineering,7,Present
45526,22,Female,Business,8,59.32,6.3,SES-2044,2024-04-22,Social Sciences,5,Present
45526,22,Female,Education,2,56.22,11.5,SES-2026,2024-04-19,Business,5,Present
45525,17,Female,Education,2,56.22,11.5,SES-2028,2024-06-25,Computer Science,8,Present
45525,17,Female,Education,2,56.22,11.5,SES-2044,2024-04-22,Social Sciences,5,Present
45525,17,Female,Education,2,56.22,11.5,SES-2016,2024-04-12,Social Sciences,6,Present
45524,19,Female,Education,5,75.95,11.8,SES-2003,2023-10-08,Engineering,2,Present
45524,19,Female,Education,5,75.95,11.8,SES-2020,2024-03-27,Computer Science,4,Present
45522,20,Female,Education,5,75.95,11.8,SES-2007,2024-06-09,Education,7,Present
45522,20,Female,Education,5,75.95,11.8,SES-2038,2023-11-27,Social Sciences,2,Present
45522,20,Female,Education,5,75.95,11.8,SES-2016,2024-04-12,Social Sciences,6,Absent
45501,23,Female,Education,6,83.23,9.3,SES-2009,2024-05-12,Social Sciences,7,Absent
45501,23,Female,Education,6,83.23,9.3,SES-2004,2023-09-23,Engineering,1,Present
45500,21,Female,Education,6,83.23,9.3,SES-2003,2023-10-08,Engineering,2,Absent
45498,18,Female,Computer Science,3,86.99,8.8,SES-2023,2024-04-21,Business,6,Present
45497,23,Female,Computer Science,3,86.99,8.8,SES-2008,2024-03-04,Computer Science,4,Present
45497,23,Male,Computer Science,8,87.71,12.9,SES-2007,2024-06-09,Education,7,Absent
45497,23,Male,Computer Science,8,87.71,12.9,SES-2023,2024-04-21,Business,6,Present
45497,23,Male,Computer Science,8,87.71,12.9,SES-2000,2023-10-24,Social Sciences,2,Present
45497,23,Female,Business,4,46.33,8.3,SES-2022,2024-06-03,Education,7,Absent
45496,18,Female,Business,4,46.33,8.3,SES-2025,2023-11-24,Engineering,3,Absent
45496,18,Female,Business,4,46.33,8.3,SES-2042,2023-12-17,Engineering,3,Present
45496,18,Female,Business,4,46.33,8.3,SES-2000,2023-10-24,Social Sciences,2,Absent
45494,20,Male,Business,1,48.45,3.0,SES-2034,2024-06-24,Social Sciences,8,Absent
45494,20,Male,Business,1,48.45,3.0,SES-2007,2024-06-09,Education,7,Absent
45490,19,Female,Engineering,2,86.8,8.8,SES-2032,2023-11-25,Social Sciences,2,Present
45488,19,Male,Social Sciences,1,74.89,9.5,SES-2006,2024-03-25,Education,5,Present
45488,19,Male,Business,7,59.9,9.3,SES-2000,2023-10-24,Social Sciences,2,Present
45488,19,Female,Business,4,79.58,10.0,SES-2010,2024-03-24,Business,5,Present
45488,19,Female,Business,4,79.58,10.0,SES-2045,2024-07-04,Education,8,Present
45488,19,Female,Business,4,79.58,10.0,SES-2029,2023-10-21,Education,2,Present
45487,17,Male,Business,8,55.3,7.2,SES-2047,2024-02-01,Computer Science,4,Present
45487,17,Male,Business,8,55.3,7.2,SES-2049,2024-04-17,Education,6,Present
45487,17,Male,Business,8,55.3,7.2,SES-2032,2023-11-25,Social Sciences,2,Absent
45486,22,Female,Computer Science,4,76.02,10.7,SES-2047,2024-02-01,Computer Science,4,Present
45486,22,Female,Computer Science,4,76.02,10.7,SES-2010,2024-03-24,Business,5,Present
45486,22,Female,Computer Science,4,76.02,10.7,SES-2013,2023-10-22,Education,2,Present
45486,22,Female,Computer Science,4,76.02,10.7,SES-2042,2023-12-17,Engineering,3,Present
45486,22,Male,Education,7,66.12,5.9,SES-2038,2023-11-27,Social Sciences,2,Present
45485,21,Male,Education,7,66.12,5.9,SES-2004,2023-09-23,Engineering,1,Absent
45485,21,Male,Education,7,66.12,5.9,SES-2029,2023-10-21,Education,2,Present
45485,21,Male,Education,7,66.12,5.9,SES-2027,2024-04-05,Engineering,6,Present
45485,21,Male,Education,7,66.12,5.9,SES-2030,2024-05-13,Business,7,Absent
45485,21,Female,Business,3,46.59,7.4,SES-2041,2023-10-05,Business,2,Absent
45484,22,Female,Business,3,46.59,7.4,SES-2016,2024-04-12,Social Sciences,6,Absent
45484,22,Female,Education,6,35.48,5.4,SES-2044,2024-04-22,Social Sciences,5,Absent
45484,22,Female,Education,6,35.48,5.4,SES-2021,2024-02-26,Social Sciences,4,Absent
45483,21,Female,Education,6,35.48,5.4,SES-2020,2024-03-27,Computer Science,4,Absent
45483,21,Male,Computer Science,6,68.12,10.0,SES-2001,2024-02-05,Computer Science,4,Absent
45482,20,Male,Computer Science,6,68.12,10.0,SES-2017,2024-03-23,Computer Science,4,Present
45481,23,Male,Engineering,3,82.2,10.0,SES-2004,2023-09-23,Engineering,1,Absent
45480,19,Male,Engineering,3,82.2,10.0,SES-2013,2023-10-22,Education,2,Present
45480,19,Male,Engineering,3,82.2,10.0,SES-2044,2024-04-22,Social Sciences,5,Present
45477,23,Female,Social Sciences,1,57.85,11.1,SES-2035,2023-11-28,Social Sciences,3,Present
45477,23,Female,Social Sciences,1,57.85,11.1,SES-2031,2024-07-18,Computer Science,8,Present
45477,23,Female,Social Sciences,1,57.85,11.1,SES-2017,2024-03-23,Computer Science,4,Present
45468,18,Male,Engineering,7,74.34,8.8,SES-2026,2024-04-19,Business,5,Present
45468,18,Male,Engineering,7,74.34,8.8,SES-2015,2023-11-09,Business,2,Present
45466,21,Male,Computer Science,6,57.82,6.3,SES-2025,2023-11-24,Engineering,3,Present
45466,21,Female,Business,7,49.44,12.1,SES-2023,2024-04-21,Business,6,Absent
45466,21,Female,Business,7,49.44,12.1,SES-2046,2024-02-11,Computer Science,4,Absent
45465,25,Female,Business,7,49.44,12.1,SES-2043,2024-05-18,Education,7,Absent
45464,17,Male,Computer Science,8,74.75,15.2,SES-2036,2024-02-12,Education,4,Present
45464,17,Female,Social Sciences,8,61.2,13.7,SES-2030,2024-05-13,Business,7,Present
45464,17,Male,Social Sciences,2,74.66,7.8,SES-2035,2023-11-28,Social Sciences,3,Present
45464,17,Male,Social Sciences,2,74.66,7.8,SES-2007,2024-06-09,Education,7,Present
45461,24,Female,Computer Science,3,61.64,7.1,SES-2039,2024-02-08,Engineering,4,Present
45461,24,Female,Computer Science,3,61.64,7.1,SES-2009,2024-05-12,Social Sciences,7,Present
45461,24,Female,Computer Science,3,61.64,7.1,SES-2024,2024-06-05,Social Sciences,7,Present
45461,24,Female,Computer Science,3,61.64,7.1,SES-2017,2024-03-23,Computer Science,4,Absent
45460,19,Male,Engineering,4,55.76,9.9,SES-2007,2024-06-09,Education,7,Present
45460,19,Male,Engineering,4,55.76,9.9,SES-2031,2024-07-18,Computer Science,8,Present
45460,19,Male,Engineering,4,55.76,9.9,SES-2037,2023-10-16,Computer Science,1,Present
45457,20,Female,Business,8,55.5,10.8,SES-2032,2023-11-25,Social Sciences,2,Absent
45454,19,Female,Business,8,55.5,10.8,SES-2045,2024-07-04,Education,8,Present
45453,23,Female,Business,8,55.5,10.8,SES-2020,2024-03-27,Computer Science,4,Present
45453,23,Male,Business,1,77.95,10.8,SES-2046,2024-02-11,Computer Science,4,Present
45453,23,Male,Business,1,77.95,10.8,SES-2013,2023-10-22,Education,2,Present
45453,23,Male,Computer Science,3,53.7,12.6,SES-2036,2024-02-12,Education,4,Present
45451,25,Male,Business,1,76.41,9.5,SES-2028,2024-06-25,Computer Science,8,Absent
45451,25,Male,Business,1,76.41,9.5,SES-2023,2024-04-21,Business,6,Absent
45451,25,Male,Business,1,76.41,9.5,SES-2048,2023-09-03,Computer Science,1,Present
45449,18,Female,Computer Science,5,39.86,7.2,SES-2012,2024-04-19,Education,5,Present
45449,18,Female,Computer Science,5,39.86,7.2,SES-2008,2024-03-04,Computer Science,4,Absent
45449,18,Female,Computer Science,5,39.86,7.2,SES-2028,2024-06-25,Computer Science,8,Present
45448,17,Female,Computer Science,5,39.86,7.2,SES-2031,2024-07-18,Computer Science,8,Absent
45448,17,Female,Computer Science,5,39.86,7.2,SES-2001,2024-02-05,Computer Science,4,Present
45447,20,Female,Computer Science,7,81.02,13.8,SES-2039,2024-02-08,Engineering,4,Present
45447,20,Female,Computer Science,7,81.02,13.8,SES-2033,2023-11-14,Education,2,Present
45446,22,Female,Business,8,60.19,7.5,SES-2019,2024-06-21,Engineering,7,Present
45446,22,Female,Business,8,60.19,7.5,SES-2009,2024-05-12,Social Sciences,7,Present
45446,22,Female,Business,8,60.19,7.5,SES-2041,2023-10-05,Business,2,Present
45446,22,Female,Business,8,60.19,7.5,SES-2006,2024-03-25,Education,5,Present
45443,22,Female,Business,4,58.54,10.0,SES-2018,2023-11-06,Business,3,Present
45440,18,Male,Social Sciences,2,60.6,8.1,SES-2043,2024-05-18,Education,7,Present
45440,18,Male,Social Sciences,2,60.6,8.1,SES-2026,2024-04-19,Business,5,Present
45440,18,Male,Social Sciences,2,60.6,8.1,SES-2020,2024-03-27,Computer Science,4,Present
45438,26,Male,Social Sciences,2,60.6,8.1,SES-2021,2024-02-26,Social Sciences,4,Present
45438,26,Male,Social Sciences,2,60.6,8.1,SES-2047,2024-02-01,Computer Science,4,Present
45438,26,Male,Engineering,5,55.78,5.9,SES-2027,2024-04-05,Engineering,6,Present
45438,26,Male,Engineering,5,55.78,5.9,SES-2026,2024-04-19,Business,5,Present
45437,20,Male,Engineering,5,55.78,5.9,SES-2041,2023-10-05,Business,2,Present
45437,20,Male,Business,4,66.55,11.1,SES-2046,2024-02-11,Computer Science,4,Present
45437,20,Male,Business,4,66.55,11.1,SES-2045,2024-07-04,Education,8,Present
45437,20,Male,Business,4,66.55,11.1,SES-2031,2024-07-18,Computer Science,8,Present
45437,20,Male,Business,4,66.55,11.1,SES-2044,2024-04-22,Social Sciences,5,Present
45432,22,Female,Computer Science,4,50.67,11.7,SES-2032,2023-11-25,Social Sciences,2,Present
45432,22,Male,Engineering,1,58.39,4.6,SES-2045,2024-07-04,Education,8,Present
45432,22,Male,Engineering,1,58.39,4.6,SES-2037,2023-10-16,Computer Science,1,Absent
45432,22,Male,Engineering,1,58.39,4.6,SES-2017,2024-03-23,Computer Science,4,Absent
45431,18,Male,Computer Science,5,72.68,9.2,SES-2001,2024-02-05,Computer Science,4,Present
45431,18,Female,Education,7,68.7,7.1,SES-2001,2024-02-05,Computer Science,4,Present
45431,18,Female,Education,7,68.7,7.1,SES-2013,2023-10-22,Education,2,Present
45430,20,Female,Education,7,68.7,7.1,SES-2040,2023-10-24,Business,2,Absent
45428,19,Female,Engineering,7,71.15,8.0,SES-2023,2024-04-21,Business,6,Present
45426,21,Female,Engineering,7,71.15,8.0,SES-2046,2024-02-11,Computer Science,4,Present
45426,21,Female,Engineering,7,71.15,8.0,SES-2013,2023-10-22,Education,2,Present
45426,21,Female,Engineering,7,71.15,8.0,SES-2014,2024-03-28,Education,5,Present
45426,21,Female,Business,3,47.82,12.3,SES-2023,2024-04-21,Business,6,Absent
45425,21,Male,Education,2,48.87,11.9,SES-2043,2024-05-18,Education,7,Absent
45425,21,Male,Education,2,48.87,11.9,SES-2031,2024-07-18,Computer Science,8,Absent
45425,21,Male,Education,2,48.87,11.9,SES-2042,2023-12-17,Engineering,3,Absent
45419,23,Male,Computer Science,8,69.53,8.4,SES-2001,2024-02-05,Computer Science,4,Present
45419,23,Male,Computer Science,8,69.53,8.4,SES-2038,2023-11-27,Social Sciences,2,Absent
45419,23,Male,Computer Science,8,69.53,8.4,SES-2009,2024-05-12,Social Sciences,7,Present
45418,22,Male,Computer Science,6,71.24,6.5,SES-2025,2023-11-24,Engineering,3,Present
45418,22,Male,Computer Science,6,71.24,6.5,SES-2005,2024-05-15,Engineering,7,Present
45411,20,Male,Education,6,49.34,11.8,SES-2043,2024-05-18,Education,7,Absent
45411,20,Male,Education,6,49.34,11.8,SES-2002,2023-11-02,Computer Science,2,Absent
45409,19,Male,Computer Science,8,68.69,11.5,SES-2038,2023-11-27,Social Sciences,2,Present
45409,19,Male,Education,3,71.48,9.9,SES-2013,2023-10-22,Education,2,Present
45409,19,Male,Education,3,71.48,9.9,SES-2023,2024-04-21,Business,6,Present
45408,18,Male,Education,3,71.48,9.9,SES-2003,2023-10-08,Engineering,2,Present
45408,18,Male,Education,3,71.48,9.9,SES-2037,2023-10-16,Computer Science,1,Present
45406,19,Female,Engineering,5,85.16,13.2,SES-2029,2023-10-21,Education,2,Present
45404,20,Female,Engineering,5,85.16,13.2,SES-2044,2024-04-22,Social Sciences,5,Present
45404,20,Female,Engineering,5,85.16,13.2,SES-2017,2024-03-23,Computer Science,4,Present
45404,20,Male,Business,8,48.83,7.9,SES-2011,2023-11-03,Engineering,2,Absent
45404,20,Male,Business,8,48.83,7.9,SES-2039,2024-02-08,Engineering,4,Present
45404,20,Male,Business,8,48.83,7.9,SES-2047,2024-02-01,Computer Science,4,Present
45397,23,Female,Education,6,60.34,14.8,SES-2001,2024-02-05,Computer Science,4,Present
45397,23,Female,Education,6,60.34,14.8,SES-2012,2024-04-19,Education,5,Present
45397,23,Female,Education,6,60.34,14.8,SES-2010,2024-03-24,Business,5,Present
45393,20,Female,Engineering,3,65.21,7.9,SES-2042,2023-12-17,Engineering,3,Present
45392,23,Female,Engineering,3,65.21,7.9,SES-2029,2023-10-21,Education,2,Present
45392,23,Female,Engineering,3,65.21,7.9,SES-2025,2023-11-24,Engineering,3,Present
45392,23,Female,Engineering,2,69.08,6.3,SES-2008,2024-03-04,Computer Science,4,Present
45392,23,Female,Engineering,2,69.08,6.3,SES-2004,2023-09-23,Engineering,1,Present
45392,23,Female,Engineering,2,69.08,6.3,SES-2005,2024-05-15,Engineering,7,Present
45391,22,Female,Social Sciences,3,67.67,13.8,SES-2046,2024-02-11,Computer Science,4,Present
45391,22,Female,Social Sciences,3,67.67,13.8,SES-2045,2024-07-04,Education,8,Present
45391,22,Female,Social Sciences,3,67.67,13.8,SES-2037,2023-10-16,Computer Science,1,Present
45391,22,Female,Social Sciences,4,83.47,10.9,SES-2007,2024-06-09,Education,7,Present
45391,22,Female,Social Sciences,4,83.47,10.9,SES-2006,2024-03-25,Education,5,Present
45390,22,Female,Social Sciences,4,83.47,10.9,SES-2023,2024-04-21,Business,6,Present
45389,20,Female,Social Sciences,4,83.47,10.9,SES-2019,2024-06-21,Engineering,7,Present
45389,20,Male,Business,1,60.23,4.3,SES-2020,2024-03-27,Computer Science,4,Absent
45389,20,Male,Business,1,60.23,4.3,SES-2023,2024-04-21,Business,6,Absent
45389,20,Male,Business,1,60.23,4.3,SES-2002,2023-11-02,Computer Science,2,Absent
45389,20,Male,Business,1,60.23,4.3,SES-2006,2024-03-25,Education,5,Absent
45388,21,Female,Social Sciences,6,81.94,8.3,SES-2015,2023-11-09,Business,2,Absent
45387,20,Female,Social Sciences,6,81.94,8.3,SES-2014,2024-03-28,Education,5,Present
45386,23,Female,Social Sciences,6,81.94,8.3,SES-2009,2024-05-12,Social Sciences,7,Present
45386,23,Female,Social Sciences,6,81.94,8.3,SES-2025,2023-11-24,Engineering,3,Present
45386,23,Female,Social Sciences,6,81.94,8.3,SES-2038,2023-11-27,Social Sciences,2,Absent
45386,23,Female,Business,1,84.25,8.9,SES-2019,2024-06-21,Engineering,7,Present
45386,23,Female,Business,1,84.25,8.9,SES-2017,2024-03-23,Computer Science,4,Present
45385,17,Female,Business,1,84.25,8.9,SES-2040,2023-10-24,Business,2,Present
45385,17,Female,Business,1,84.25,8.9,SES-2018,2023-11-06,Business,3,Present
45385,17,Female,Business,1,84.25,8.9,SES-2007,2024-06-09,Education,7,Present
45385,17,Female,Engineering,4,62.55,8.5,SES-2027,2024-04-05,Engineering,6,Present
45384,22,Female,Engineering,4,62.55,8.5,SES-2046,2024-02-11,Computer Science,4,Present
45384,22,Female,Engineering,4,62.55,8.5,SES-2031,2024-07-18,Computer Science,8,Present
45384,22,Female,Business,6,54.5,10.4,SES-2040,2023-10-24,Business,2,Present
45384,22,Male,Social Sciences,3,59.31,4.8,SES-2003,2023-10-08,Engineering,2,Present
45383,24,Female,Computer Science,5,73.3,11.6,SES-2045,2024-07-04,Education,8,Present
45383,24,Female,Computer Science,5,73.3,11.6,SES-2035,2023-11-28,Social Sciences,3,Present
45383,24,Female,Computer Science,5,73.3,11.6,SES-2005,2024-05-15,Engineering,7,Absent
45383,24,Female,Computer Science,5,73.3,11.6,SES-2011,2023-11-03,Engineering,2,Present
45382,25,Female,Computer Science,4,90.06,8.5,SES-2036,2024-02-12,Education,4,Present
45382,25,Female,Computer Science,4,90.06,8.5,SES-2016,2024-04-12,Social Sciences,6,Present
45382,25,Female,Computer Science,4,90.06,8.5,SES-2029,2023-10-21,Education,2,Present
45381,21,Female,Computer Science,4,90.06,8.5,SES-2026,2024-04-19,Business,5,Present
45381,21,Female,Computer Science,5,53.87,13.5,SES-2004,2023-09-23,Engineering,1,Present
45381,21,Female,Computer Science,5,53.87,13.5,SES-2014,2024-03-28,Education,5,Present
45381,21,Female,Computer Science,5,53.87,13.5,SES-2007,2024-06-09,Education,7,Present
45377,19,Male,Social Sciences,6,83.28,8.4,SES-2019,2024-06-21,Engineering,7,Present
45377,19,Male,Engineering,5,73.27,10.5,SES-2025,2023-11-24,Engineering,3,Present
45377,19,Female,Computer Science,1,79.31,13.4,SES-2009,2024-05-12,Social Sciences,7,Present
45377,19,Female,Computer Science,1,79.31,13.4,SES-2011,2023-11-03,Engineering,2,Present
45376,19,Female,Computer Science,1,79.31,13.4,SES-2029,2023-10-21,Education,2,Present
45376,19,Male,Computer Science,6,29.98,10.2,SES-2009,2024-05-12,Social Sciences,7,Absent
45375,24,Male,Computer Science,6,29.98,10.2,SES-2046,2024-02-11,Computer Science,4,Absent
45375,24,Male,Computer Science,6,29.98,10.2,SES-2043,2024-05-18,Education,7,Absent
45375,24,Male,Computer Science,6,29.98,10.2,SES-2030,2024-05-13,Business,7,Absent
45375,24,Male,Social Sciences,3,69.29,10.4,SES-2011,2023-11-03,Engineering,2,Present
45373,21,Female,Business,7,49.21,7.6,SES-2032,2023-11-25,Social Sciences,2,Absent
45373,21,Female,Business,7,49.21,7.6,SES-2002,2023-11-02,Computer Science,2,Absent
45373,21,Female,Business,7,49.21,7.6,SES-2001,2024-02-05,Computer Science,4,Absent
45372,17,Female,Business,7,49.21,7.6,SES-2019,2024-06-21,Engineering,7,Absent
45369,23,Female,Engineering,7,88.17,6.4,SES-2038,2023-11-27,Social Sciences,2,Present
45368,18,Female,Business,1,71.6,5.9,SES-2032,2023-11-25,Social Sciences,2,Present
45366,18,Female,Business,1,71.6,5.9,SES-2006,2024-03-25,Education,5,Present
45366,18,Female,Business,1,71.6,5.9,SES-2038,2023-11-27,Social Sciences,2,Present
45366,18,Male,Engineering,2,75.36,14.2,SES-2040,2023-10-24,Business,2,Present
45366,18,Male,Engineering,2,75.36,14.2,SES-2037,2023-10-16,Computer Science,1,Present
45366,18,Male,Engineering,2,75.36,14.2,SES-2014,2024-03-28,Education,5,Present
45365,17,Male,Engineering,2,75.36,14.2,SES-2002,2023-11-02,Computer Science,2,Present
45361,20,Female,Business,2,62.05,8.7,SES-2041,2023-10-05,Business,2,Present
45357,23,Male,Engineering,3,63.82,10.0,SES-2021,2024-02-26,Social Sciences,4,Present
45357,23,Male,Education,3,53.44,9.6,SES-2028,2024-06-25,Computer Science,8,Present
45357,23,Female,Education,2,54.67,11.1,SES-2038,2023-11-27,Social Sciences,2,Present
45357,23,Female,Education,2,54.67,11.1,SES-2024,2024-06-05,Social Sciences,7,Present
45356,20,Female,Education,2,54.67,11.1,SES-2032,2023-11-25,Social Sciences,2,Present
45356,20,Female,Education,1,79.58,6.5,SES-2020,2024-03-27,Computer Science,4,Present
45356,20,Female,Education,1,79.58,6.5,SES-2029,2023-10-21,Education,2,Present
45355,22,Female,Education,1,79.58,6.5,SES-2018,2023-11-06,Business,3,Present
45355,22,Female,Education,1,79.58,6.5,SES-2007,2024-06-09,Education,7,Present
45352,17,Female,Engineering,8,73.35,9.8,SES-2040,2023-10-24,Business,2,Present
45351,22,Male,Computer Science,1,57.46,11.3,SES-2025,2023-11-24,Engineering,3,Absent
45350,22,Female,Education,3,56.72,6.1,SES-2032,2023-11-25,Social Sciences,2,Present
45350,22,Female,Education,3,56.72,6.1,SES-2023,2024-04-21,Business,6,Present
45349,17,Female,Education,3,56.72,6.1,SES-2042,2023-12-17,Engineering,3,Absent
45349,17,Female,Education,3,56.72,6.1,SES-2039,2024-02-08,Engineering,4,Present
45349,17,Female,Education,3,56.72,6.1,SES-2004,2023-09-23,Engineering,1,Present
45343,17,Female,Business,2,67.26,7.1,SES-2035,2023-11-28,Social Sciences,3,Present
45343,17,Female,Business,2,67.26,7.1,SES-2018,2023-11-06,Business,3,Present
45341,27,Female,Business,1,57.69,9.5,SES-2001,2024-02-05,Computer Science,4,Present
45341,27,Female,Business,1,57.69,9.5,SES-2039,2024-02-08,Engineering,4,Present
45340,23,Female,Business,1,57.69,9.5,SES-2025,2023-11-24,Engineering,3,Present
45340,23,Female,Business,1,57.69,9.5,SES-2034,2024-06-24,Social Sciences,8,Absent
45340,23,Male,Social Sciences,4,55.8,5.4,SES-2003,2023-10-08,Engineering,2,Present
45337,19,Male,Education,3,53.47,2.8,SES-2045,2024-07-04,Education,8,Absent
45337,19,Male,Education,3,53.47,2.8,SES-2032,2023-11-25,Social Sciences,2,Absent
45337,19,Male,Education,3,53.47,2.8,SES-2022,2024-06-03,Education,7,Absent
45337,19,Male,Education,3,53.47,2.8,SES-2034,2024-06-24,Social Sciences,8,Absent
45337,19,Female,Engineering,3,75.72,8.1,SES-2040,2023-10-24,Business,2,Present
45336,20,Female,Engineering,3,75.72,8.1,SES-2048,2023-09-03,Computer Science,1,Present
45332,21,Female,Engineering,8,75.88,5.6,SES-2003,2023-10-08,Engineering,2,Present
45332,21,Female,Engineering,8,75.88,5.6,SES-2044,2024-04-22,Social Sciences,5,Present
45331,25,Female,Computer Science,3,65.61,11.2,SES-2034,2024-06-24,Social Sciences,8,Present
45331,25,Female,Computer Science,3,65.61,11.2,SES-2015,2023-11-09,Business,2,Present
45331,25,Female,Computer Science,3,65.61,11.2,SES-2048,2023-09-03,Computer Science,1,Present
45331,25,Female,Computer Science,3,65.61,11.2,SES-2030,2024-05-13,Business,7,Present
45331,25,Female,Education,1,59.16,10.7,SES-2009,2024-05-12,Social Sciences,7,Present
45330,19,Female,Education,1,59.16,10.7,SES-2045,2024-07-04,Education,8,Absent
45330,19,Female,Education,1,59.16,10.7,SES-2031,2024-07-18,Computer Science,8,Present
45329,24,Female,Social Sciences,6,53.44,6.0,SES-2031,2024-07-18,Computer Science,8,Present
45328,22,Female,Social Sciences,6,53.44,6.0,SES-2045,2024-07-04,Education,8,Absent
45327,20,Female,Social Sciences,6,53.44,6.0,SES-2016,2024-04-12,Social Sciences,6,Absent
45327,20,Female,Computer Science,1,58.18,8.0,SES-2044,2024-04-22,Social Sciences,5,Present
45327,20,Female,Computer Science,1,58.18,8.0,SES-2038,2023-11-27,Social Sciences,2,Present
45324,21,Male,Engineering,4,67.7,5.9,SES-2027,2024-04-05,Engineering,6,Present
45324,21,Male,Engineering,4,67.7,5.9,SES-2008,2024-03-04,Computer Science,4,Present
45323,20,Male,Engineering,4,67.7,5.9,SES-2005,2024-05-15,Engineering,7,Present
45323,20,Male,Engineering,4,67.7,5.9,SES-2003,2023-10-08,Engineering,2,Present
45322,20,Female,Social Sciences,6,91.54,13.0,SES-2005,2024-05-15,Engineering,7,Present
45322,20,Female,Social Sciences,6,91.54,13.0,SES-2016,2024-04-12,Social Sciences,6,Present
45319,20,Female,Computer Science,1,64.6,13.1,SES-2003,2023-10-08,Engineering,2,Absent
45319,20,Female,Computer Science,1,64.6,13.1,SES-2019,2024-06-21,Engineering,7,Present
45319,20,Female,Computer Science,1,64.6,13.1,SES-2005,2024-05-15,Engineering,7,Absent
45319,20,Female,Computer Science,1,64.6,13.1,SES-2018,2023-11-06,Business,3,Absent
45318,20,Female,Computer Science,1,64.6,13.1,SES-2043,2024-05-18,Education,7,Present
45318,20,Female,Business,4,49.43,12.1,SES-2046,2024-02-11,Computer Science,4,Present
45318,20,Female,Business,4,49.43,12.1,SES-2016,2024-04-12,Social Sciences,6,Present
45318,20,Female,Business,4,49.43,12.1,SES-2049,2024-04-17,Education,6,Absent
45317,21,Female,Business,4,49.43,12.1,SES-2039,2024-02-08,Engineering,4,Absent
45317,21,Female,Computer Science,4,85.62,8.7,SES-2015,2023-11-09,Business,2,Present
45316,22,Female,Computer Science,4,85.62,8.7,SES-2004,2023-09-23,Engineering,1,Present
45316,22,Female,Engineering,5,64.97,4.6,SES-2018,2023-11-06,Business,3,Absent
45315,19,Female,Engineering,8,81.66,8.3,SES-2009,2024-05-12,Social Sciences,7,Present
45315,19,Female,Engineering,8,81.66,8.3,SES-2035,2023-11-28,Social Sciences,3,Present
45314,20,Female,Engineering,8,81.66,8.3,SES-2013,2023-10-22,Education,2,Present
45314,20,Female,Engineering,8,81.66,8.3,SES-2038,2023-11-27,Social Sciences,2,Present
45313,24,Female,Education,6,53.65,9.0,SES-2043,2024-05-18,Education,7,Present
45313,24,Female,Education,6,53.65,9.0,SES-2028,2024-06-25,Computer Science,8,Present
45313,24,Female,Education,6,53.65,9.0,SES-2034,2024-06-24,Social Sciences,8,Present
45312,23,Female,Education,6,53.65,9.0,SES-2018,2023-11-06,Business,3,Present
45312,23,Female,Education,6,53.65,9.0,SES-2014,2024-03-28,Education,5,Absent
45311,21,Male,Computer Science,5,88.03,13.7,SES-2040,2023-10-24,Business,2,Present
45310,21,Male,Computer Science,5,88.03,13.7,SES-2012,2024-04-19,Education,5,Present
45310,21,Male,Computer Science,5,88.03,13.7,SES-2024,2024-06-05,Social Sciences,7,Present
45310,21,Male,Computer Science,5,88.03,13.7,SES-2034,2024-06-24,Social Sciences,8,Present
45309,22,Female,Education,4,62.14,8.4,SES-2017,2024-03-23,Computer Science,4,Present
45308,24,Female,Education,4,62.14,8.4,SES-2042,2023-12-17,Engineering,3,Present
45308,24,Female,Education,4,62.14,8.4,SES-2011,2023-11-03,Engineering,2,Present
45306,23,Female,Computer Science,2,66.81,3.8,SES-2011,2023-11-03,Engineering,2,Absent
45306,23,Female,Computer Science,2,66.81,3.8,SES-2032,2023-11-25,Social Sciences,2,Absent
45304,22,Female,Education,6,67.66,12.0,SES-2037,2023-10-16,Computer Science,1,Present
45303,20,Male,Education,1,61.95,9.3,SES-2044,2024-04-22,Social Sciences,5,Absent
45303,20,Male,Education,1,61.95,9.3,SES-2047,2024-02-01,Computer Science,4,Present
45303,20,Female,Education,4,80.89,13.7,SES-2005,2024-05-15,Engineering,7,Present
45302,19,Female,Education,4,80.89,13.7,SES-2024,2024-06-05,Social Sciences,7,Present
45302,19,Female,Social Sciences,8,58.7,5.4,SES-2018,2023-11-06,Business,3,Absent
45302,19,Female,Social Sciences,8,58.7,5.4,SES-2003,2023-10-08,Engineering,2,Absent
45297,20,Female,Social Sciences,5,64.44,2.1,SES-2006,2024-03-25,Education,5,Absent
45297,20,Female,Social Sciences,5,64.44,2.1,SES-2020,2024-03-27,Computer Science,4,Absent
45297,20,Female,Business,3,56.74,6.5,SES-2002,2023-11-02,Computer Science,2,Present
45297,20,Female,Computer Science,4,66.21,13.6,SES-2033,2023-11-14,Education,2,Present
45297,20,Female,Computer Science,4,66.21,13.6,SES-2048,2023-09-03,Computer Science,1,Present
45295,19,Female,Computer Science,4,66.21,13.6,SES-2014,2024-03-28,Education,5,Present
45295,19,Female,Computer Science,4,66.21,13.6,SES-2045,2024-07-04,Education,8,Present
45295,19,Female,Computer Science,3,53.8,3.8,SES-2019,2024-06-21,Engineering,7,Absent
45295,19,Female,Computer Science,3,53.8,3.8,SES-2008,2024-03-04,Computer Science,4,Absent
45295,19,Female,Computer Science,3,53.8,3.8,SES-2004,2023-09-23,Engineering,1,Absent
45294,23,Female,Computer Science,3,53.8,3.8,SES-2037,2023-10-16,Computer Science,1,Absent
45294,23,Female,Computer Science,3,53.8,3.8,SES-2043,2024-05-18,Education,7,Absent
45291,21,Male,Education,4,56.52,16.3,SES-2016,2024-04-12,Social Sciences,6,Present
45291,21,Male,Education,4,56.52,16.3,SES-2027,2024-04-05,Engineering,6,Present
45291,21,Male,Education,4,56.52,16.3,SES-2033,2023-11-14,Education,2,Present
45291,21,Female,Education,6,62.39,3.1,SES-2033,2023-11-14,Education,2,Present
45283,20,Male,Computer Science,6,88.24,11.4,SES-2039,2024-02-08,Engineering,4,Absent
45282,21,Male,Computer Science,6,88.24,11.4,SES-2015,2023-11-09,Business,2,Present
45282,21,Male,Computer Science,6,88.24,11.4,SES-2046,2024-02-11,Computer Science,4,Present
45282,21,Male,Computer Science,6,88.24,11.4,SES-2016,2024-04-12,Social Sciences,6,Present
45282,21,Male,Computer Science,6,88.24,11.4,SES-2047,2024-02-01,Computer Science,4,Absent
45279,23,Male,Computer Science,5,50.56,10.1,SES-2034,2024-06-24,Social Sciences,8,Present
45279,23,Male,Computer Science,5,50.56,10.1,SES-2026,2024-04-19,Business,5,Present
45278,20,Male,Computer Science,5,50.56,10.1,SES-2006,2024-03-25,Education,5,Absent
45278,20,Female,Business,2,75.83,1.4,SES-2007,2024-06-09,Education,7,Absent
45277,17,Female,Business,2,75.83,1.4,SES-2033,2023-11-14,Education,2,Absent
45277,17,Female,Business,2,75.83,1.4,SES-2028,2024-06-25,Computer Science,8,Absent
45277,17,Female,Business,2,75.83,1.4,SES-2003,2023-10-08,Engineering,2,Absent
45277,17,Male,Education,2,45.41,1.6,SES-2044,2024-04-22,Social Sciences,5,Absent
45277,17,Male,Education,2,45.41,1.6,SES-2022,2024-06-03,Education,7,Absent
45276,21,Male,Education,2,45.41,1.6,SES-2000,2023-10-24,Social Sciences,2,Absent
45271,17,Male,Education,6,54.1,3.3,SES-2018,2023-11-06,Business,3,Absent
45271,17,Male,Education,6,54.1,3.3,SES-2038,2023-11-27,Social Sciences,2,Present
45271,17,Male,Education,6,54.1,3.3,SES-2025,2023-11-24,Engineering,3,Present
45271,17,Male,Education,6,54.1,3.3,SES-2046,2024-02-11,Computer Science,4,Present
45269,24,Male,Engineering,8,64.36,11.4,SES-2036,2024-02-12,Education,4,Present
45269,24,Male,Engineering,8,64.36,11.4,SES-2001,2024-02-05,Computer Science,4,Present
45269,24,Male,Engineering,8,64.36,11.4,SES-2022,2024-06-03,Education,7,Absent
45268,19,Male,Education,2,82.23,7.1,SES-2022,2024-06-03,Education,7,Present
45268,19,Male,Education,2,82.23,7.1,SES-2044,2024-04-22,Social Sciences,5,Absent
45268,19,Male,Education,2,82.23,7.1,SES-2004,2023-09-23,Engineering,1,Present
45267,22,Male,Education,2,82.23,7.1,SES-2003,2023-10-08,Engineering,2,Present
45260,19,Male,Business,1,74.2,13.4,SES-2011,2023-11-03,Engineering,2,Present
45259,19,Female,Education,2,56.32,5.3,SES-2038,2023-11-27,Social Sciences,2,Present
45255,19,Male,Computer Science,2,34.95,8.5,SES-2032,2023-11-25,Social Sciences,2,Present
45254,18,Male,Computer Science,2,34.95,8.5,SES-2027,2024-04-05,Engineering,6,Absent
45254,18,Male,Computer Science,2,34.95,8.5,SES-2037,2023-10-16,Computer Science,1,Absent
45252,22,Male,Education,4,78.75,6.3,SES-2012,2024-04-19,Education,5,Present
45252,22,Male,Education,4,78.75,6.3,SES-2030,2024-05-13,Business,7,Present
45252,22,Male,Education,4,78.75,6.3,SES-2022,2024-06-03,Education,7,Present
45252,22,Male,Education,4,78.75,6.3,SES-2032,2023-11-25,Social Sciences,2,Present
45252,22,Male,Education,4,78.75,6.3,SES-2005,2024-05-15,Engineering,7,Present
45250,20,Female,Engineering,3,53.42,8.4,SES-2001,2024-02-05,Computer Science,4,Present
45250,20,Female,Engineering,3,53.42,8.4,SES-2014,2024-03-28,Education,5,Absent
45249,22,Female,Computer Science,6,55.58,8.3,SES-2027,2024-04-05,Engineering,6,Present
45249,22,Female,Computer Science,6,55.58,8.3,SES-2015,2023-11-09,Business,2,Present
45248,21,Female,Computer Science,6,55.58,8.3,SES-2034,2024-06-24,Social Sciences,8,Present
45247,17,Female,Computer Science,6,55.58,8.3,SES-2018,2023-11-06,Business,3,Present
45246,21,Male,Social Sciences,6,61.64,11.5,SES-2005,2024-05-15,Engineering,7,Present
45246,21,Male,Social Sciences,6,61.64,11.5,SES-2014,2024-03-28,Education,5,Present
45241,21,Male,Business,4,90.1,6.6,SES-2019,2024-06-21,Engineering,7,Present
45241,21,Male,Business,4,90.1,6.6,SES-2024,2024-06-05,Social Sciences,7,Present
45241,21,Male,Business,4,90.1,6.6,SES-2031,2024-07-18,Computer Science,8,Present
45241,21,Male,Business,4,90.1,6.6,SES-2029,2023-10-21,Education,2,Present
45240,21,Male,Education,2,68.86,12.0,SES-2008,2024-03-04,Computer Science,4,Present
45240,21,Male,Education,2,68.86,12.0,SES-2047,2024-02-01,Computer Science,4,Present
45240,21,Male,Education,2,68.86,12.0,SES-2043,2024-05-18,Education,7,Present
45240,21,Male,Engineering,6,63.14,10.6,SES-2034,2024-06-24,Social Sciences,8,Present
45240,21,Male,Engineering,6,63.14,10.6,SES-2035,2023-11-28,Social Sciences,3,Present
45238,21,Male,Engineering,6,63.14,10.6,SES-2015,2023-11-09,Business,2,Present
45238,21,Female,Education,2,84.5,10.3,SES-2029,2023-10-21,Education,2,Present
45237,21,Male,Engineering,6,64.4,11.6,SES-2021,2024-02-26,Social Sciences,4,Present
45237,21,Male,Engineering,6,64.4,11.6,SES-2013,2023-10-22,Education,2,Absent
45237,21,Male,Engineering,6,64.4,11.6,SES-2011,2023-11-03,Engineering,2,Absent
45237,21,Male,Engineering,6,64.4,11.6,SES-2043,2024-05-18,Education,7,Absent
45235,22,Female,Engineering,7,62.15,8.6,SES-2035,2023-11-28,Social Sciences,3,Present
45235,22,Female,Engineering,7,62.15,8.6,SES-2028,2024-06-25,Computer Science,8,Present
45235,22,Female,Engineering,7,62.15,8.6,SES-2030,2024-05-13,Business,7,Present
45235,22,Female,Engineering,7,62.15,8.6,SES-2024,2024-06-05,Social Sciences,7,Present
45233,21,Male,Computer Science,3,78.99,13.0,SES-2040,2023-10-24,Business,2,Present
45232,17,Male,Computer Science,3,78.99,13.0,SES-2033,2023-11-14,Education,2,Present
45232,17,Male,Computer Science,3,78.99,13.0,SES-2007,2024-06-09,Education,7,Present
45232,17,Male,Computer Science,3,78.99,13.0,SES-2037,2023-10-16,Computer Science,1,Present
45228,19,Male,Computer Science,1,71.05,4.8,SES-2008,2024-03-04,Computer Science,4,Absent
45222,19,Male,Business,2,76.58,11.4,SES-2026,2024-04-19,Business,5,Present
45221,27,Male,Business,2,76.58,11.4,SES-2013,2023-10-22,Education,2,Present
45221,27,Male,Business,2,76.58,11.4,SES-2030,2024-05-13,Business,7,Present
45220,20,Male,Business,2,76.58,11.4,SES-2023,2024-04-21,Business,6,Present
45219,21,Female,Engineering,8,70.36,11.1,SES-2007,2024-06-09,Education,7,Present
45219,21,Male,Engineering,5,57.88,7.7,SES-2002,2023-11-02,Computer Science,2,Present
45217,20,Male,Engineering,5,57.88,7.7,SES-2005,2024-05-15,Engineering,7,Absent
45217,20,Male,Engineering,5,57.88,7.7,SES-2048,2023-09-03,Computer Science,1,Present
45217,20,Male,Engineering,5,57.88,7.7,SES-2017,2024-03-23,Computer Science,4,Present
45217,20,Male,Social Sciences,7,72.2,6.6,SES-2000,2023-10-24,Social Sciences,2,Present
45216,23,Male,Social Sciences,7,72.2,6.6,SES-2030,2024-05-13,Business,7,Present
45216,23,Male,Social Sciences,7,72.2,6.6,SES-2012,2024-04-19,Education,5,Present
45216,23,Male,Social Sciences,7,72.2,6.6,SES-2034,2024-06-24,Social Sciences,8,Present
45216,23,Male,Business,2,48.19,11.5,SES-2027,2024-04-05,Engineering,6,Absent
45207,23,Female,Social Sciences,8,60.05,4.8,SES-2005,2024-05-15,Engineering,7,Absent
45206,17,Female,Social Sciences,8,60.05,4.8,SES-2004,2023-09-23,Engineering,1,Absent
45206,17,Female,Social Sciences,8,60.05,4.8,SES-2029,2023-10-21,Education,2,Absent
45206,17,Female,Social Sciences,8,60.05,4.8,SES-2006,2024-03-25,Education,5,Present
45205,22,Female,Social Sciences,8,60.05,4.8,SES-2023,2024-04-21,Business,6,Absent
45205,22,Female,Computer Science,4,60.36,8.5,SES-2012,2024-04-19,Education,5,Present
45204,20,Female,Computer Science,4,60.36,8.5,SES-2035,2023-11-28,Social Sciences,3,Present
45201,21,Female,Computer Science,4,60.36,8.5,SES-2024,2024-06-05,Social Sciences,7,Present
45200,21,Male,Business,1,51.52,9.1,SES-2027,2024-04-05,Engineering,6,Present
45200,21,Male,Business,1,51.52,9.1,SES-2045,2024-07-04,Education,8,Present
45199,22,Male,Business,1,51.52,9.1,SES-2000,2023-10-24,Social Sciences,2,Present
45199,22,Female,Business,3,42.54,10.1,SES-2041,2023-10-05,Business,2,Absent
45198,21,Female,Business,3,42.54,10.1,SES-2023,2024-04-21,Business,6,Absent
45198,21,Female,Business,3,42.54,10.1,SES-2007,2024-06-09,Education,7,Absent
45197,22,Female,Social Sciences,6,50.12,5.7,SES-2039,2024-02-08,Engineering,4,Absent
45197,22,Female,Social Sciences,6,50.12,5.7,SES-2005,2024-05-15,Engineering,7,Present
45196,17,Female,Social Sciences,6,50.12,5.7,SES-2045,2024-07-04,Education,8,Present
45196,17,Male,Education,2,63.95,7.7,SES-2030,2024-05-13,Business,7,Present
45196,17,Male,Education,2,63.95,7.7,SES-2021,2024-02-26,Social Sciences,4,Absent
45195,19,Male,Education,2,63.95,7.7,SES-2004,2023-09-23,Engineering,1,Present
45195,19,Male,Education,2,63.95,7.7,SES-2012,2024-04-19,Education,5,Present
45195,19,Male,Education,2,63.95,7.7,SES-2011,2023-11-03,Engineering,2,Present
45195,19,Female,Engineering,3,76.39,13.7,SES-2015,2023-11-09,Business,2,Present
45194,20,Female,Engineering,3,76.39,13.7,SES-2040,2023-10-24,Business,2,Present
45194,20,Female,Engineering,3,76.39,13.7,SES-2005,2024-05-15,Engineering,7,Absent
45193,21,Female,Engineering,3,76.39,13.7,SES-2033,2023-11-14,Education,2,Present
45193,21,Female,Business,8,63.78,8.5,SES-2002,2023-11-02,Computer Science,2,Present
45193,21,Female,Business,8,63.78,8.5,SES-2016,2024-04-12,Social Sciences,6,Present
45192,22,Female,Business,8,63.78,8.5,SES-2020,2024-03-27,Computer Science,4,Present
45192,22,Female,Business,8,63.78,8.5,SES-2022,2024-06-03,Education,7,Present
45192,22,Female,Business,8,63.78,8.5,SES-2027,2024-04-05,Engineering,6,Present
45184,18,Male,Engineering,3,73.8,6.8,SES-2038,2023-11-27,Social Sciences,2,Absent
45184,18,Male,Engineering,3,73.8,6.8,SES-2039,2024-02-08,Engineering,4,Present
45184,18,Male,Engineering,3,73.8,6.8,SES-2004,2023-09-23,Engineering,1,Present
45182,19,Male,Engineering,3,73.8,6.8,SES-2006,2024-03-25,Education,5,Present
45182,19,Male,Engineering,3,73.8,6.8,SES-2043,2024-05-18,Education,7,Present
45181,19,Male,Social Sciences,2,65.89,6.4,SES-2048,2023-09-03,Computer Science,1,Present
45181,19,Male,Social Sciences,2,65.89,6.4,SES-2006,2024-03-25,Education,5,Present
45181,19,Male,Social Sciences,2,65.89,6.4,SES-2029,2023-10-21,Education,2,Present
45180,20,Male,Social Sciences,2,65.89,6.4,SES-2010,2024-03-24,Business,5,Present
45180,20,Male,Social Sciences,2,65.89,6.4,SES-2032,2023-11-25,Social Sciences,2,Present
45180,20,Female,Engineering,6,60.23,8.8,SES-2042,2023-12-17,Engineering,3,Present
45180,20,Female,Engineering,6,60.23,8.8,SES-2025,2023-11-24,Engineering,3,Present
45180,20,Female,Engineering,6,60.23,8.8,SES-2022,2024-06-03,Education,7,Present
45179,20,Male,Computer Science,3,68.88,6.7,SES-2031,2024-07-18,Computer Science,8,Present
45179,20,Male,Computer Science,3,68.88,6.7,SES-2013,2023-10-22,Education,2,Present
45177,22,Male,Computer Science,3,68.88,6.7,SES-2019,2024-06-21,Engineering,7,Present
45177,22,Male,Computer Science,3,68.88,6.7,SES-2009,2024-05-12,Social Sciences,7,Absent
45176,23,Female,Engineering,3,78.2,10.5,SES-2035,2023-11-28,Social Sciences,3,Present
45176,23,Female,Engineering,3,78.2,10.5,SES-2015,2023-11-09,Business,2,Present
45176,23,Female,Engineering,3,78.2,10.5,SES-2028,2024-06-25,Computer Science,8,Present
45176,23,Female,Engineering,3,78.2,10.5,SES-2002,2023-11-02,Computer Science,2,Present
45175,22,Female,Social Sciences,6,45.58,5.4,SES-2019,2024-06-21,Engineering,7,Absent
45175,22,Female,Social Sciences,6,45.58,5.4,SES-2013,2023-10-22,Education,2,Absent
45175,22,Female,Social Sciences,6,45.58,5.4,SES-2034,2024-06-24,Social Sciences,8,Present
45175,22,Female,Education,3,74.63,8.3,SES-2032,2023-11-25,Social Sciences,2,Absent
45174,17,Female,Education,3,74.63,8.3,SES-2028,2024-06-25,Computer Science,8,Present
45174,17,Female,Education,3,74.63,8.3,SES-2015,2023-11-09,Business,2,Absent
45173,24,Male,Computer Science,1,62.63,2.2,SES-2008,2024-03-04,Computer Science,4,Absent
45173,24,Male,Computer Science,1,62.63,2.2,SES-2000,2023-10-24,Social Sciences,2,Absent
45173,24,Male,Computer Science,1,62.63,2.2,SES-2015,2023-11-09,Business,2,Absent
45173,24,Male,Computer Science,1,62.63,2.2,SES-2006,2024-03-25,Education,5,Present
45172,20,Female,Education,7,79.05,3.4,SES-2003,2023-10-08,Engineering,2,Present
45172,20,Female,Engineering,2,64.21,6.9,SES-2006,2024-03-25,Education,5,Present
45172,20,Female,Engineering,2,64.21,6.9,SES-2017,2024-03-23,Computer Science,4,Present
45171,19,Female,Computer Science,1,53.4,12.1,SES-2003,2023-10-08,Engineering,2,Present
45171,19,Female,Computer Science,1,53.4,12.1,SES-2024,2024-06-05,Social Sciences,7,Present
45171,19,Female,Computer Science,1,53.4,12.1,SES-2018,2023-11-06,Business,3,Present
45171,19,Female,Social Sciences,1,53.83,10.5,SES-2018,2023-11-06,Business,3,Absent
45168,23,Female,Computer Science,7,58.82,12.6,SES-2033,2023-11-14,Education,2,Present
45168,23,Female,Computer Science,7,58.82,12.6,SES-2047,2024-02-01,Computer Science,4,Present
45168,23,Female,Computer Science,7,58.82,12.6,SES-2039,2024-02-08,Engineering,4,Present
45167,22,Female,Computer Science,7,58.82,12.6,SES-2019,2024-06-21,Engineering,7,Present
45167,22,Female,Computer Science,7,58.82,12.6,SES-2030,2024-05-13,Business,7,Present
45163,21,Female,Computer Science,2,63.29,5.4,SES-2012,2024-04-19,Education,5,Present
45161,20,Female,Computer Science,2,63.29,5.4,SES-2005,2024-05-15,Engineering,7,Present
45161,20,Female,Computer Science,2,63.29,5.4,SES-2026,2024-04-19,Business,5,Present
45161,20,Female,Computer Science,2,63.29,5.4,SES-2002,2023-11-02,Computer Science,2,Absent
45158,23,Female,Engineering,7,48.94,5.9,SES-2000,2023-10-24,Social Sciences,2,Absent
45158,23,Female,Engineering,7,48.94,5.9,SES-2011,2023-11-03,Engineering,2,Absent
45156,19,Female,Engineering,7,48.94,5.9,SES-2022,2024-06-03,Education,7,Absent
45156,19,Female,Engineering,7,48.94,5.9,SES-2002,2023-11-02,Computer Science,2,Present
45154,23,Male,Computer Science,8,42.07,8.6,SES-2026,2024-04-19,Business,5,Absent
45154,23,Male,Computer Science,8,42.07,8.6,SES-2029,2023-10-21,Education,2,Absent
45152,22,Male,Computer Science,8,42.07,8.6,SES-2045,2024-07-04,Education,8,Absent
45150,20,Female,Business,8,74.06,10.4,SES-2047,2024-02-01,Computer Science,4,Present
45148,19,Female,Business,3,72.78,11.5,SES-2030,2024-05-13,Business,7,Present
45148,19,Female,Business,3,72.78,11.5,SES-2011,2023-11-03,Engineering,2,Present
45147,22,Female,Business,3,72.78,11.5,SES-2026,2024-04-19,Business,5,Present
45146,18,Female,Business,3,72.78,11.5,SES-2010,2024-03-24,Business,5,Present
45146,18,Female,Business,3,72.78,11.5,SES-2046,2024-02-11,Computer Science,4,Absent
45146,18,Female,Social Sciences,2,52.94,3.5,SES-2046,2024-02-11,Computer Science,4,Absent
45146,18,Female,Social Sciences,2,52.94,3.5,SES-2025,2023-11-24,Engineering,3,Absent
45146,18,Female,Social Sciences,2,52.94,3.5,SES-2044,2024-04-22,Social Sciences,5,Absent
45141,21,Female,Business,3,78.4,11.7,SES-2025,2023-11-24,Engineering,3,Absent
45141,21,Female,Business,3,78.4,11.7,SES-2022,2024-06-03,Education,7,Present
45141,21,Female,Business,3,78.4,11.7,SES-2048,2023-09-03,Computer Science,1,Present
45140,19,Female,Business,3,78.4,11.7,SES-2029,2023-10-21,Education,2,Present
45140,19,Female,Business,1,47.25,8.7,SES-2001,2024-02-05,Computer Science,4,Absent
45140,19,Female,Business,1,47.25,8.7,SES-2027,2024-04-05,Engineering,6,Absent
45138,22,Female,Business,1,47.25,8.7,SES-2002,2023-11-02,Computer Science,2,Absent
45138,22,Female,Business,2,50.86,5.6,SES-2041,2023-10-05,Business,2,Present
45138,22,Female,Education,5,65.63,3.4,SES-2042,2023-12-17,Engineering,3,Absent
45138,22,Female,Education,5,65.63,3.4,SES-2027,2024-04-05,Engineering,6,Present
45137,18,Female,Education,5,65.63,3.4,SES-2043,2024-05-18,Education,7,Present
45137,18,Female,Education,5,65.63,3.4,SES-2029,2023-10-21,Education,2,Present
45134,17,Female,Computer Science,7,48.77,3.6,SES-2012,2024-04-19,Education,5,Absent
45134,17,Female,Computer Science,7,48.77,3.6,SES-2034,2024-06-24,Social Sciences,8,Absent
45134,17,Female,Computer Science,7,48.77,3.6,SES-2021,2024-02-26,Social Sciences,4,Absent
45132,21,Female,Education,8,77.56,11.9,SES-2022,2024-06-03,Education,7,Present
45132,21,Female,Education,8,77.56,11.9,SES-2033,2023-11-14,Education,2,Absent
45132,21,Female,Education,6,63.29,8.1,SES-2036,2024-02-12,Education,4,Present
45132,21,Female,Social Sciences,4,63.27,8.8,SES-2044,2024-04-22,Social Sciences,5,Present
45131,21,Female,Social Sciences,4,63.27,8.8,SES-2043,2024-05-18,Education,7,Present
45130,20,Female,Social Sciences,4,63.27,8.8,SES-2022,2024-06-03,Education,7,Absent
45130,20,Female,Social Sciences,4,63.27,8.8,SES-2017,2024-03-23,Computer Science,4,Present
45130,20,Female,Social Sciences,4,63.27,8.8,SES-2014,2024-03-28,Education,5,Present
45128,22,Male,Business,2,41.75,5.4,SES-2048,2023-09-03,Computer Science,1,Present
45128,22,Male,Business,2,41.75,5.4,SES-2034,2024-06-24,Social Sciences,8,Absent
45128,22,Male,Business,2,41.75,5.4,SES-2038,2023-11-27,Social Sciences,2,Present
45128,22,Male,Business,2,41.75,5.4,SES-2023,2024-04-21,Business,6,Absent
45128,22,Male,Business,6,49.29,7.1,SES-2007,2024-06-09,Education,7,Present
45127,21,Male,Business,6,49.29,7.1,SES-2003,2023-10-08,Engineering,2,Absent
45127,21,Male,Business,6,49.29,7.1,SES-2041,2023-10-05,Business,2,Absent
45127,21,Male,Business,6,49.29,7.1,SES-2042,2023-12-17,Engineering,3,Absent
45127,21,Male,Business,6,49.29,7.1,SES-2021,2024-02-26,Social Sciences,4,Absent
45123,19,Female,Computer Science,2,59.7,10.3,SES-2028,2024-06-25,Computer Science,8,Present
45123,19,Female,Computer Science,2,59.7,10.3,SES-2004,2023-09-23,Engineering,1,Present
45123,19,Female,Computer Science,2,59.7,10.3,SES-2010,2024-03-24,Business,5,Present
45119,19,Male,Engineering,7,75.03,9.3,SES-2031,2024-07-18,Computer Science,8,Present
45118,19,Female,Computer Science,1,72.81,10.9,SES-2017,2024-03-23,Computer Science,4,Present
45118,19,Female,Computer Science,1,72.81,10.9,SES-2033,2023-11-14,Education,2,Present
45118,19,Female,Computer Science,1,72.81,10.9,SES-2015,2023-11-09,Business,2,Present
45118,19,Female,Computer Science,1,72.81,10.9,SES-2004,2023-09-23,Engineering,1,Absent
45118,19,Female,Computer Science,1,72.81,10.9,SES-2016,2024-04-12,Social Sciences,6,Present
45117,19,Female,Computer Science,1,83.53,6.7,SES-2034,2024-06-24,Social Sciences,8,Present
45114,18,Male,Engineering,2,60.44,5.1,SES-2045,2024-07-04,Education,8,Present
45114,18,Female,Social Sciences,5,61.01,11.2,SES-2023,2024-04-21,Business,6,Present
45114,18,Female,Computer Science,2,51.15,5.5,SES-2028,2024-06-25,Computer Science,8,Present
45113,21,Male,Social Sciences,7,65.73,8.7,SES-2004,2023-09-23,Engineering,1,Present
45112,26,Male,Social Sciences,7,65.73,8.7,SES-2031,2024-07-18,Computer Science,8,Present
45112,26,Male,Social Sciences,7,66.86,7.5,SES-2028,2024-06-25,Computer Science,8,Present
45112,26,Male,Social Sciences,7,66.86,7.5,SES-2048,2023-09-03,Computer Science,1,Present
45111,23,Male,Social Sciences,7,66.86,7.5,SES-2002,2023-11-02,Computer Science,2,Present
45110,22,Female,Computer Science,7,53.93,10.1,SES-2039,2024-02-08,Engineering,4,Absent
45100,18,Female,Education,2,85.47,11.9,SES-2015,2023-11-09,Business,2,Present
45099,22,Female,Education,2,85.47,11.9,SES-2030,2024-05-13,Business,7,Present
45099,22,Female,Education,2,85.47,11.9,SES-2006,2024-03-25,Education,5,Absent
45099,22,Male,Social Sciences,4,56.95,11.3,SES-2006,2024-03-25,Education,5,Present
45099,22,Male,Social Sciences,4,56.95,11.3,SES-2024,2024-06-05,Social Sciences,7,Present
45098,21,Male,Social Sciences,4,56.95,11.3,SES-2002,2023-11-02,Computer Science,2,Present
45096,23,Male,Social Sciences,4,56.95,11.3,SES-2026,2024-04-19,Business,5,Present
45096,23,Female,Engineering,2,58.63,11.2,SES-2044,2024-04-22,Social Sciences,5,Present
45096,23,Female,Engineering,7,86.4,8.0,SES-2004,2023-09-23,Engineering,1,Present
45094,22,Male,Computer Science,1,66.47,10.6,SES-2005,2024-05-15,Engineering,7,Present
45094,22,Male,Computer Science,1,66.47,10.6,SES-2036,2024-02-12,Education,4,Present
45094,22,Male,Computer Science,1,66.47,10.6,SES-2003,2023-10-08,Engineering,2,Present
45094,22,Male,Computer Science,1,66.47,10.6,SES-2044,2024-04-22,Social Sciences,5,Present
45094,22,Male,Computer Science,6,62.33,6.3,SES-2017,2024-03-23,Computer Science,4,Present
45093,19,Male,Computer Science,6,62.33,6.3,SES-2009,2024-05-12,Social Sciences,7,Present
45093,19,Male,Computer Science,2,65.48,4.9,SES-2030,2024-05-13,Business,7,Present
45093,19,Female,Computer Science,8,59.23,12.0,SES-2019,2024-06-21,Engineering,7,Absent
45093,19,Female,Computer Science,8,59.23,12.0,SES-2031,2024-07-18,Computer Science,8,Absent
45093,19,Female,Business,5,62.16,6.7,SES-2017,2024-03-23,Computer Science,4,Present
45086,20,Female,Computer Science,3,81.4,7.8,SES-2042,2023-12-17,Engineering,3,Present
45086,20,Male,Engineering,2,70.32,10.0,SES-2041,2023-10-05,Business,2,Present
45086,20,Male,Engineering,2,70.32,10.0,SES-2046,2024-02-11,Computer Science,4,Present
45086,20,Male,Engineering,2,70.32,10.0,SES-2000,2023-10-24,Social Sciences,2,Present
45085,20,Male,Engineering,2,70.32,10.0,SES-2025,2023-11-24,Engineering,3,Present
45085,20,Male,Engineering,2,70.32,10.0,SES-2030,2024-05-13,Business,7,Present
45084,24,Female,Social Sciences,3,73.63,14.9,SES-2033,2023-11-14,Education,2,Present
45083,18,Female,Social Sciences,3,73.63,14.9,SES-2025,2023-11-24,Engineering,3,Present
45083,18,Female,Social Sciences,3,73.63,14.9,SES-2030,2024-05-13,Business,7,Present
45083,18,Female,Engineering,2,75.49,6.1,SES-2018,2023-11-06,Business,3,Present
45083,18,Female,Engineering,2,75.49,6.1,SES-2015,2023-11-09,Business,2,Present
45083,18,Female,Engineering,2,75.49,6.1,SES-2028,2024-06-25,Computer Science,8,Present
45082,18,Female,Engineering,2,75.49,6.1,SES-2045,2024-07-04,Education,8,Present
45082,18,Male,Business,7,71.58,5.2,SES-2006,2024-03-25,Education,5,Present
45082,18,Male,Business,7,71.58,5.2,SES-2013,2023-10-22,Education,2,Present
45081,19,Male,Business,7,71.58,5.2,SES-2018,2023-11-06,Business,3,Present
45081,19,Male,Business,7,71.58,5.2,SES-2049,2024-04-17,Education,6,Absent
45081,19,Male,Business,7,71.58,5.2,SES-2019,2024-06-21,Engineering,7,Absent
45079,21,Male,Business,8,81.7,10.1,SES-2048,2023-09-03,Computer Science,1,Present
45079,21,Male,Business,8,81.7,10.1,SES-2047,2024-02-01,Computer Science,4,Present
45079,21,Male,Business,8,81.7,10.1,SES-2043,2024-05-18,Education,7,Present
45077,20,Male,Computer Science,7,49.63,6.4,SES-2036,2024-02-12,Education,4,Present
45076,20,Male,Computer Science,7,49.63,6.4,SES-2035,2023-11-28,Social Sciences,3,Absent
45076,20,Male,Computer Science,7,49.63,6.4,SES-2011,2023-11-03,Engineering,2,Present
45075,19,Female,Computer Science,1,76.43,7.6,SES-2047,2024-02-01,Computer Science,4,Present
45074,22,Female,Computer Science,1,76.43,7.6,SES-2029,2023-10-21,Education,2,Present
45074,22,Male,Social Sciences,4,61.43,6.7,SES-2048,2023-09-03,Computer Science,1,Present
45074,22,Male,Social Sciences,4,61.43,6.7,SES-2005,2024-05-15,Engineering,7,Present
45073,22,Female,Business,3,74.4,8.6,SES-2006,2024-03-25,Education,5,Present
45071,20,Female,Business,1,59.36,13.4,SES-2040,2023-10-24,Business,2,Present
45064,21,Male,Engineering,7,44.95,5.4,SES-2000,2023-10-24,Social Sciences,2,Absent
45064,21,Male,Engineering,7,44.95,5.4,SES-2031,2024-07-18,Computer Science,8,Absent
45064,21,Male,Engineering,7,44.95,5.4,SES-2047,2024-02-01,Computer Science,4,Absent
45063,18,Female,Computer Science,3,79.44,12.5,SES-2029,2023-10-21,Education,2,Present
45063,18,Female,Computer Science,3,79.44,12.5,SES-2003,2023-10-08,Engineering,2,Present
45063,18,Female,Computer Science,3,79.44,12.5,SES-2026,2024-04-19,Business,5,Present
45063,18,Female,Computer Science,3,79.44,12.5,SES-2023,2024-04-21,Business,6,Absent
45063,18,Female,Computer Science,3,79.44,12.5,SES-2034,2024-06-24,Social Sciences,8,Present
45060,19,Female,Business,3,57.86,8.2,SES-2028,2024-06-25,Computer Science,8,Absent
45060,19,Female,Business,3,57.86,8.2,SES-2003,2023-10-08,Engineering,2,Present
45060,19,Female,Business,1,62.86,12.5,SES-2005,2024-05-15,Engineering,7,Present
45058,21,Female,Business,1,62.86,12.5,SES-2014,2024-03-28,Education,5,Present
45058,21,Female,Business,1,62.86,12.5,SES-2022,2024-06-03,Education,7,Present
45058,21,Female,Business,1,62.86,12.5,SES-2021,2024-02-26,Social Sciences,4,Present
45058,21,Female,Business,1,62.86,12.5,SES-2038,2023-11-27,Social Sciences,2,Present
45058,21,Male,Education,2,65.24,6.3,SES-2049,2024-04-17,Education,6,Present
45056,22,Male,Education,2,65.24,6.3,SES-2038,2023-11-27,Social Sciences,2,Absent
45052,23,Female,Computer Science,1,56.58,5.4,SES-2029,2023-10-21,Education,2,Present
45050,17,Female,Computer Science,1,56.58,5.4,SES-2018,2023-11-06,Business,3,Present
45050,17,Female,Computer Science,1,56.58,5.4,SES-2009,2024-05-12,Social Sciences,7,Present
45048,20,Male,Engineering,4,80.75,11.8,SES-2017,2024-03-23,Computer Science,4,Absent
45048,20,Male,Engineering,4,80.75,11.8,SES-2012,2024-04-19,Education,5,Present
45048,20,Male,Engineering,4,80.75,11.8,SES-2009,2024-05-12,Social Sciences,7,Present
45047,23,Male,Engineering,4,80.75,11.8,SES-2010,2024-03-24,Business,5,Present
45045,25,Male,Education,5,63.5,10.5,SES-2043,2024-05-18,Education,7,Absent
45045,25,Female,Engineering,2,49.53,8.9,SES-2043,2024-05-18,Education,7,Present
45043,17,Male,Engineering,3,78.82,8.1,SES-2041,2023-10-05,Business,2,Present
45043,17,Male,Engineering,3,78.82,8.1,SES-2046,2024-02-11,Computer Science,4,Present
45043,17,Male,Engineering,3,78.82,8.1,SES-2012,2024-04-19,Education,5,Present
45043,17,Male,Business,5,69.6,8.4,SES-2028,2024-06-25,Computer Science,8,Present
45043,17,Male,Business,4,59.71,6.8,SES-2004,2023-09-23,Engineering,1,Present
45042,21,Male,Business,4,59.71,6.8,SES-2033,2023-11-14,Education,2,Absent
45042,21,Male,Engineering,4,78.02,2.0,SES-2017,2024-03-23,Computer Science,4,Present
45042,21,Male,Engineering,4,78.02,2.0,SES-2007,2024-06-09,Education,7,Absent
45042,21,Male,Engineering,4,78.02,2.0,SES-2030,2024-05-13,Business,7,Absent
45042,21,Male,Engineering,4,78.02,2.0,SES-2034,2024-06-24,Social Sciences,8,Absent
45041,25,Male,Social Sciences,1,70.51,6.4,SES-2011,2023-11-03,Engineering,2,Present
45041,25,Male,Social Sciences,1,70.51,6.4,SES-2034,2024-06-24,Social Sciences,8,Present
45041,25,Male,Social Sciences,1,70.51,6.4,SES-2001,2024-02-05,Computer Science,4,Present
45041,25,Male,Social Sciences,1,70.51,6.4,SES-2025,2023-11-24,Engineering,3,Present
45041,25,Male,Social Sciences,1,70.51,6.4,SES-2003,2023-10-08,Engineering,2,Present
45037,21,Male,Business,4,85.02,7.6,SES-2005,2024-05-15,Engineering,7,Present
45037,21,Male,Education,7,86.23,12.2,SES-2020,2024-03-27,Computer Science,4,Present
45037,21,Female,Computer Science,4,74.13,8.8,SES-2048,2023-09-03,Computer Science,1,Present
45035,17,Male,Social Sciences,8,76.19,6.7,SES-2027,2024-04-05,Engineering,6,Present
45035,17,Male,Social Sciences,8,76.19,6.7,SES-2026,2024-04-19,Business,5,Present
45029,22,Female,Engineering,6,58.1,8.4,SES-2043,2024-05-18,Education,7,Present
45028,24,Female,Engineering,6,58.1,8.4,SES-2039,2024-02-08,Engineering,4,Present
45028,24,Female,Computer Science,7,58.5,10.2,SES-2020,2024-03-27,Computer Science,4,Present
45025,17,Male,Computer Science,5,68.22,12.5,SES-2002,2023-11-02,Computer Science,2,Present
45025,17,Male,Computer Science,5,68.22,12.5,SES-2008,2024-03-04,Computer Science,4,Present
45025,17,Male,Education,1,67.1,9.8,SES-2044,2024-04-22,Social Sciences,5,Present
45024,18,Male,Education,1,67.1,9.8,SES-2037,2023-10-16,Computer Science,1,Present
45024,18,Male,Education,1,67.1,9.8,SES-2020,2024-03-27,Computer Science,4,Present
45023,21,Male,Business,3,81.98,8.9,SES-2011,2023-11-03,Engineering,2,Absent
45022,22,Female,Business,4,52.64,5.8,SES-2044,2024-04-22,Social Sciences,5,Present
45021,22,Female,Business,4,52.64,5.8,SES-2006,2024-03-25,Education,5,Present
45021,22,Female,Business,4,52.64,5.8,SES-2013,2023-10-22,Education,2,Present
45021,22,Female,Business,4,52.64,5.8,SES-2046,2024-02-11,Computer Science,4,Absent
45021,22,Female,Business,4,52.64,5.8,SES-2011,2023-11-03,Engineering,2,Present
45017,23,Male,Computer Science,3,74.31,7.5,SES-2022,2024-06-03,Education,7,Present
45017,23,Male,Computer Science,3,74.31,7.5,SES-2009,2024-05-12,Social Sciences,7,Present
45017,23,Male,Computer Science,3,74.31,7.5,SES-2044,2024-04-22,Social Sciences,5,Present
45017,23,Male,Social Sciences,1,61.71,11.1,SES-2012,2024-04-19,Education,5,Present
45017,23,Male,Social Sciences,1,61.71,11.1,SES-2049,2024-04-17,Education,6,Absent
45014,21,Male,Social Sciences,1,61.71,11.1,SES-2040,2023-10-24,Business,2,Present
45013,20,Male,Education,3,75.92,11.1,SES-2024,2024-06-05,Social Sciences,7,Present
45012,17,Male,Computer Science,1,58.78,7.4,SES-2029,2023-10-21,Education,2,Present
45010,19,Male,Computer Science,3,94.09,10.3,SES-2023,2024-04-21,Business,6,Absent
45009,24,Male,Computer Science,3,94.09,10.3,SES-2037,2023-10-16,Computer Science,1,Absent
45007,22,Male,Computer Science,3,94.09,10.3,SES-2031,2024-07-18,Computer Science,8,Present
45000,23,Male,Social Sciences,4,69.62,10.2,SES-2012,2024-04-19,Education,5,Present
45000,23,Male,Social Sciences,4,69.62,10.2,SES-2035,2023-11-28,Social Sciences,3,Present
45000,23,Male,Social Sciences,4,69.62,10.2,SES-2008,2024-03-04,Computer Science,4,Present
45000,23,Male,Social Sciences,4,69.62,10.2,SES-2003,2023-10-08,Engineering,2,Absent
44999,21,Male,Social Sciences,4,69.62,10.2,SES-2033,2023-11-14,Education,2,Present
44999,21,Female,Business,1,65.07,12.0,SES-2036,2024-02-12,Education,4,Present
44998,17,Female,Business,1,65.07,12.0,SES-2000,2023-10-24,Social Sciences,2,Absent
44997,20,Female,Business,1,65.07,12.0,SES-2010,2024-03-24,Business,5,Absent
44997,20,Male,Engineering,2,42.1,5.9,SES-2048,2023-09-03,Computer Science,1,Absent
44997,20,Male,Engineering,2,42.1,5.9,SES-2042,2023-12-17,Engineering,3,Present
44996,19,Male,Engineering,2,42.1,5.9,SES-2043,2024-05-18,Education,7,Absent
44995,24,Male,Engineering,2,42.1,5.9,SES-2044,2024-04-22,Social Sciences,5,Absent
44992,19,Male,Engineering,3,58.61,7.7,SES-2044,2024-04-22,Social Sciences,5,Absent
44991,22,Male,Engineering,3,58.61,7.7,SES-2006,2024-03-25,Education,5,Present
44991,22,Male,Engineering,3,58.61,7.7,SES-2017,2024-03-23,Computer Science,4,Present
44988,17,Male,Social Sciences,4,62.2,9.1,SES-2025,2023-11-24,Engineering,3,Present
44987,19,Male,Social Sciences,4,62.2,9.1,SES-2031,2024-07-18,Computer Science,8,Present
44987,19,Female,Social Sciences,3,70.61,9.1,SES-2046,2024-02-11,Computer Science,4,Present
44986,19,Female,Social Sciences,3,70.61,9.1,SES-2016,2024-04-12,Social Sciences,6,Present
44986,19,Female,Social Sciences,3,70.61,9.1,SES-2026,2024-04-19,Business,5,Absent
44985,21,Female,Engineering,7,71.7,10.0,SES-2004,2023-09-23,Engineering,1,Present
44985,21,Female,Engineering,7,71.7,10.0,SES-2028,2024-06-25,Computer Science,8,Present
44983,21,Female,Computer Science,4,76.6,10.0,SES-2038,2023-11-27,Social Sciences,2,Present
44982,23,Female,Computer Science,4,76.6,10.0,SES-2034,2024-06-24,Social Sciences,8,Present
44982,23,Female,Computer Science,4,76.6,10.0,SES-2003,2023-10-08,Engineering,2,Present
44982,23,Female,Computer Science,4,76.6,10.0,SES-2002,2023-11-02,Computer Science,2,Present
44980,22,Female,Education,1,78.8,4.5,SES-2010,2024-03-24,Business,5,Absent
44980,22,Female,Education,1,78.8,4.5,SES-2045,2024-07-04,Education,8,Present
44980,22,Female,Education,1,78.8,4.5,SES-2025,2023-11-24,Engineering,3,Present
44980,22,Female,Education,1,78.8,4.5,SES-2046,2024-02-11,Computer Science,4,Present
44977,22,Male,Computer Science,6,76.44,4.2,SES-2029,2023-10-21,Education,2,Present
44977,22,Male,Computer Science,6,76.44,4.2,SES-2009,2024-05-12,Social Sciences,7,Present
44976,17,Male,Computer Science,6,76.44,4.2,SES-2021,2024-02-26,Social Sciences,4,Present
44976,17,Male,Business,3,60.93,8.1,SES-2018,2023-11-06,Business,3,Absent
44974,20,Male,Business,3,60.93,8.1,SES-2017,2024-03-23,Computer Science,4,Present
44974,20,Male,Social Sciences,1,72.26,13.1,SES-2027,2024-04-05,Engineering,6,Present
44974,20,Male,Social Sciences,1,72.26,13.1,SES-2013,2023-10-22,Education,2,Present
44967,23,Female,Education,2,70.2,10.3,SES-2016,2024-04-12,Social Sciences,6,Present
44967,23,Female,Education,2,70.2,10.3,SES-2040,2023-10-24,Business,2,Present
44967,23,Female,Education,2,70.2,10.3,SES-2029,2023-10-21,Education,2,Present
44966,24,Female,Education,2,70.2,10.3,SES-2007,2024-06-09,Education,7,Present
44966,24,Female,Education,2,70.2,10.3,SES-2044,2024-04-22,Social Sciences,5,Absent
44964,19,Female,Computer Science,5,82.2,11.0,SES-2033,2023-11-14,Education,2,Absent
44964,19,Female,Computer Science,5,82.2,11.0,SES-2021,2024-02-26,Social Sciences,4,Present
44964,19,Female,Computer Science,5,82.2,11.0,SES-2041,2023-10-05,Business,2,Present
44960,22,Female,Engineering,6,67.69,9.6,SES-2033,2023-11-14,Education,2,Present
44958,19,Female,Computer Science,6,58.82,14.9,SES-2024,2024-06-05,Social Sciences,7,Absent
44958,19,Female,Computer Science,6,58.82,14.9,SES-2034,2024-06-24,Social Sciences,8,Present
44958,19,Female,Computer Science,6,58.82,14.9,SES-2004,2023-09-23,Engineering,1,Absent
44958,19,Female,Computer Science,6,58.82,14.9,SES-2027,2024-04-05,Engineering,6,Present
44958,19,Female,Computer Science,6,58.82,14.9,SES-2032,2023-11-25,Social Sciences,2,Absent
44958,19,Male,Computer Science,2,85.01,11.2,SES-2027,2024-04-05,Engineering,6,Absent
44957,22,Male,Computer Science,6,53.45,12.0,SES-2009,2024-05-12,Social Sciences,7,Present
44957,22,Male,Computer Science,6,53.45,12.0,SES-2047,2024-02-01,Computer Science,4,Present
44957,22,Male,Computer Science,1,61.44,5.6,SES-2045,2024-07-04,Education,8,Present
44955,23,Male,Computer Science,1,61.44,5.6,SES-2046,2024-02-11,Computer Science,4,Absent
44955,23,Male,Computer Science,1,61.44,5.6,SES-2043,2024-05-18,Education,7,Present
44955,23,Male,Computer Science,1,61.44,5.6,SES-2016,2024-04-12,Social Sciences,6,Present
44954,17,Male,Computer Science,1,61.44,5.6,SES-2011,2023-11-03,Engineering,2,Present
44952,23,Male,Computer Science,4,74.54,6.7,SES-2001,2024-02-05,Computer Science,4,Present
44952,23,Male,Computer Science,4,74.54,6.7,SES-2025,2023-11-24,Engineering,3,Present
44949,18,Male,Computer Science,4,74.54,6.7,SES-2002,2023-11-02,Computer Science,2,Present
44949,18,Male,Computer Science,4,74.54,6.7,SES-2034,2024-06-24,Social Sciences,8,Present
44948,23,Female,Computer Science,3,63.07,12.1,SES-2021,2024-02-26,Social Sciences,4,Present
44948,23,Female,Computer Science,3,63.07,12.1,SES-2020,2024-03-27,Computer Science,4,Present
44945,22,Female,Engineering,6,71.26,11.4,SES-2011,2023-11-03,Engineering,2,Present
44945,22,Female,Engineering,6,71.26,11.4,SES-2040,2023-10-24,Business,2,Present
44945,22,Female,Engineering,6,71.26,11.4,SES-2033,2023-11-14,Education,2,Present
44945,22,Female,Engineering,6,71.26,11.4,SES-2046,2024-02-11,Computer Science,4,Present
44940,23,Female,Engineering,4,63.56,8.2,SES-2000,2023-10-24,Social Sciences,2,Absent
44939,19,Male,Engineering,7,70.84,12.7,SES-2005,2024-05-15,Engineering,7,Absent
44939,19,Male,Engineering,7,70.84,12.7,SES-2007,2024-06-09,Education,7,Present
44939,19,Male,Engineering,7,70.84,12.7,SES-2006,2024-03-25,Education,5,Present
44933,24,Female,Education,8,48.4,7.5,SES-2031,2024-07-18,Computer Science,8,Absent
44932,21,Female,Computer Science,4,81.85,14.1,SES-2006,2024-03-25,Education,5,Present
44931,18,Female,Computer Science,4,81.85,14.1,SES-2040,2023-10-24,Business,2,Present
44929,22,Female,Engineering,7,57.12,2.1,SES-2004,2023-09-23,Engineering,1,Present
44929,22,Female,Engineering,7,57.12,2.1,SES-2008,2024-03-04,Computer Science,4,Absent
44928,21,Female,Business,3,69.93,13.1,SES-2030,2024-05-13,Business,7,Present
44927,20,Female,Business,3,69.93,13.1,SES-2043,2024-05-18,Education,7,Present
44927,20,Female,Business,3,69.93,13.1,SES-2022,2024-06-03,Education,7,Present
44922,22,Female,Social Sciences,3,68.06,8.5,SES-2044,2024-04-22,Social Sciences,5,Absent
44918,20,Male,Education,1,67.35,6.1,SES-2031,2024-07-18,Computer Science,8,Present
44918,20,Male,Education,1,67.35,6.1,SES-2039,2024-02-08,Engineering,4,Present
44918,20,Male,Education,1,67.35,6.1,SES-2017,2024-03-23,Computer Science,4,Present
44918,20,Male,Education,1,67.35,6.1,SES-2010,2024-03-24,Business,5,Present
44918,20,Male,Education,1,67.35,6.1,SES-2048,2023-09-03,Computer Science,1,Present
44916,21,Female,Education,6,42.11,5.6,SES-2004,2023-09-23,Engineering,1,Absent
44916,21,Female,Education,6,42.11,5.6,SES-2012,2024-04-19,Education,5,Absent
44906,23,Male,Business,7,58.34,11.5,SES-2044,2024-04-22,Social Sciences,5,Present
44905,20,Female,Business,7,72.54,6.9,SES-2020,2024-03-27,Computer Science,4,Present
44905,20,Female,Business,7,72.54,6.9,SES-2042,2023-12-17,Engineering,3,Present
44904,22,Male,Computer Science,3,61.3,8.2,SES-2049,2024-04-17,Education,6,Present
44903,21,Male,Computer Science,2,53.92,3.5,SES-2045,2024-07-04,Education,8,Present
44903,21,Male,Computer Science,2,53.92,3.5,SES-2015,2023-11-09,Business,2,Absent
44903,21,Male,Computer Science,2,53.92,3.5,SES-2000,2023-10-24,Social Sciences,2,Absent
44902,19,Male,Computer Science,2,53.92,3.5,SES-2025,2023-11-24,Engineering,3,Absent
44902,19,Male,Computer Science,2,53.92,3.5,SES-2043,2024-05-18,Education,7,Absent
44900,20,Female,Business,5,55.7,7.9,SES-2018,2023-11-06,Business,3,Present
44900,20,Female,Business,5,55.7,7.9,SES-2013,2023-10-22,Education,2,Present
44897,18,Male,Engineering,6,47.41,4.7,SES-2015,2023-11-09,Business,2,Absent
44897,18,Male,Engineering,6,47.41,4.7,SES-2046,2024-02-11,Computer Science,4,Absent
44897,18,Male,Engineering,6,47.41,4.7,SES-2035,2023-11-28,Social Sciences,3,Absent
44893,21,Male,Education,6,55.24,5.7,SES-2024,2024-06-05,Social Sciences,7,Present
44892,24,Male,Education,6,55.24,5.7,SES-2037,2023-10-16,Computer Science,1,Present
44892,24,Male,Education,6,55.24,5.7,SES-2029,2023-10-21,Education,2,Present
44891,20,Male,Education,6,55.24,5.7,SES-2013,2023-10-22,Education,2,Present
44891,20,Male,Education,6,55.24,5.7,SES-2015,2023-11-09,Business,2,Present
44891,20,Female,Engineering,5,54.56,8.2,SES-2047,2024-02-01,Computer Science,4,Present
44889,19,Male,Business,1,50.66,10.2,SES-2034,2024-06-24,Social Sciences,8,Present
44889,19,Male,Business,1,50.66,10.2,SES-2020,2024-03-27,Computer Science,4,Present
44887,21,Male,Education,3,71.16,13.4,SES-2034,2024-06-24,Social Sciences,8,Present
44887,21,Male,Education,3,71.16,13.4,SES-2018,2023-11-06,Business,3,Present
44887,21,Male,Education,3,71.16,13.4,SES-2043,2024-05-18,Education,7,Absent
44886,19,Male,Education,3,71.16,13.4,SES-2003,2023-10-08,Engineering,2,Present
44886,19,Male,Social Sciences,1,62.84,9.3,SES-2018,2023-11-06,Business,3,Present
44886,19,Female,Engineering,1,65.34,11.5,SES-2021,2024-02-26,Social Sciences,4,Present
44885,24,Female,Engineering,1,65.34,11.5,SES-2024,2024-06-05,Social Sciences,7,Present
44885,24,Female,Engineering,1,65.34,11.5,SES-2049,2024-04-17,Education,6,Present
44884,21,Male,Computer Science,5,56.39,9.4,SES-2008,2024-03-04,Computer Science,4,Absent
44884,21,Male,Computer Science,5,56.39,9.4,SES-2046,2024-02-11,Computer Science,4,Present
44884,21,Male,Computer Science,5,56.39,9.4,SES-2004,2023-09-23,Engineering,1,Present
44882,20,Female,Engineering,6,66.5,8.8,SES-2013,2023-10-22,Education,2,Present
44879,20,Female,Business,7,67.47,7.6,SES-2001,2024-02-05,Computer Science,4,Present
44879,20,Female,Computer Science,6,59.2,8.0,SES-2010,2024-03-24,Business,5,Present
44878,20,Female,Business,6,40.64,5.3,SES-2025,2023-11-24,Engineering,3,Present
44878,20,Female,Business,6,40.64,5.3,SES-2035,2023-11-28,Social Sciences,3,Absent
44878,20,Female,Business,6,40.64,5.3,SES-2010,2024-03-24,Business,5,Absent
44878,20,Female,Business,6,40.64,5.3,SES-2026,2024-04-19,Business,5,Present
44877,25,Female,Business,6,40.64,5.3,SES-2040,2023-10-24,Business,2,Present
44871,22,Male,Computer Science,3,87.75,8.2,SES-2012,2024-04-19,Education,5,Present
44871,22,Male,Computer Science,3,87.75,8.2,SES-2042,2023-12-17,Engineering,3,Present
44870,19,Male,Computer Science,3,87.75,8.2,SES-2028,2024-06-25,Computer Science,8,Present
44866,20,Male,Computer Science,1,73.55,8.8,SES-2012,2024-04-19,Education,5,Present
44865,20,Male,Computer Science,1,73.55,8.8,SES-2046,2024-02-11,Computer Science,4,Present
44865,20,Male,Education,5,67.96,12.0,SES-2022,2024-06-03,Education,7,Present
44860,21,Male,Computer Science,5,47.64,8.8,SES-2019,2024-06-21,Engineering,7,Present
44860,21,Male,Computer Science,5,47.64,8.8,SES-2006,2024-03-25,Education,5,Present
44860,21,Male,Computer Science,5,47.64,8.8,SES-2000,2023-10-24,Social Sciences,2,Absent
44859,20,Male,Business,6,66.72,11.3,SES-2022,2024-06-03,Education,7,Present
44857,17,Male,Business,6,66.72,11.3,SES-2011,2023-11-03,Engineering,2,Absent
44857,17,Male,Business,6,66.72,11.3,SES-2044,2024-04-22,Social Sciences,5,Absent
44857,17,Male,Business,6,66.72,11.3,SES-2045,2024-07-04,Education,8,Present
44856,22,Male,Business,6,66.72,11.3,SES-2047,2024-02-01,Computer Science,4,Absent
44856,22,Female,Computer Science,6,70.68,5.9,SES-2002,2023-11-02,Computer Science,2,Present
44856,22,Male,Engineering,2,70.7,12.9,SES-2037,2023-10-16,Computer Science,1,Present
44853,20,Female,Business,6,86.22,10.7,SES-2042,2023-12-17,Engineering,3,Present
44852,18,Female,Business,5,77.01,8.7,SES-2012,2024-04-19,Education,5,Present
44851,18,Female,Business,5,77.01,8.7,SES-2008,2024-03-04,Computer Science,4,Present
44851,18,Female,Business,5,77.01,8.7,SES-2044,2024-04-22,Social Sciences,5,Present
44851,18,Female,Business,5,77.01,8.7,SES-2049,2024-04-17,Education,6,Present
44851,18,Female,Computer Science,7,75.77,6.9,SES-2027,2024-04-05,Engineering,6,Present
44851,18,Female,Computer Science,7,75.77,6.9,SES-2046,2024-02-11,Computer Science,4,Present
44850,18,Female,Computer Science,7,75.77,6.9,SES-2032,2023-11-25,Social Sciences,2,Present
44850,18,Female,Computer Science,7,75.77,6.9,SES-2021,2024-02-26,Social Sciences,4,Present
44850,18,Female,Computer Science,7,75.77,6.9,SES-2010,2024-03-24,Business,5,Absent
44850,18,Male,Computer Science,8,61.81,3.8,SES-2029,2023-10-21,Education,2,Absent
44848,20,Male,Computer Science,8,61.81,3.8,SES-2048,2023-09-03,Computer Science,1,Absent
44848,20,Male,Engineering,1,81.42,6.0,SES-2049,2024-04-17,Education,6,Present
44847,19,Male,Engineering,1,81.42,6.0,SES-2037,2023-10-16,Computer Science,1,Present
44847,19,Male,Engineering,3,77.54,6.0,SES-2042,2023-12-17,Engineering,3,Absent
44847,19,Male,Engineering,3,77.54,6.0,SES-2010,2024-03-24,Business,5,Present
44845,22,Male,Engineering,3,77.54,6.0,SES-2028,2024-06-25,Computer Science,8,Present
44845,22,Male,Computer Science,2,53.35,10.1,SES-2011,2023-11-03,Engineering,2,Present
44841,20,Male,Computer Science,6,78.89,10.1,SES-2022,2024-06-03,Education,7,Present
44841,20,Male,Computer Science,6,78.89,10.1,SES-2009,2024-05-12,Social Sciences,7,Absent
44841,20,Male,Computer Science,6,78.89,10.1,SES-2027,2024-04-05,Engineering,6,Absent
44841,20,Male,Computer Science,4,70.4,8.4,SES-2023,2024-04-21,Business,6,Absent
44840,19,Male,Computer Science,4,70.4,8.4,SES-2011,2023-11-03,Engineering,2,Present
44839,20,Male,Computer Science,4,70.4,8.4,SES-2049,2024-04-17,Education,6,Present
44832,19,Male,Computer Science,3,56.51,12.5,SES-2048,2023-09-03,Computer Science,1,Present
44832,19,Male,Computer Science,3,56.51,12.5,SES-2026,2024-04-19,Business,5,Present
44832,19,Male,Computer Science,3,56.51,12.5,SES-2035,2023-11-28,Social Sciences,3,Present
44832,19,Male,Computer Science,3,56.51,12.5,SES-2027,2024-04-05,Engineering,6,Present
44832,19,Male,Computer Science,3,56.51,12.5,SES-2032,2023-11-25,Social Sciences,2,Present
44831,19,Male,Social Sciences,5,52.98,6.3,SES-2046,2024-02-11,Computer Science,4,Present
44830,18,Female,Business,4,59.78,11.6,SES-2007,2024-06-09,Education,7,Present
44828,21,Female,Business,4,59.78,11.6,SES-2000,2023-10-24,Social Sciences,2,Present
44828,21,Female,Engineering,7,44.54,15.1,SES-2007,2024-06-09,Education,7,Present
44828,21,Female,Engineering,7,44.54,15.1,SES-2037,2023-10-16,Computer Science,1,Present
44825,21,Female,Business,8,52.19,10.2,SES-2016,2024-04-12,Social Sciences,6,Present
44825,21,Female,Business,8,52.19,10.2,SES-2039,2024-02-08,Engineering,4,Present
44825,21,Female,Business,8,52.19,10.2,SES-2041,2023-10-05,Business,2,Present
44825,21,Female,Business,8,52.19,10.2,SES-2046,2024-02-11,Computer Science,4,Absent
44823,22,Female,Education,1,53.92,13.4,SES-2025,2023-11-24,Engineering,3,Present
44823,22,Female,Computer Science,1,89.22,8.7,SES-2016,2024-04-12,Social Sciences,6,Present
44823,22,Female,Computer Science,1,89.22,8.7,SES-2037,2023-10-16,Computer Science,1,Present
44823,22,Female,Computer Science,1,89.22,8.7,SES-2012,2024-04-19,Education,5,Absent
44823,22,Female,Computer Science,1,89.22,8.7,SES-2005,2024-05-15,Engineering,7,Present
44822,23,Female,Computer Science,6,52.09,9.6,SES-2005,2024-05-15,Engineering,7,Present
44822,23,Male,Business,6,47.23,11.3,SES-2047,2024-02-01,Computer Science,4,Absent
44822,23,Male,Engineering,4,62.93,9.2,SES-2031,2024-07-18,Computer Science,8,Present
44821,18,Male,Engineering,4,62.93,9.2,SES-2035,2023-11-28,Social Sciences,3,Present
44821,18,Male,Engineering,4,62.93,9.2,SES-2017,2024-03-23,Computer Science,4,Present
44821,18,Male,Engineering,4,62.93,9.2,SES-2008,2024-03-04,Computer Science,4,Present
44821,18,Female,Business,3,58.68,7.9,SES-2028,2024-06-25,Computer Science,8,Present
44820,21,Male,Social Sciences,1,83.06,10.3,SES-2023,2024-04-21,Business,6,Present
44818,22,Female,Engineering,6,62.47,7.1,SES-2038,2023-11-27,Social Sciences,2,Absent
44818,22,Female,Engineering,6,62.47,7.1,SES-2046,2024-02-11,Computer Science,4,Absent
44818,22,Female,Engineering,6,62.47,7.1,SES-2001,2024-02-05,Computer Science,4,Absent
44809,23,Male,Education,8,79.01,7.6,SES-2003,2023-10-08,Engineering,2,Absent
44809,23,Male,Education,8,79.01,7.6,SES-2047,2024-02-01,Computer Science,4,Present
44807,17,Female,Social Sciences,7,76.6,10.0,SES-2020,2024-03-27,Computer Science,4,Present
44807,17,Female,Business,1,59.39,2.7,SES-2032,2023-11-25,Social Sciences,2,Present
44806,21,Female,Business,1,59.39,2.7,SES-2047,2024-02-01,Computer Science,4,Absent
44806,21,Female,Business,1,59.39,2.7,SES-2009,2024-05-12,Social Sciences,7,Absent
44806,21,Female,Business,1,59.39,2.7,SES-2038,2023-11-27,Social Sciences,2,Present
44806,21,Female,Business,1,59.39,2.7,SES-2021,2024-02-26,Social Sciences,4,Absent
44806,21,Female,Education,3,91.39,9.6,SES-2015,2023-11-09,Business,2,Present
44803,21,Male,Computer Science,1,69.98,10.9,SES-2005,2024-05-15,Engineering,7,Absent
44801,19,Male,Computer Science,1,69.98,10.9,SES-2013,2023-10-22,Education,2,Present
44800,20,Male,Education,1,86.94,7.0,SES-2033,2023-11-14,Education,2,Present
44800,20,Male,Education,1,86.94,7.0,SES-2038,2023-11-27,Social Sciences,2,Present
44800,20,Male,Education,1,86.94,7.0,SES-2015,2023-11-09,Business,2,Present
44798,20,Male,Computer Science,3,65.4,9.9,SES-2039,2024-02-08,Engineering,4,Present
44796,21,Male,Computer Science,2,65.07,9.4,SES-2015,2023-11-09,Business,2,Present
44796,21,Male,Computer Science,2,65.07,9.4,SES-2022,2024-06-03,Education,7,Present
44796,21,Male,Computer Science,2,65.07,9.4,SES-2042,2023-12-17,Engineering,3,Present
44794,21,Male,Computer Science,1,59.09,7.1,SES-2028,2024-06-25,Computer Science,8,Present
44791,21,Male,Computer Science,2,56.84,8.6,SES-2015,2023-11-09,Business,2,Present
44791,21,Male,Computer Science,2,56.84,8.6,SES-2033,2023-11-14,Education,2,Absent
44791,21,Female,Engineering,5,54.38,9.8,SES-2011,2023-11-03,Engineering,2,Present
44791,21,Female,Engineering,5,54.38,9.8,SES-2005,2024-05-15,Engineering,7,Present
44788,23,Female,Social Sciences,7,69.11,3.9,SES-2006,2024-03-25,Education,5,Present
44788,23,Female,Education,3,84.38,13.8,SES-2011,2023-11-03,Engineering,2,Present
44788,23,Female,Education,3,84.38,13.8,SES-2040,2023-10-24,Business,2,Present
44783,21,Male,Computer Science,6,72.53,13.8,SES-2009,2024-05-12,Social Sciences,7,Present
44782,20,Male,Business,6,83.65,9.3,SES-2030,2024-05-13,Business,7,Present
44779,20,Female,Computer Science,1,72.27,10.1,SES-2007,2024-06-09,Education,7,Present
44779,20,Female,Computer Science,1,72.27,10.1,SES-2042,2023-12-17,Engineering,3,Present
44779,20,Female,Computer Science,1,72.27,10.1,SES-2011,2023-11-03,Engineering,2,Present
44779,20,Female,Computer Science,1,72.27,10.1,SES-2024,2024-06-05,Social Sciences,7,Present
44779,20,Female,Computer Science,1,72.27,10.1,SES-2043,2024-05-18,Education,7,Present
44775,26,Male,Engineering,6,78.22,14.3,SES-2021,2024-02-26,Social Sciences,4,Present
44775,26,Male,Engineering,6,78.22,14.3,SES-2005,2024-05-15,Engineering,7,Present
44775,26,Male,Engineering,6,78.22,14.3,SES-2019,2024-06-21,Engineering,7,Present
44774,25,Male,Engineering,2,48.63,9.6,SES-2031,2024-07-18,Computer Science,8,Absent
44772,22,Female,Computer Science,3,79.1,13.4,SES-2006,2024-03-25,Education,5,Absent
44772,22,Female,Computer Science,3,79.1,13.4,SES-2024,2024-06-05,Social Sciences,7,Present
44772,22,Female,Computer Science,3,79.1,13.4,SES-2045,2024-07-04,Education,8,Present
44771,20,Male,Computer Science,5,61.69,10.2,SES-2030,2024-05-13,Business,7,Present
44766,17,Male,Education,4,46.8,6.8,SES-2040,2023-10-24,Business,2,Absent
44766,17,Male,Education,4,46.8,6.8,SES-2010,2024-03-24,Business,5,Absent
44763,20,Female,Engineering,5,77.99,10.8,SES-2028,2024-06-25,Computer Science,8,Present
44762,21,Female,Engineering,5,77.99,10.8,SES-2023,2024-04-21,Business,6,Present
44762,21,Female,Engineering,4,57.37,9.1,SES-2036,2024-02-12,Education,4,Present
44756,19,Female,Social Sciences,1,61.61,3.3,SES-2020,2024-03-27,Computer Science,4,Absent
44756,19,Female,Social Sciences,1,61.61,3.3,SES-2039,2024-02-08,Engineering,4,Absent
44756,19,Female,Social Sciences,1,61.61,3.3,SES-2031,2024-07-18,Computer Science,8,Absent
44756,19,Female,Social Sciences,1,61.61,3.3,SES-2015,2023-11-09,Business,2,Absent
44756,19,Female,Business,2,69.97,11.6,SES-2009,2024-05-12,Social Sciences,7,Present
44755,20,Female,Business,2,69.97,11.6,SES-2019,2024-06-21,Engineering,7,Present
44754,21,Female,Business,2,69.97,11.6,SES-2029,2023-10-21,Education,2,Present
44754,21,Female,Business,2,69.97,11.6,SES-2017,2024-03-23,Computer Science,4,Present
44754,21,Male,Computer Science,3,66.44,9.7,SES-2016,2024-04-12,Social Sciences,6,Present
44753,17,Male,Computer Science,3,66.44,9.7,SES-2024,2024-06-05,Social Sciences,7,Present
44753,17,Male,Computer Science,3,66.44,9.7,SES-2030,2024-05-13,Business,7,Absent
44753,17,Male,Computer Science,3,66.44,9.7,SES-2021,2024-02-26,Social Sciences,4,Absent
44753,17,Female,Computer Science,5,52.53,11.6,SES-2040,2023-10-24,Business,2,Present
44753,17,Female,Computer Science,7,69.57,8.3,SES-2009,2024-05-12,Social Sciences,7,Absent
44750,20,Female,Computer Science,7,69.57,8.3,SES-2021,2024-02-26,Social Sciences,4,Present
44750,20,Female,Computer Science,7,69.57,8.3,SES-2008,2024-03-04,Computer Science,4,Present
44748,22,Male,Computer Science,7,64.37,6.2,SES-2049,2024-04-17,Education,6,Present
44748,22,Male,Computer Science,7,64.37,6.2,SES-2002,2023-11-02,Computer Science,2,Present
44745,21,Female,Engineering,1,46.96,4.0,SES-2006,2024-03-25,Education,5,Absent
44745,21,Female,Engineering,1,46.96,4.0,SES-2046,2024-02-11,Computer Science,4,Present
44744,20,Female,Engineering,1,46.96,4.0,SES-2032,2023-11-25,Social Sciences,2,Present
44743,20,Female,Computer Science,1,70.85,6.7,SES-2029,2023-10-21,Education,2,Present
44743,20,Female,Computer Science,1,70.85,6.7,SES-2013,2023-10-22,Education,2,Present
44743,20,Female,Computer Science,1,70.85,6.7,SES-2006,2024-03-25,Education,5,Present
44743,20,Female,Computer Science,1,70.85,6.7,SES-2044,2024-04-22,Social Sciences,5,Present
44738,20,Male,Engineering,2,57.42,11.5,SES-2036,2024-02-12,Education,4,Present
44738,20,Male,Engineering,2,57.42,11.5,SES-2016,2024-04-12,Social Sciences,6,Present
44735,21,Female,Computer Science,7,60.98,13.9,SES-2006,2024-03-25,Education,5,Present
44735,21,Female,Engineering,3,78.81,7.1,SES-2006,2024-03-25,Education,5,Present
44735,21,Female,Engineering,3,78.81,7.1,SES-2040,2023-10-24,Business,2,Present
44735,21,Female,Engineering,3,78.81,7.1,SES-2019,2024-06-21,Engineering,7,Present
44734,21,Male,Engineering,4,62.14,10.2,SES-2021,2024-02-26,Social Sciences,4,Present
44732,17,Male,Engineering,4,62.14,10.2,SES-2040,2023-10-24,Business,2,Present
44732,17,Female,Computer Science,4,77.38,8.6,SES-2001,2024-02-05,Computer Science,4,Present
44732,17,Female,Computer Science,4,77.38,8.6,SES-2033,2023-11-14,Education,2,Absent
44732,17,Female,Computer Science,4,77.38,8.6,SES-2003,2023-10-08,Engineering,2,Present
44732,17,Female,Computer Science,4,77.38,8.6,SES-2032,2023-11-25,Social Sciences,2,Present
44730,18,Male,Business,8,52.83,10.9,SES-2046,2024-02-11,Computer Science,4,Present
44730,18,Male,Business,8,52.83,10.9,SES-2000,2023-10-24,Social Sciences,2,Present
44730,18,Male,Business,8,52.83,10.9,SES-2014,2024-03-28,Education,5,Present
44730,18,Male,Business,8,52.83,10.9,SES-2019,2024-06-21,Engineering,7,Present
44730,18,Male,Business,8,52.83,10.9,SES-2041,2023-10-05,Business,2,Present
44727,23,Male,Social Sciences,7,72.54,10.5,SES-2000,2023-10-24,Social Sciences,2,Present
44727,23,Male,Social Sciences,7,72.54,10.5,SES-2014,2024-03-28,Education,5,Present
44727,23,Male,Social Sciences,7,72.54,10.5,SES-2003,2023-10-08,Engineering,2,Present
44725,22,Male,Social Sciences,7,72.54,10.5,SES-2049,2024-04-17,Education,6,Present
44723,23,Female,Business,2,60.86,12.5,SES-2021,2024-02-26,Social Sciences,4,Present
44722,23,Female,Business,2,60.86,12.5,SES-2020,2024-03-27,Computer Science,4,Present
44721,18,Male,Business,6,72.89,9.3,SES-2032,2023-11-25,Social Sciences,2,Present
44721,18,Male,Business,6,72.89,9.3,SES-2039,2024-02-08,Engineering,4,Present
44716,23,Male,Computer Science,3,80.83,10.6,SES-2017,2024-03-23,Computer Science,4,Present
44716,23,Male,Computer Science,3,80.83,10.6,SES-2026,2024-04-19,Business,5,Present
44716,23,Male,Computer Science,3,80.83,10.6,SES-2005,2024-05-15,Engineering,7,Present
44716,23,Male,Computer Science,3,80.83,10.6,SES-2025,2023-11-24,Engineering,3,Present
44715,19,Female,Social Sciences,7,60.69,10.7,SES-2001,2024-02-05,Computer Science,4,Absent
44715,19,Female,Social Sciences,7,60.69,10.7,SES-2036,2024-02-12,Education,4,Present
44715,19,Female,Social Sciences,7,60.69,10.7,SES-2002,2023-11-02,Computer Science,2,Present
44714,20,Female,Social Sciences,7,60.69,10.7,SES-2027,2024-04-05,Engineering,6,Present
44714,20,Female,Social Sciences,7,60.69,10.7,SES-2007,2024-06-09,Education,7,Present
44710,21,Female,Computer Science,6,78.66,6.4,SES-2000,2023-10-24,Social Sciences,2,Present
44709,17,Male,Business,2,44.82,8.6,SES-2009,2024-05-12,Social Sciences,7,Absent
44706,21,Male,Social Sciences,7,42.91,5.9,SES-2011,2023-11-03,Engineering,2,Absent
44706,21,Male,Social Sciences,7,42.91,5.9,SES-2012,2024-04-19,Education,5,Absent
44706,21,Male,Social Sciences,7,42.91,5.9,SES-2045,2024-07-04,Education,8,Absent
44705,22,Male,Social Sciences,7,42.91,5.9,SES-2034,2024-06-24,Social Sciences,8,Present
44705,22,Male,Social Sciences,7,42.91,5.9,SES-2017,2024-03-23,Computer Science,4,Absent
44705,22,Female,Education,5,70.98,9.7,SES-2035,2023-11-28,Social Sciences,3,Present
44705,22,Female,Education,5,70.98,9.7,SES-2027,2024-04-05,Engineering,6,Present
44705,22,Female,Education,5,70.98,9.7,SES-2014,2024-03-28,Education,5,Present
44704,24,Female,Computer Science,5,63.47,7.9,SES-2016,2024-04-12,Social Sciences,6,Present
44704,24,Male,Computer Science,2,60.5,8.6,SES-2028,2024-06-25,Computer Science,8,Present
44703,18,Male,Computer Science,5,47.96,8.5,SES-2005,2024-05-15,Engineering,7,Absent
44703,18,Male,Computer Science,5,47.96,8.5,SES-2013,2023-10-22,Education,2,Present
44703,18,Male,Computer Science,5,47.96,8.5,SES-2044,2024-04-22,Social Sciences,5,Present
44692,21,Male,Computer Science,4,65.28,13.5,SES-2015,2023-11-09,Business,2,Present
44692,21,Female,Education,1,82.49,9.9,SES-2024,2024-06-05,Social Sciences,7,Absent
44690,22,Male,Education,5,72.01,6.4,SES-2010,2024-03-24,Business,5,Present
44690,22,Male,Education,5,72.01,6.4,SES-2009,2024-05-12,Social Sciences,7,Present
44689,25,Male,Education,5,72.01,6.4,SES-2015,2023-11-09,Business,2,Present
44685,18,Male,Engineering,4,76.71,16.0,SES-2035,2023-11-28,Social Sciences,3,Absent
44685,18,Female,Business,5,55.37,10.7,SES-2030,2024-05-13,Business,7,Present
44684,23,Female,Business,5,55.37,10.7,SES-2041,2023-10-05,Business,2,Present
44684,23,Male,Business,1,60.81,5.4,SES-2002,2023-11-02,Computer Science,2,Present
44684,23,Male,Business,1,60.81,5.4,SES-2018,2023-11-06,Business,3,Present
44683,20,Male,Computer Science,7,86.02,9.0,SES-2011,2023-11-03,Engineering,2,Present
44681,20,Male,Engineering,7,97.2,13.2,SES-2045,2024-07-04,Education,8,Present
44681,20,Male,Engineering,7,97.2,13.2,SES-2041,2023-10-05,Business,2,Present
44679,21,Male,Engineering,7,97.2,13.2,SES-2028,2024-06-25,Computer Science,8,Present
44678,17,Male,Computer Science,1,65.14,7.4,SES-2002,2023-11-02,Computer Science,2,Present
44678,17,Male,Computer Science,1,65.14,7.4,SES-2005,2024-05-15,Engineering,7,Present
44676,20,Female,Computer Science,7,62.08,12.5,SES-2008,2024-03-04,Computer Science,4,Present
44676,20,Female,Computer Science,7,62.08,12.5,SES-2029,2023-10-21,Education,2,Present
44675,17,Female,Computer Science,7,62.08,12.5,SES-2019,2024-06-21,Engineering,7,Present
44675,17,Male,Engineering,1,69.99,12.5,SES-2017,2024-03-23,Computer Science,4,Absent
44675,17,Male,Engineering,1,69.99,12.5,SES-2025,2023-11-24,Engineering,3,Present
44675,17,Male,Engineering,1,69.99,12.5,SES-2013,2023-10-22,Education,2,Absent
44674,19,Male,Engineering,1,69.99,12.5,SES-2030,2024-05-13,Business,7,Present
44672,17,Female,Education,2,68.85,11.9,SES-2024,2024-06-05,Social Sciences,7,Present
44672,17,Female,Education,2,68.85,11.9,SES-2020,2024-03-27,Computer Science,4,Present
44672,17,Female,Education,2,68.85,11.9,SES-2042,2023-12-17,Engineering,3,Present
44672,17,Female,Education,2,68.85,11.9,SES-2033,2023-11-14,Education,2,Present
44671,20,Male,Computer Science,7,72.33,8.1,SES-2041,2023-10-05,Business,2,Absent
44671,20,Female,Engineering,5,66.6,13.8,SES-2026,2024-04-19,Business,5,Present
44671,20,Female,Engineering,4,62.84,11.2,SES-2016,2024-04-12,Social Sciences,6,Present
44671,20,Female,Engineering,4,62.84,11.2,SES-2046,2024-02-11,Computer Science,4,Present
44669,24,Male,Engineering,1,83.27,14.3,SES-2045,2024-07-04,Education,8,Present
44669,24,Male,Engineering,1,83.27,14.3,SES-2008,2024-03-04,Computer Science,4,Absent
44668,19,Male,Engineering,1,83.27,14.3,SES-2042,2023-12-17,Engineering,3,Present
44666,18,Male,Business,7,67.31,14.9,SES-2020,2024-03-27,Computer Science,4,Absent
44665,20,Male,Business,7,67.31,14.9,SES-2016,2024-04-12,Social Sciences,6,Present
44665,20,Male,Business,7,67.31,14.9,SES-2043,2024-05-18,Education,7,Absent
44665,20,Female,Computer Science,1,43.85,3.4,SES-2022,2024-06-03,Education,7,Present
44665,20,Female,Computer Science,1,43.85,3.4,SES-2004,2023-09-23,Engineering,1,Absent
44661,19,Female,Computer Science,5,51.77,8.0,SES-2046,2024-02-11,Computer Science,4,Present
44661,19,Female,Computer Science,5,51.77,8.0,SES-2041,2023-10-05,Business,2,Present
44661,19,Female,Computer Science,5,51.77,8.0,SES-2038,2023-11-27,Social Sciences,2,Present
44660,23,Female,Computer Science,5,51.77,8.0,SES-2048,2023-09-03,Computer Science,1,Present
44656,21,Female,Engineering,3,50.49,8.0,SES-2015,2023-11-09,Business,2,Absent
44655,21,Female,Engineering,3,50.49,8.0,SES-2033,2023-11-14,Education,2,Present
44655,21,Female,Engineering,8,70.15,10.0,SES-2014,2024-03-28,Education,5,Present
44655,21,Female,Computer Science,1,57.44,9.5,SES-2021,2024-02-26,Social Sciences,4,Absent
44654,17,Female,Computer Science,1,57.44,9.5,SES-2046,2024-02-11,Computer Science,4,Present
44654,17,Female,Education,6,86.28,7.1,SES-2003,2023-10-08,Engineering,2,Present
44654,17,Female,Education,6,86.28,7.1,SES-2039,2024-02-08,Engineering,4,Present
44654,17,Female,Education,6,86.28,7.1,SES-2008,2024-03-04,Computer Science,4,Present
44653,17,Female,Education,6,86.28,7.1,SES-2046,2024-02-11,Computer Science,4,Absent
44650,24,Female,Engineering,7,65.15,8.2,SES-2033,2023-11-14,Education,2,Present
44650,24,Female,Engineering,7,65.15,8.2,SES-2013,2023-10-22,Education,2,Present
44650,24,Female,Engineering,7,65.15,8.2,SES-2005,2024-05-15,Engineering,7,Present
44649,21,Male,Education,8,70.21,2.9,SES-2003,2023-10-08,Engineering,2,Present
44648,19,Male,Education,8,70.21,2.9,SES-2016,2024-04-12,Social Sciences,6,Present
44647,23,Female,Business,4,55.68,6.7,SES-2008,2024-03-04,Computer Science,4,Present
44646,23,Female,Business,4,55.68,6.7,SES-2036,2024-02-12,Education,4,Present
44646,23,Female,Business,4,55.68,6.7,SES-2005,2024-05-15,Engineering,7,Present
44646,23,Female,Business,4,55.68,6.7,SES-2039,2024-02-08,Engineering,4,Present
44646,23,Female,Business,4,55.68,6.7,SES-2013,2023-10-22,Education,2,Present
44645,18,Male,Education,3,55.99,9.5,SES-2042,2023-12-17,Engineering,3,Present
44645,18,Male,Education,3,55.99,9.5,SES-2011,2023-11-03,Engineering,2,Present
44644,19,Male,Education,3,55.99,9.5,SES-2021,2024-02-26,Social Sciences,4,Present
44644,19,Male,Education,1,65.13,5.9,SES-2009,2024-05-12,Social Sciences,7,Present
44644,19,Male,Education,1,65.13,5.9,SES-2045,2024-07-04,Education,8,Present
44644,19,Male,Education,1,65.13,5.9,SES-2006,2024-03-25,Education,5,Present
44643,17,Male,Education,1,65.13,5.9,SES-2021,2024-02-26,Social Sciences,4,Present
44642,18,Male,Social Sciences,6,73.23,9.5,SES-2012,2024-04-19,Education,5,Present
44642,18,Male,Social Sciences,6,73.23,9.5,SES-2018,2023-11-06,Business,3,Absent
44642,18,Male,Social Sciences,6,73.23,9.5,SES-2039,2024-02-08,Engineering,4,Present
44642,18,Male,Social Sciences,6,73.23,9.5,SES-2029,2023-10-21,Education,2,Present
44642,18,Male,Social Sciences,6,73.23,9.5,SES-2007,2024-06-09,Education,7,Present
44641,20,Female,Engineering,7,55.83,8.2,SES-2023,2024-04-21,Business,6,Absent
44640,20,Female,Engineering,7,55.83,8.2,SES-2046,2024-02-11,Computer Science,4,Present
44640,20,Female,Engineering,7,55.83,8.2,SES-2048,2023-09-03,Computer Science,1,Present
44640,20,Female,Engineering,7,55.83,8.2,SES-2024,2024-06-05,Social Sciences,7,Absent
44639,21,Female,Engineering,7,55.83,8.2,SES-2019,2024-06-21,Engineering,7,Absent
44637,17,Male,Computer Science,2,80.49,11.9,SES-2011,2023-11-03,Engineering,2,Present
44637,17,Male,Computer Science,2,80.49,11.9,SES-2041,2023-10-05,Business,2,Present
44636,20,Female,Social Sciences,3,52.83,9.2,SES-2001,2024-02-05,Computer Science,4,Present
44636,20,Female,Social Sciences,3,52.83,9.2,SES-2042,2023-12-17,Engineering,3,Present
44636,20,Male,Education,6,81.07,8.3,SES-2018,2023-11-06,Business,3,Present
44636,20,Male,Education,6,81.07,8.3,SES-2041,2023-10-05,Business,2,Present
44636,20,Male,Education,6,81.07,8.3,SES-2005,2024-05-15,Engineering,7,Absent
44628,23,Male,Business,3,46.32,8.9,SES-2009,2024-05-12,Social Sciences,7,Present
44628,23,Male,Business,3,46.32,8.9,SES-2028,2024-06-25,Computer Science,8,Present
44627,20,Male,Business,3,46.32,8.9,SES-2033,2023-11-14,Education,2,Absent
44627,20,Male,Business,3,46.32,8.9,SES-2020,2024-03-27,Computer Science,4,Absent
44627,20,Female,Education,1,68.42,12.9,SES-2031,2024-07-18,Computer Science,8,Present
44627,20,Female,Education,1,68.42,12.9,SES-2029,2023-10-21,Education,2,Present
44626,18,Female,Business,7,79.22,11.8,SES-2010,2024-03-24,Business,5,Absent
44626,18,Female,Business,7,79.22,11.8,SES-2038,2023-11-27,Social Sciences,2,Present
44618,18,Female,Education,5,70.41,10.3,SES-2036,2024-02-12,Education,4,Absent
44618,18,Female,Education,5,70.41,10.3,SES-2016,2024-04-12,Social Sciences,6,Present
44618,18,Female,Education,1,54.92,9.0,SES-2029,2023-10-21,Education,2,Present
44616,23,Female,Education,1,54.92,9.0,SES-2023,2024-04-21,Business,6,Present
44616,23,Female,Education,1,54.92,9.0,SES-2038,2023-11-27,Social Sciences,2,Present
44616,23,Female,Education,1,54.92,9.0,SES-2049,2024-04-17,Education,6,Present
44616,23,Male,Business,4,51.65,5.4,SES-2024,2024-06-05,Social Sciences,7,Present
44615,19,Male,Business,4,51.65,5.4,SES-2035,2023-11-28,Social Sciences,3,Present
44614,21,Male,Business,4,51.65,5.4,SES-2003,2023-10-08,Engineering,2,Present
44612,21,Female,Engineering,1,80.94,13.6,SES-2020,2024-03-27,Computer Science,4,Absent
44611,24,Male,Engineering,2,68.81,7.8,SES-2034,2024-06-24,Social Sciences,8,Present
44611,24,Male,Engineering,2,68.81,7.8,SES-2008,2024-03-04,Computer Science,4,Present
44611,24,Male,Engineering,2,68.81,7.8,SES-2021,2024-02-26,Social Sciences,4,Present
44609,21,Male,Business,8,76.24,10.0,SES-2039,2024-02-08,Engineering,4,Present
44607,19,Male,Education,3,67.82,7.7,SES-2049,2024-04-17,Education,6,Present
44607,19,Male,Education,3,67.82,7.7,SES-2034,2024-06-24,Social Sciences,8,Present
44607,19,Male,Engineering,4,74.92,9.1,SES-2003,2023-10-08,Engineering,2,Present
44607,19,Male,Engineering,4,74.92,9.1,SES-2005,2024-05-15,Engineering,7,Present
44607,19,Male,Engineering,4,65.07,7.9,SES-2031,2024-07-18,Computer Science,8,Present
44605,24,Male,Engineering,5,72.17,7.9,SES-2038,2023-11-27,Social Sciences,2,Present
44604,18,Male,Business,2,50.15,15.7,SES-2020,2024-03-27,Computer Science,4,Present
44603,20,Male,Business,2,50.15,15.7,SES-2041,2023-10-05,Business,2,Present
44601,23,Female,Computer Science,2,51.89,9.8,SES-2033,2023-11-14,Education,2,Present
44601,23,Female,Computer Science,2,51.89,9.8,SES-2043,2024-05-18,Education,7,Present
44601,23,Female,Computer Science,2,51.89,9.8,SES-2004,2023-09-23,Engineering,1,Present
44600,20,Female,Computer Science,2,51.89,9.8,SES-2029,2023-10-21,Education,2,Present
44598,20,Female,Computer Science,5,60.0,7.7,SES-2013,2023-10-22,Education,2,Present
44598,20,Male,Education,8,60.13,6.0,SES-2041,2023-10-05,Business,2,Present
44597,22,Female,Computer Science,1,52.03,6.9,SES-2003,2023-10-08,Engineering,2,Present
44596,19,Female,Computer Science,1,52.03,6.9,SES-2033,2023-11-14,Education,2,Present
44596,19,Female,Computer Science,1,52.03,6.9,SES-2039,2024-02-08,Engineering,4,Present
44596,19,Male,Education,2,80.45,14.2,SES-2024,2024-06-05,Social Sciences,7,Present
44596,19,Male,Education,2,80.45,14.2,SES-2006,2024-03-25,Education,5,Present
44594,19,Male,Education,2,80.45,14.2,SES-2031,2024-07-18,Computer Science,8,Present
44592,22,Female,Education,7,94.28,6.7,SES-2048,2023-09-03,Computer Science,1,Absent
44592,22,Female,Education,7,94.28,6.7,SES-2028,2024-06-25,Computer Science,8,Present
44592,22,Female,Education,7,94.28,6.7,SES-2015,2023-11-09,Business,2,Present
44591,21,Female,Education,7,94.28,6.7,SES-2033,2023-11-14,Education,2,Present
44591,21,Female,Education,7,94.28,6.7,SES-2047,2024-02-01,Computer Science,4,Present
44589,21,Male,Education,6,89.42,7.0,SES-2010,2024-03-24,Business,5,Present
44589,21,Male,Education,6,89.42,7.0,SES-2004,2023-09-23,Engineering,1,Present
44588,21,Male,Education,6,89.42,7.0,SES-2038,2023-11-27,Social Sciences,2,Present
44586,20,Male,Education,6,89.42,7.0,SES-2017,2024-03-23,Computer Science,4,Present
44586,20,Female,Education,2,69.36,16.0,SES-2011,2023-11-03,Engineering,2,Present
44586,20,Female,Education,2,69.36,16.0,SES-2002,2023-11-02,Computer Science,2,Present
44586,20,Female,Education,2,69.36,16.0,SES-2038,2023-11-27,Social Sciences,2,Present
44585,24,Female,Education,2,69.36,16.0,SES-2036,2024-02-12,Education,4,Present
44585,24,Female,Education,2,69.36,16.0,SES-2034,2024-06-24,Social Sciences,8,Present
44581,21,Female,Education,1,70.14,4.5,SES-2030,2024-05-13,Business,7,Absent
44580,26,Female,Education,1,70.14,4.5,SES-2028,2024-06-25,Computer Science,8,Absent
44580,26,Female,Education,1,70.14,4.5,SES-2000,2023-10-24,Social Sciences,2,Absent
44580,26,Female,Education,1,70.14,4.5,SES-2033,2023-11-14,Education,2,Present
44580,26,Female,Education,1,70.14,4.5,SES-2023,2024-04-21,Business,6,Absent
44580,26,Male,Social Sciences,1,82.57,10.1,SES-2032,2023-11-25,Social Sciences,2,Present
44578,26,Male,Social Sciences,1,82.57,10.1,SES-2040,2023-10-24,Business,2,Absent
44578,26,Male,Social Sciences,1,82.57,10.1,SES-2003,2023-10-08,Engineering,2,Present
44577,20,Male,Social Sciences,1,82.57,10.1,SES-2044,2024-04-22,Social Sciences,5,Present
44577,20,Male,Computer Science,6,63.52,7.6,SES-2047,2024-02-01,Computer Science,4,Absent
44577,20,Female,Business,7,72.98,10.9,SES-2016,2024-04-12,Social Sciences,6,Present
44577,20,Female,Business,7,72.98,10.9,SES-2041,2023-10-05,Business,2,Absent
44576,22,Female,Business,7,72.98,10.9,SES-2039,2024-02-08,Engineering,4,Present
44576,22,Male,Engineering,3,65.57,10.1,SES-2029,2023-10-21,Education,2,Present
44574,17,Female,Business,6,70.75,9.0,SES-2019,2024-06-21,Engineering,7,Present
44574,17,Female,Business,6,70.75,9.0,SES-2007,2024-06-09,Education,7,Present
44574,17,Male,Engineering,8,58.33,4.9,SES-2043,2024-05-18,Education,7,Present
44573,23,Male,Education,8,56.47,3.9,SES-2020,2024-03-27,Computer Science,4,Present
44573,23,Male,Education,8,56.47,3.9,SES-2017,2024-03-23,Computer Science,4,Absent
44570,21,Male,Engineering,7,100.0,11.1,SES-2016,2024-04-12,Social Sciences,6,Present
44570,21,Male,Engineering,7,100.0,11.1,SES-2037,2023-10-16,Computer Science,1,Absent
44568,22,Male,Engineering,7,100.0,11.1,SES-2043,2024-05-18,Education,7,Present
44568,22,Male,Engineering,7,100.0,11.1,SES-2026,2024-04-19,Business,5,Present
44568,22,Female,Business,2,72.7,9.0,SES-2009,2024-05-12,Social Sciences,7,Present
44568,22,Female,Business,2,72.7,9.0,SES-2032,2023-11-25,Social Sciences,2,Present
44568,22,Female,Business,2,72.7,9.0,SES-2039,2024-02-08,Engineering,4,Present
44567,23,Female,Business,2,72.7,9.0,SES-2036,2024-02-12,Education,4,Present
44567,23,Male,Social Sciences,6,63.67,7.5,SES-2019,2024-06-21,Engineering,7,Present
44567,23,Male,Education,7,71.54,4.7,SES-2007,2024-06-09,Education,7,Absent
44566,23,Male,Education,7,71.54,4.7,SES-2022,2024-06-03,Education,7,Absent
44566,23,Male,Social Sciences,3,78.56,15.6,SES-2013,2023-10-22,Education,2,Absent
44566,23,Male,Social Sciences,3,78.56,15.6,SES-2010,2024-03-24,Business,5,Present
44564,26,Male,Business,6,66.3,6.3,SES-2049,2024-04-17,Education,6,Present
44563,23,Male,Engineering,7,89.54,11.4,SES-2045,2024-07-04,Education,8,Present
44563,23,Male,Engineering,7,89.54,11.4,SES-2004,2023-09-23,Engineering,1,Present
44563,23,Female,Education,2,95.13,10.3,SES-2044,2024-04-22,Social Sciences,5,Present
44563,23,Female,Education,2,95.13,10.3,SES-2041,2023-10-05,Business,2,Present
44562,23,Female,Education,2,95.13,10.3,SES-2043,2024-05-18,Education,7,Present
44561,22,Female,Education,2,95.13,10.3,SES-2040,2023-10-24,Business,2,Present
44561,22,Female,Social Sciences,3,70.58,11.1,SES-2013,2023-10-22,Education,2,Present
44561,22,Female,Social Sciences,3,70.58,11.1,SES-2020,2024-03-27,Computer Science,4,Present
44561,22,Female,Social Sciences,3,70.58,11.1,SES-2006,2024-03-25,Education,5,Present
44559,23,Female,Business,8,64.93,5.4,SES-2008,2024-03-04,Computer Science,4,Absent
44559,23,Male,Social Sciences,4,50.06,12.7,SES-2038,2023-11-27,Social Sciences,2,Present
44559,23,Male,Social Sciences,4,50.06,12.7,SES-2042,2023-12-17,Engineering,3,Present
44556,22,Male,Social Sciences,4,50.06,12.7,SES-2040,2023-10-24,Business,2,Absent
44556,22,Male,Engineering,1,55.01,8.6,SES-2041,2023-10-05,Business,2,Present
44555,20,Male,Engineering,1,55.01,8.6,SES-2022,2024-06-03,Education,7,Present
44555,20,Male,Engineering,1,55.01,8.6,SES-2009,2024-05-12,Social Sciences,7,Present
44555,20,Male,Engineering,1,55.01,8.6,SES-2014,2024-03-28,Education,5,Present
44555,20,Female,Social Sciences,1,68.13,9.3,SES-2040,2023-10-24,Business,2,Present
44555,20,Female,Social Sciences,1,68.13,9.3,SES-2008,2024-03-04,Computer Science,4,Present
44554,23,Female,Social Sciences,1,68.13,9.3,SES-2006,2024-03-25,Education,5,Absent
44553,24,Female,Social Sciences,1,68.13,9.3,SES-2042,2023-12-17,Engineering,3,Present
44553,24,Female,Social Sciences,1,68.13,9.3,SES-2041,2023-10-05,Business,2,Present
44553,24,Male,Social Sciences,8,51.66,5.0,SES-2040,2023-10-24,Business,2,Absent
44553,24,Male,Social Sciences,8,51.66,5.0,SES-2013,2023-10-22,Education,2,Present
44551,17,Male,Engineering,4,73.23,8.3,SES-2005,2024-05-15,Engineering,7,Present
44550,19,Male,Engineering,4,73.23,8.3,SES-2044,2024-04-22,Social Sciences,5,Present
44550,19,Male,Engineering,4,73.23,8.3,SES-2020,2024-03-27,Computer Science,4,Absent
44550,19,Male,Business,4,75.43,14.1,SES-2039,2024-02-08,Engineering,4,Present
44550,19,Male,Business,4,75.43,14.1,SES-2040,2023-10-24,Business,2,Present
44548,20,Male,Computer Science,1,54.95,6.9,SES-2022,2024-06-03,Education,7,Absent
44548,20,Male,Computer Science,1,54.95,6.9,SES-2027,2024-04-05,Engineering,6,Present
44544,22,Female,Computer Science,7,69.44,11.2,SES-2033,2023-11-14,Education,2,Present
44541,19,Male,Engineering,6,62.99,11.5,SES-2003,2023-10-08,Engineering,2,Present
44541,19,Male,Engineering,6,62.99,11.5,SES-2011,2023-11-03,Engineering,2,Present
44539,21,Female,Engineering,4,49.24,5.2,SES-2016,2024-04-12,Social Sciences,6,Absent
44539,21,Male,Computer Science,8,52.93,5.9,SES-2013,2023-10-22,Education,2,Present
44539,21,Male,Computer Science,8,52.93,5.9,SES-2040,2023-10-24,Business,2,Present
44539,21,Male,Computer Science,8,52.93,5.9,SES-2012,2024-04-19,Education,5,Present
44538,20,Male,Computer Science,8,52.93,5.9,SES-2018,2023-11-06,Business,3,Present
44537,18,Male,Education,3,80.32,6.6,SES-2002,2023-11-02,Computer Science,2,Absent
44536,21,Female,Engineering,5,42.45,5.7,SES-2032,2023-11-25,Social Sciences,2,Absent
44536,21,Female,Engineering,5,42.45,5.7,SES-2036,2024-02-12,Education,4,Absent
44532,18,Female,Education,7,65.89,8.8,SES-2011,2023-11-03,Engineering,2,Absent
44532,18,Male,Computer Science,5,58.54,8.8,SES-2010,2024-03-24,Business,5,Absent
44528,19,Male,Social Sciences,4,73.12,7.2,SES-2049,2024-04-17,Education,6,Present
44527,21,Male,Social Sciences,4,73.12,7.2,SES-2011,2023-11-03,Engineering,2,Present
44527,21,Male,Social Sciences,4,73.12,7.2,SES-2024,2024-06-05,Social Sciences,7,Present
44527,21,Male,Social Sciences,4,73.12,7.2,SES-2004,2023-09-23,Engineering,1,Present
44519,21,Male,Engineering,3,73.18,6.9,SES-2009,2024-05-12,Social Sciences,7,Present
44518,23,Female,Social Sciences,2,59.84,4.9,SES-2000,2023-10-24,Social Sciences,2,Absent
44515,22,Male,Computer Science,3,68.11,11.9,SES-2015,2023-11-09,Business,2,Absent
44515,22,Male,Computer Science,3,68.11,11.9,SES-2011,2023-11-03,Engineering,2,Present
44515,22,Male,Engineering,4,76.58,10.6,SES-2007,2024-06-09,Education,7,Present
44514,20,Male,Engineering,4,76.58,10.6,SES-2005,2024-05-15,Engineering,7,Present
44514,20,Male,Engineering,4,76.58,10.6,SES-2015,2023-11-09,Business,2,Present
44514,20,Male,Engineering,4,76.58,10.6,SES-2038,2023-11-27,Social Sciences,2,Present
44514,20,Male,Engineering,4,76.58,10.6,SES-2045,2024-07-04,Education,8,Present
44514,20,Male,Computer Science,7,76.29,13.0,SES-2036,2024-02-12,Education,4,Present
44513,21,Male,Computer Science,7,76.29,13.0,SES-2034,2024-06-24,Social Sciences,8,Present
44512,20,Male,Education,2,66.1,8.7,SES-2014,2024-03-28,Education,5,Present
44512,20,Male,Education,2,66.1,8.7,SES-2016,2024-04-12,Social Sciences,6,Present
44512,20,Male,Education,2,66.1,8.7,SES-2003,2023-10-08,Engineering,2,Present
44511,24,Male,Education,2,66.1,8.7,SES-2004,2023-09-23,Engineering,1,Present
44511,24,Male,Education,2,66.1,8.7,SES-2033,2023-11-14,Education,2,Present
44510,19,Female,Business,3,91.54,10.5,SES-2022,2024-06-03,Education,7,Present
44510,19,Female,Business,3,91.54,10.5,SES-2017,2024-03-23,Computer Science,4,Present
44510,19,Female,Business,3,91.54,10.5,SES-2016,2024-04-12,Social Sciences,6,Present
44508,19,Male,Education,6,69.32,11.1,SES-2017,2024-03-23,Computer Science,4,Absent
44507,17,Male,Education,6,69.32,11.1,SES-2038,2023-11-27,Social Sciences,2,Present
44506,18,Male,Education,6,69.32,11.1,SES-2035,2023-11-28,Social Sciences,3,Present
44506,18,Female,Computer Science,3,58.8,9.4,SES-2042,2023-12-17,Engineering,3,Present
44506,18,Female,Computer Science,3,58.8,9.4,SES-2048,2023-09-03,Computer Science,1,Present
44504,18,Female,Computer Science,3,58.8,9.4,SES-2041,2023-10-05,Business,2,Present
44504,18,Female,Computer Science,3,58.8,9.4,SES-2015,2023-11-09,Business,2,Present
44504,18,Female,Computer Science,3,58.8,9.4,SES-2037,2023-10-16,Computer Science,1,Present
44504,18,Female,Social Sciences,3,58.5,6.3,SES-2042,2023-12-17,Engineering,3,Present
44503,22,Female,Social Sciences,3,58.5,6.3,SES-2049,2024-04-17,Education,6,Present
44503,22,Female,Social Sciences,3,58.5,6.3,SES-2011,2023-11-03,Engineering,2,Absent
44502,23,Male,Business,5,41.78,10.5,SES-2012,2024-04-19,Education,5,Absent
44501,22,Male,Business,5,41.78,10.5,SES-2010,2024-03-24,Business,5,Absent
44500,26,Male,Business,5,41.78,10.5,SES-2018,2023-11-06,Business,3,Absent
44499,21,Male,Business,5,41.78,10.5,SES-2035,2023-11-28,Social Sciences,3,Absent
44499,21,Male,Business,5,41.78,10.5,SES-2016,2024-04-12,Social Sciences,6,Present
44497,18,Male,Education,6,59.88,11.1,SES-2045,2024-07-04,Education,8,Absent
44497,18,Male,Education,6,59.88,11.1,SES-2026,2024-04-19,Business,5,Absent
44497,18,Male,Education,6,59.88,11.1,SES-2042,2023-12-17,Engineering,3,Absent
44497,18,Male,Education,6,59.88,11.1,SES-2037,2023-10-16,Computer Science,1,Present
44495,23,Male,Education,6,59.88,11.1,SES-2048,2023-09-03,Computer Science,1,Present
44493,17,Male,Education,5,47.43,6.7,SES-2044,2024-04-22,Social Sciences,5,Absent
44492,20,Male,Education,5,47.43,6.7,SES-2005,2024-05-15,Engineering,7,Absent
44492,20,Male,Education,5,47.43,6.7,SES-2029,2023-10-21,Education,2,Absent
44492,20,Male,Computer Science,8,53.97,7.4,SES-2017,2024-03-23,Computer Science,4,Present
44492,20,Male,Computer Science,8,53.97,7.4,SES-2043,2024-05-18,Education,7,Present
44491,17,Male,Engineering,7,62.25,9.6,SES-2005,2024-05-15,Engineering,7,Present
44491,17,Male,Engineering,7,62.25,9.6,SES-2014,2024-03-28,Education,5,Present
44491,17,Female,Computer Science,8,76.53,8.5,SES-2025,2023-11-24,Engineering,3,Present
44491,17,Female,Computer Science,8,76.53,8.5,SES-2005,2024-05-15,Engineering,7,Absent
44491,17,Female,Computer Science,8,76.53,8.5,SES-2040,2023-10-24,Business,2,Absent
44490,21,Male,Social Sciences,4,56.27,7.4,SES-2017,2024-03-23,Computer Science,4,Present
44490,21,Male,Computer Science,5,53.15,8.5,SES-2041,2023-10-05,Business,2,Present
44490,21,Male,Computer Science,5,53.15,8.5,SES-2015,2023-11-09,Business,2,Present
44490,21,Male,Computer Science,5,53.15,8.5,SES-2006,2024-03-25,Education,5,Present
44489,18,Male,Engineering,1,72.94,5.4,SES-2036,2024-02-12,Education,4,Absent
44489,18,Male,Engineering,1,72.94,5.4,SES-2045,2024-07-04,Education,8,Present
44489,18,Male,Engineering,1,72.94,5.4,SES-2035,2023-11-28,Social Sciences,3,Present
44489,18,Male,Computer Science,4,62.31,9.5,SES-2031,2024-07-18,Computer Science,8,Present
44488,22,Male,Computer Science,4,62.31,9.5,SES-2012,2024-04-19,Education,5,Present
44488,22,Male,Computer Science,4,62.31,9.5,SES-2000,2023-10-24,Social Sciences,2,Present
44487,20,Male,Computer Science,8,54.76,4.1,SES-2044,2024-04-22,Social Sciences,5,Present
44485,22,Male,Computer Science,8,54.76,4.1,SES-2022,2024-06-03,Education,7,Absent
44485,22,Male,Computer Science,8,54.76,4.1,SES-2001,2024-02-05,Computer Science,4,Absent
44485,22,Male,Computer Science,8,54.76,4.1,SES-2012,2024-04-19,Education,5,Absent
44485,22,Male,Computer Science,8,54.76,4.1,SES-2043,2024-05-18,Education,7,Absent
44484,22,Male,Education,8,51.85,6.9,SES-2043,2024-05-18,Education,7,Present
44483,20,Male,Education,8,51.85,6.9,SES-2034,2024-06-24,Social Sciences,8,Present
44483,20,Male,Education,8,51.85,6.9,SES-2047,2024-02-01,Computer Science,4,Present
44483,20,Male,Education,8,51.85,6.9,SES-2012,2024-04-19,Education,5,Present
44480,21,Male,Engineering,6,80.17,12.5,SES-2003,2023-10-08,Engineering,2,Present
44475,22,Male,Engineering,6,84.3,12.4,SES-2008,2024-03-04,Computer Science,4,Present
44475,22,Male,Education,1,64.21,9.8,SES-2028,2024-06-25,Computer Science,8,Present
44475,22,Male,Education,1,64.21,9.8,SES-2042,2023-12-17,Engineering,3,Present
44475,22,Male,Education,1,64.21,9.8,SES-2049,2024-04-17,Education,6,Present
44474,22,Male,Engineering,6,60.62,14.7,SES-2043,2024-05-18,Education,7,Absent
44474,22,Male,Engineering,6,60.62,14.7,SES-2044,2024-04-22,Social Sciences,5,Present
44474,22,Male,Engineering,6,60.62,14.7,SES-2016,2024-04-12,Social Sciences,6,Present
44474,22,Male,Engineering,6,60.62,14.7,SES-2013,2023-10-22,Education,2,Present
44474,22,Male,Engineering,6,60.62,14.7,SES-2000,2023-10-24,Social Sciences,2,Present
44473,24,Male,Social Sciences,7,48.71,1.4,SES-2004,2023-09-23,Engineering,1,Absent
44473,24,Male,Social Sciences,7,48.71,1.4,SES-2041,2023-10-05,Business,2,Absent
44472,24,Male,Social Sciences,7,48.71,1.4,SES-2036,2024-02-12,Education,4,Absent
44470,18,Female,Computer Science,4,55.42,7.8,SES-2014,2024-03-28,Education,5,Present
44470,18,Male,Engineering,7,48.83,6.6,SES-2029,2023-10-21,Education,2,Present
44470,18,Male,Engineering,7,48.83,6.6,SES-2048,2023-09-03,Computer Science,1,Absent
44470,18,Male,Engineering,7,48.83,6.6,SES-2038,2023-11-27,Social Sciences,2,Absent
44464,21,Female,Computer Science,4,66.07,15.0,SES-2021,2024-02-26,Social Sciences,4,Present
44458,22,Female,Engineering,7,49.64,5.7,SES-2039,2024-02-08,Engineering,4,Absent
44458,22,Female,Engineering,7,49.64,5.7,SES-2016,2024-04-12,Social Sciences,6,Absent
44458,22,Female,Engineering,7,49.64,5.7,SES-2004,2023-09-23,Engineering,1,Absent
44458,22,Female,Engineering,7,49.64,5.7,SES-2048,2023-09-03,Computer Science,1,Absent
44457,23,Female,Engineering,7,49.64,5.7,SES-2034,2024-06-24,Social Sciences,8,Present
44452,23,Female,Social Sciences,4,62.77,4.9,SES-2043,2024-05-18,Education,7,Absent
44452,23,Female,Social Sciences,4,62.77,4.9,SES-2027,2024-04-05,Engineering,6,Absent
44452,23,Female,Social Sciences,4,62.77,4.9,SES-2012,2024-04-19,Education,5,Absent
44452,23,Female,Computer Science,5,60.84,8.0,SES-2040,2023-10-24,Business,2,Present
44450,17,Female,Computer Science,5,60.84,8.0,SES-2003,2023-10-08,Engineering,2,Present
44450,17,Female,Computer Science,5,60.84,8.0,SES-2014,2024-03-28,Education,5,Present
44450,17,Female,Computer Science,5,60.84,8.0,SES-2010,2024-03-24,Business,5,Present
44450,17,Female,Computer Science,5,60.84,8.0,SES-2007,2024-06-09,Education,7,Present
44449,22,Male,Business,7,61.56,2.2,SES-2025,2023-11-24,Engineering,3,Absent
44449,22,Male,Business,7,61.56,2.2,SES-2021,2024-02-26,Social Sciences,4,Absent
44447,23,Male,Social Sciences,2,74.9,13.0,SES-2040,2023-10-24,Business,2,Present
44447,23,Male,Social Sciences,2,74.9,13.0,SES-2032,2023-11-25,Social Sciences,2,Present
44447,23,Male,Social Sciences,2,74.9,13.0,SES-2028,2024-06-25,Computer Science,8,Present
44446,19,Female,Computer Science,2,62.73,8.2,SES-2024,2024-06-05,Social Sciences,7,Present
44446,19,Female,Social Sciences,8,62.35,10.1,SES-2010,2024-03-24,Business,5,Present
44446,19,Female,Social Sciences,8,62.35,10.1,SES-2000,2023-10-24,Social Sciences,2,Present
44446,19,Female,Business,6,53.35,5.8,SES-2023,2024-04-21,Business,6,Present
44443,20,Male,Business,4,73.4,12.0,SES-2002,2023-11-02,Computer Science,2,Present
44442,18,Male,Business,4,73.4,12.0,SES-2041,2023-10-05,Business,2,Present
44442,18,Male,Business,4,73.4,12.0,SES-2026,2024-04-19,Business,5,Present
44442,18,Male,Business,4,73.4,12.0,SES-2004,2023-09-23,Engineering,1,Absent
44441,22,Male,Business,4,73.4,12.0,SES-2010,2024-03-24,Business,5,Present
44438,24,Male,Engineering,8,55.82,11.2,SES-2033,2023-11-14,Education,2,Present
44438,24,Male,Engineering,8,55.82,11.2,SES-2000,2023-10-24,Social Sciences,2,Present
44434,20,Female,Education,6,87.92,13.8,SES-2041,2023-10-05,Business,2,Present
44433,20,Female,Education,6,87.92,13.8,SES-2008,2024-03-04,Computer Science,4,Present
44433,20,Female,Education,6,87.92,13.8,SES-2024,2024-06-05,Social Sciences,7,Present
44433,20,Female,Education,6,87.92,13.8,SES-2043,2024-05-18,Education,7,Present
44433,20,Female,Education,6,87.92,13.8,SES-2007,2024-06-09,Education,7,Present
44431,25,Male,Engineering,1,54.32,5.0,SES-2039,2024-02-08,Engineering,4,Present
44429,26,Male,Computer Science,4,69.17,11.5,SES-2037,2023-10-16,Computer Science,1,Present
44429,26,Male,Computer Science,4,69.17,11.5,SES-2024,2024-06-05,Social Sciences,7,Present
44427,18,Female,Education,3,60.9,8.9,SES-2008,2024-03-04,Computer Science,4,Present
44427,18,Female,Education,3,60.9,8.9,SES-2003,2023-10-08,Engineering,2,Present
44426,19,Male,Social Sciences,3,64.45,7.6,SES-2031,2024-07-18,Computer Science,8,Absent
44426,19,Male,Social Sciences,3,64.45,7.6,SES-2023,2024-04-21,Business,6,Present
44423,18,Female,Social Sciences,3,49.47,5.5,SES-2020,2024-03-27,Computer Science,4,Absent
44423,18,Female,Social Sciences,3,49.47,5.5,SES-2032,2023-11-25,Social Sciences,2,Absent
44423,18,Male,Social Sciences,5,59.98,8.8,SES-2028,2024-06-25,Computer Science,8,Present
44423,18,Male,Social Sciences,5,59.98,8.8,SES-2032,2023-11-25,Social Sciences,2,Present
44423,18,Male,Social Sciences,5,59.98,8.8,SES-2029,2023-10-21,Education,2,Present
44423,18,Male,Social Sciences,5,59.98,8.8,SES-2031,2024-07-18,Computer Science,8,Present
44423,18,Female,Business,2,58.3,10.2,SES-2035,2023-11-28,Social Sciences,3,Present
44422,23,Female,Social Sciences,3,62.03,12.3,SES-2041,2023-10-05,Business,2,Present
44422,23,Female,Social Sciences,3,62.03,12.3,SES-2038,2023-11-27,Social Sciences,2,Present
44422,23,Female,Social Sciences,3,62.03,12.3,SES-2035,2023-11-28,Social Sciences,3,Present
44422,23,Female,Social Sciences,3,62.03,12.3,SES-2000,2023-10-24,Social Sciences,2,Present
44419,20,Female,Engineering,1,51.0,9.3,SES-2019,2024-06-21,Engineering,7,Present
44419,20,Female,Engineering,1,51.0,9.3,SES-2015,2023-11-09,Business,2,Present
44419,20,Female,Engineering,1,51.0,9.3,SES-2014,2024-03-28,Education,5,Absent
44416,20,Female,Business,4,64.44,6.4,SES-2022,2024-06-03,Education,7,Present
44416,20,Female,Business,4,64.44,6.4,SES-2035,2023-11-28,Social Sciences,3,Absent
44414,20,Female,Computer Science,1,88.39,11.4,SES-2014,2024-03-28,Education,5,Present
44414,20,Female,Computer Science,1,88.39,11.4,SES-2034,2024-06-24,Social Sciences,8,Present
44411,18,Female,Social Sciences,7,77.43,9.5,SES-2042,2023-12-17,Engineering,3,Present
44410,25,Female,Social Sciences,7,77.43,9.5,SES-2003,2023-10-08,Engineering,2,Absent
44401,22,Female,Engineering,7,70.27,12.2,SES-2016,2024-04-12,Social Sciences,6,Present
44400,21,Female,Engineering,7,70.27,12.2,SES-2032,2023-11-25,Social Sciences,2,Present
44400,21,Female,Engineering,7,70.27,12.2,SES-2010,2024-03-24,Business,5,Present
44399,20,Male,Social Sciences,4,63.92,9.1,SES-2028,2024-06-25,Computer Science,8,Present
44399,20,Male,Social Sciences,4,63.92,9.1,SES-2038,2023-11-27,Social Sciences,2,Present
44399,20,Male,Social Sciences,4,63.92,9.1,SES-2043,2024-05-18,Education,7,Present
44399,20,Male,Social Sciences,4,63.92,9.1,SES-2031,2024-07-18,Computer Science,8,Present
44398,20,Male,Social Sciences,4,63.92,9.1,SES-2032,2023-11-25,Social Sciences,2,Absent
44394,20,Male,Computer Science,4,76.53,9.8,SES-2028,2024-06-25,Computer Science,8,Absent
44393,20,Male,Computer Science,4,76.53,9.8,SES-2000,2023-10-24,Social Sciences,2,Present
44393,20,Male,Computer Science,4,76.53,9.8,SES-2045,2024-07-04,Education,8,Present
44393,20,Female,Engineering,8,70.89,10.5,SES-2047,2024-02-01,Computer Science,4,Present
44393,20,Male,Engineering,8,77.72,8.2,SES-2030,2024-05-13,Business,7,Present
44391,25,Female,Engineering,2,60.57,8.4,SES-2039,2024-02-08,Engineering,4,Present
44390,24,Female,Engineering,2,60.57,8.4,SES-2033,2023-11-14,Education,2,Absent
44390,24,Male,Education,7,58.4,11.6,SES-2029,2023-10-21,Education,2,Present
44390,24,Male,Education,7,58.4,11.6,SES-2023,2024-04-21,Business,6,Present
44390,24,Male,Education,7,58.4,11.6,SES-2014,2024-03-28,Education,5,Present
44386,18,Male,Education,7,76.53,7.5,SES-2038,2023-11-27,Social Sciences,2,Present
44386,18,Male,Education,7,76.53,7.5,SES-2044,2024-04-22,Social Sciences,5,Present
44386,18,Male,Education,7,76.53,7.5,SES-2033,2023-11-14,Education,2,Present
44383,24,Female,Engineering,5,79.27,10.4,SES-2034,2024-06-24,Social Sciences,8,Absent
44383,24,Female,Education,8,78.01,14.0,SES-2020,2024-03-27,Computer Science,4,Absent
44383,24,Female,Education,8,78.01,14.0,SES-2027,2024-04-05,Engineering,6,Present
44380,22,Female,Computer Science,4,55.53,3.8,SES-2029,2023-10-21,Education,2,Absent
44380,22,Female,Computer Science,4,55.53,3.8,SES-2020,2024-03-27,Computer Science,4,Absent
44378,20,Female,Computer Science,4,55.53,3.8,SES-2015,2023-11-09,Business,2,Absent
44369,17,Female,Engineering,1,80.8,7.7,SES-2031,2024-07-18,Computer Science,8,Present
44368,24,Female,Engineering,1,80.8,7.7,SES-2011,2023-11-03,Engineering,2,Present
44368,24,Female,Engineering,1,80.8,7.7,SES-2048,2023-09-03,Computer Science,1,Present
44368,24,Female,Engineering,1,80.8,7.7,SES-2041,2023-10-05,Business,2,Present
44368,24,Female,Engineering,1,80.8,7.7,SES-2044,2024-04-22,Social Sciences,5,Present
44367,23,Male,Computer Science,5,78.42,11.3,SES-2016,2024-04-12,Social Sciences,6,Present
44367,23,Male,Computer Science,5,78.42,11.3,SES-2049,2024-04-17,Education,6,Present
44367,23,Male,Education,5,85.0,5.7,SES-2002,2023-11-02,Computer Science,2,Present
44365,20,Male,Education,5,85.0,5.7,SES-2047,2024-02-01,Computer Science,4,Present
44363,18,Male,Engineering,1,72.93,6.3,SES-2009,2024-05-12,Social Sciences,7,Present
44363,18,Male,Engineering,1,72.93,6.3,SES-2032,2023-11-25,Social Sciences,2,Absent
44363,18,Male,Engineering,1,72.93,6.3,SES-2008,2024-03-04,Computer Science,4,Present
44363,18,Male,Engineering,1,65.39,6.4,SES-2043,2024-05-18,Education,7,Present
44363,18,Female,Social Sciences,2,74.21,12.3,SES-2010,2024-03-24,Business,5,Present
44363,18,Female,Social Sciences,2,74.21,12.3,SES-2031,2024-07-18,Computer Science,8,Absent
44363,18,Female,Social Sciences,2,74.21,12.3,SES-2011,2023-11-03,Engineering,2,Present
44363,18,Male,Education,1,52.66,13.6,SES-2020,2024-03-27,Computer Science,4,Present
44362,23,Male,Education,1,52.66,13.6,SES-2048,2023-09-03,Computer Science,1,Present
44362,23,Male,Business,7,57.23,13.2,SES-2021,2024-02-26,Social Sciences,4,Present
44360,21,Female,Computer Science,7,63.9,8.7,SES-2023,2024-04-21,Business,6,Present
44360,21,Female,Computer Science,7,63.9,8.7,SES-2047,2024-02-01,Computer Science,4,Present
44359,18,Female,Computer Science,7,63.9,8.7,SES-2022,2024-06-03,Education,7,Present
44358,21,Female,Business,7,45.88,4.2,SES-2014,2024-03-28,Education,5,Absent
44358,21,Female,Business,7,45.88,4.2,SES-2035,2023-11-28,Social Sciences,3,Present
44357,22,Female,Business,7,45.88,4.2,SES-2030,2024-05-13,Business,7,Absent
44357,22,Female,Education,8,47.07,7.6,SES-2001,2024-02-05,Computer Science,4,Present
44356,19,Female,Education,8,47.07,7.6,SES-2034,2024-06-24,Social Sciences,8,Present
44355,18,Male,Engineering,7,51.47,7.1,SES-2028,2024-06-25,Computer Science,8,Present
44354,20,Male,Engineering,7,51.47,7.1,SES-2045,2024-07-04,Education,8,Present
44354,20,Male,Engineering,7,51.47,7.1,SES-2000,2023-10-24,Social Sciences,2,Present
44353,25,Male,Engineering,7,51.47,7.1,SES-2026,2024-04-19,Business,5,Present
44353,25,Female,Education,1,77.15,12.1,SES-2040,2023-10-24,Business,2,Absent
44352,17,Female,Education,1,77.15,12.1,SES-2001,2024-02-05,Computer Science,4,Present
44352,17,Female,Education,1,77.15,12.1,SES-2000,2023-10-24,Social Sciences,2,Present
44352,17,Female,Education,6,57.91,7.3,SES-2032,2023-11-25,Social Sciences,2,Present
44351,22,Female,Computer Science,1,53.66,8.5,SES-2036,2024-02-12,Education,4,Present
44351,22,Female,Computer Science,1,53.66,8.5,SES-2027,2024-04-05,Engineering,6,Present
44351,22,Female,Computer Science,1,53.66,8.5,SES-2012,2024-04-19,Education,5,Absent
44351,22,Female,Computer Science,1,53.66,8.5,SES-2037,2023-10-16,Computer Science,1,Present
44351,22,Female,Computer Science,1,53.66,8.5,SES-2025,2023-11-24,Engineering,3,Present
44350,17,Male,Engineering,2,83.55,15.4,SES-2035,2023-11-28,Social Sciences,3,Present
44350,17,Female,Engineering,1,75.5,11.4,SES-2020,2024-03-27,Computer Science,4,Present
44350,17,Female,Engineering,1,75.5,11.4,SES-2035,2023-11-28,Social Sciences,3,Present
44347,21,Male,Education,2,64.39,4.9,SES-2049,2024-04-17,Education,6,Absent
44347,21,Male,Education,2,64.39,4.9,SES-2029,2023-10-21,Education,2,Present
44347,21,Male,Education,2,64.39,4.9,SES-2006,2024-03-25,Education,5,Absent
44346,19,Male,Education,2,64.39,4.9,SES-2027,2024-04-05,Engineering,6,Present
44346,19,Male,Computer Science,4,77.28,11.6,SES-2047,2024-02-01,Computer Science,4,Present
44345,21,Male,Computer Science,4,77.28,11.6,SES-2000,2023-10-24,Social Sciences,2,Absent
44344,22,Male,Computer Science,4,77.28,11.6,SES-2021,2024-02-26,Social Sciences,4,Present
44344,22,Male,Social Sciences,6,74.57,10.1,SES-2033,2023-11-14,Education,2,Present
44344,22,Male,Social Sciences,6,74.57,10.1,SES-2017,2024-03-23,Computer Science,4,Present
44344,22,Male,Social Sciences,6,74.57,10.1,SES-2049,2024-04-17,Education,6,Absent
44342,20,Male,Education,3,66.61,3.4,SES-2046,2024-02-11,Computer Science,4,Absent
44341,21,Male,Business,1,50.53,3.7,SES-2020,2024-03-27,Computer Science,4,Absent
44336,21,Male,Education,6,58.64,4.6,SES-2007,2024-06-09,Education,7,Absent
44336,21,Male,Education,6,58.64,4.6,SES-2028,2024-06-25,Computer Science,8,Absent
44336,21,Male,Education,6,58.64,4.6,SES-2038,2023-11-27,Social Sciences,2,Absent
44335,21,Male,Education,6,58.64,4.6,SES-2013,2023-10-22,Education,2,Present
44332,19,Male,Business,6,50.95,8.9,SES-2023,2024-04-21,Business,6,Present
44332,19,Male,Business,6,74.26,12.9,SES-2009,2024-05-12,Social Sciences,7,Absent
44331,23,Male,Business,6,74.26,12.9,SES-2046,2024-02-11,Computer Science,4,Present
44331,23,Male,Business,6,74.26,12.9,SES-2039,2024-02-08,Engineering,4,Absent
44331,23,Male,Engineering,2,74.25,13.7,SES-2015,2023-11-09,Business,2,Present
44329,22,Male,Social Sciences,5,68.38,5.0,SES-2032,2023-11-25,Social Sciences,2,Present
44329,22,Male,Social Sciences,5,68.38,5.0,SES-2021,2024-02-26,Social Sciences,4,Absent
44328,22,Male,Social Sciences,5,68.38,5.0,SES-2003,2023-10-08,Engineering,2,Present
44328,22,Male,Social Sciences,5,68.38,5.0,SES-2020,2024-03-27,Computer Science,4,Present
44328,22,Female,Engineering,2,67.59,7.9,SES-2031,2024-07-18,Computer Science,8,Present
44328,22,Female,Engineering,2,67.59,7.9,SES-2007,2024-06-09,Education,7,Present
44327,21,Female,Engineering,2,67.59,7.9,SES-2019,2024-06-21,Engineering,7,Present
44326,21,Female,Engineering,2,67.59,7.9,SES-2046,2024-02-11,Computer Science,4,Present
44325,21,Female,Business,4,76.67,10.6,SES-2009,2024-05-12,Social Sciences,7,Absent
44325,21,Female,Business,4,76.67,10.6,SES-2008,2024-03-04,Computer Science,4,Present
44322,22,Male,Social Sciences,4,60.14,8.7,SES-2044,2024-04-22,Social Sciences,5,Present
44321,22,Male,Computer Science,4,51.01,10.9,SES-2031,2024-07-18,Computer Science,8,Present
44321,22,Female,Engineering,3,61.04,8.4,SES-2018,2023-11-06,Business,3,Present
44321,22,Female,Engineering,3,61.04,8.4,SES-2048,2023-09-03,Computer Science,1,Present
44321,22,Female,Engineering,3,61.04,8.4,SES-2041,2023-10-05,Business,2,Present
44321,22,Female,Engineering,3,61.04,8.4,SES-2008,2024-03-04,Computer Science,4,Present
44321,22,Female,Engineering,3,61.04,8.4,SES-2013,2023-10-22,Education,2,Present
44318,21,Male,Education,5,54.5,3.4,SES-2047,2024-02-01,Computer Science,4,Present
44318,21,Male,Education,5,54.5,3.4,SES-2036,2024-02-12,Education,4,Absent
44315,20,Female,Social Sciences,6,62.68,9.4,SES-2016,2024-04-12,Social Sciences,6,Present
44315,20,Female,Business,2,67.52,7.1,SES-2033,2023-11-14,Education,2,Present
44314,20,Female,Business,2,67.52,7.1,SES-2006,2024-03-25,Education,5,Present
44314,20,Female,Business,2,67.52,7.1,SES-2014,2024-03-28,Education,5,Present
44313,20,Female,Business,2,67.52,7.1,SES-2009,2024-05-12,Social Sciences,7,Present
44313,20,Male,Education,8,42.99,5.6,SES-2034,2024-06-24,Social Sciences,8,Absent
44313,20,Male,Business,6,59.32,10.6,SES-2009,2024-05-12,Social Sciences,7,Present
44310,21,Male,Business,6,59.32,10.6,SES-2011,2023-11-03,Engineering,2,Present
44309,22,Male,Education,1,53.04,10.3,SES-2020,2024-03-27,Computer Science,4,Present
44309,22,Male,Education,1,53.04,10.3,SES-2003,2023-10-08,Engineering,2,Present
44309,22,Male,Education,1,53.04,10.3,SES-2007,2024-06-09,Education,7,Present
44305,20,Male,Computer Science,7,60.48,6.1,SES-2037,2023-10-16,Computer Science,1,Present
44304,19,Male,Computer Science,7,60.48,6.1,SES-2038,2023-11-27,Social Sciences,2,Present
44302,19,Male,Education,2,62.98,13.2,SES-2027,2024-04-05,Engineering,6,Present
44302,19,Male,Education,2,62.98,13.2,SES-2006,2024-03-25,Education,5,Present
44299,20,Male,Education,6,83.07,9.4,SES-2037,2023-10-16,Computer Science,1,Present
44299,20,Male,Education,6,83.07,9.4,SES-2001,2024-02-05,Computer Science,4,Absent
44299,20,Male,Education,6,83.07,9.4,SES-2015,2023-11-09,Business,2,Present
44298,21,Male,Computer Science,2,73.58,8.0,SES-2005,2024-05-15,Engineering,7,Present
44298,21,Male,Computer Science,2,73.58,8.0,SES-2029,2023-10-21,Education,2,Present
44298,21,Male,Computer Science,2,73.58,8.0,SES-2036,2024-02-12,Education,4,Absent
44298,21,Male,Computer Science,2,73.58,8.0,SES-2043,2024-05-18,Education,7,Absent
44295,19,Male,Engineering,4,60.09,12.6,SES-2031,2024-07-18,Computer Science,8,Present
44295,19,Female,Business,6,80.01,10.4,SES-2010,2024-03-24,Business,5,Present
44291,17,Male,Social Sciences,1,65.67,4.5,SES-2032,2023-11-25,Social Sciences,2,Absent
44291,17,Female,Computer Science,7,65.7,7.6,SES-2043,2024-05-18,Education,7,Present
44283,23,Male,Business,1,65.9,3.4,SES-2007,2024-06-09,Education,7,Absent
44283,23,Male,Business,1,65.9,3.4,SES-2017,2024-03-23,Computer Science,4,Absent
44283,23,Male,Business,1,65.9,3.4,SES-2041,2023-10-05,Business,2,Absent
44283,23,Female,Business,4,64.56,6.7,SES-2028,2024-06-25,Computer Science,8,Present
44268,22,Male,Social Sciences,4,54.62,10.9,SES-2007,2024-06-09,Education,7,Present
44268,22,Male,Social Sciences,4,54.62,10.9,SES-2022,2024-06-03,Education,7,Absent
44266,23,Female,Social Sciences,2,81.55,6.6,SES-2016,2024-04-12,Social Sciences,6,Present
44264,19,Female,Social Sciences,2,81.55,6.6,SES-2013,2023-10-22,Education,2,Present
44264,19,Female,Social Sciences,2,81.55,6.6,SES-2042,2023-12-17,Engineering,3,Present
44263,24,Female,Social Sciences,2,81.55,6.6,SES-2039,2024-02-08,Engineering,4,Present
44262,20,Male,Business,4,64.29,9.1,SES-2037,2023-10-16,Computer Science,1,Present
44260,20,Male,Business,4,64.29,9.1,SES-2014,2024-03-28,Education,5,Present
44260,20,Female,Computer Science,2,75.0,8.2,SES-2019,2024-06-21,Engineering,7,Present
44260,20,Male,Engineering,2,47.16,9.2,SES-2013,2023-10-22,Education,2,Present
44259,22,Male,Engineering,2,47.16,9.2,SES-2048,2023-09-03,Computer Science,1,Absent
44258,24,Male,Engineering,2,47.16,9.2,SES-2004,2023-09-23,Engineering,1,Absent
44258,24,Male,Education,4,52.86,10.1,SES-2034,2024-06-24,Social Sciences,8,Present
44254,21,Male,Business,4,52.84,15.1,SES-2032,2023-11-25,Social Sciences,2,Present
44254,21,Male,Business,4,52.84,15.1,SES-2031,2024-07-18,Computer Science,8,Present
44251,22,Female,Computer Science,1,60.82,9.5,SES-2046,2024-02-11,Computer Science,4,Absent
44249,24,Female,Computer Science,1,60.82,9.5,SES-2018,2023-11-06,Business,3,Present
44248,22,Female,Computer Science,1,60.82,9.5,SES-2031,2024-07-18,Computer Science,8,Present
44248,22,Female,Computer Science,1,60.82,9.5,SES-2033,2023-11-14,Education,2,Present
44248,22,Female,Computer Science,1,60.82,9.5,SES-2000,2023-10-24,Social Sciences,2,Present
44243,28,Female,Education,8,50.1,11.9,SES-2016,2024-04-12,Social Sciences,6,Present
44242,24,Female,Computer Science,1,66.1,9.6,SES-2040,2023-10-24,Business,2,Present
44241,20,Female,Computer Science,1,66.1,9.6,SES-2019,2024-06-21,Engineering,7,Absent
44241,20,Female,Computer Science,1,66.1,9.6,SES-2035,2023-11-28,Social Sciences,3,Absent
44241,20,Female,Computer Science,1,66.1,9.6,SES-2000,2023-10-24,Social Sciences,2,Present
44241,20,Female,Computer Science,1,66.1,9.6,SES-2022,2024-06-03,Education,7,Present
44240,19,Male,Social Sciences,5,72.55,11.7,SES-2017,2024-03-23,Computer Science,4,Absent
44240,19,Male,Social Sciences,5,72.55,11.7,SES-2028,2024-06-25,Computer Science,8,Present
44240,19,Male,Social Sciences,5,72.55,11.7,SES-2019,2024-06-21,Engineering,7,Present
44240,19,Male,Social Sciences,5,72.55,11.7,SES-2007,2024-06-09,Education,7,Present
44239,22,Female,Education,6,62.51,6.2,SES-2048,2023-09-03,Computer Science,1,Present
44237,21,Female,Education,5,71.17,4.2,SES-2000,2023-10-24,Social Sciences,2,Absent
44237,21,Female,Education,5,71.17,4.2,SES-2042,2023-12-17,Engineering,3,Present
44236,24,Female,Engineering,6,45.7,8.3,SES-2027,2024-04-05,Engineering,6,Present
44236,24,Male,Computer Science,2,70.18,8.1,SES-2016,2024-04-12,Social Sciences,6,Present
44236,24,Male,Computer Science,2,70.18,8.1,SES-2018,2023-11-06,Business,3,Present
44236,24,Male,Computer Science,2,70.18,8.1,SES-2004,2023-09-23,Engineering,1,Present
44236,24,Male,Social Sciences,2,60.64,9.8,SES-2037,2023-10-16,Computer Science,1,Present
44236,24,Male,Social Sciences,2,60.64,9.8,SES-2025,2023-11-24,Engineering,3,Present
44236,24,Male,Education,2,75.6,15.2,SES-2002,2023-11-02,Computer Science,2,Present
44236,24,Male,Education,2,75.6,15.2,SES-2047,2024-02-01,Computer Science,4,Present
44235,22,Male,Education,2,75.6,15.2,SES-2021,2024-02-26,Social Sciences,4,Present
44235,22,Male,Education,2,75.6,15.2,SES-2022,2024-06-03,Education,7,Absent
44235,22,Male,Education,2,75.6,15.2,SES-2028,2024-06-25,Computer Science,8,Present
44235,22,Female,Business,6,63.3,10.6,SES-2037,2023-10-16,Computer Science,1,Present
44235,22,Female,Business,6,63.3,10.6,SES-2039,2024-02-08,Engineering,4,Present
44234,21,Female,Business,6,63.3,10.6,SES-2013,2023-10-22,Education,2,Present
44234,21,Female,Business,6,63.3,10.6,SES-2008,2024-03-04,Computer Science,4,Present
44234,21,Female,Engineering,4,77.41,3.8,SES-2012,2024-04-19,Education,5,Absent
44234,21,Female,Engineering,4,77.41,3.8,SES-2024,2024-06-05,Social Sciences,7,Absent
44233,22,Female,Engineering,4,77.41,3.8,SES-2043,2024-05-18,Education,7,Absent
44233,22,Female,Engineering,4,77.41,3.8,SES-2016,2024-04-12,Social Sciences,6,Absent
44233,22,Male,Engineering,4,65.63,13.3,SES-2007,2024-06-09,Education,7,Absent
44231,22,Female,Social Sciences,6,57.4,6.6,SES-2038,2023-11-27,Social Sciences,2,Present
44231,22,Female,Social Sciences,6,57.4,6.6,SES-2043,2024-05-18,Education,7,Present
44231,22,Female,Social Sciences,6,57.4,6.6,SES-2041,2023-10-05,Business,2,Present
44231,22,Male,Engineering,3,51.24,6.2,SES-2031,2024-07-18,Computer Science,8,Present
44230,19,Male,Engineering,3,51.24,6.2,SES-2016,2024-04-12,Social Sciences,6,Present
44230,19,Male,Engineering,3,51.24,6.2,SES-2034,2024-06-24,Social Sciences,8,Present
44230,19,Male,Engineering,3,51.24,6.2,SES-2022,2024-06-03,Education,7,Present
44230,19,Female,Business,7,60.32,7.1,SES-2004,2023-09-23,Engineering,1,Present
44229,23,Female,Business,7,60.32,7.1,SES-2003,2023-10-08,Engineering,2,Present
44229,23,Female,Business,7,60.32,7.1,SES-2022,2024-06-03,Education,7,Present
44229,23,Female,Business,7,60.32,7.1,SES-2049,2024-04-17,Education,6,Present
44228,24,Female,Business,7,60.32,7.1,SES-2018,2023-11-06,Business,3,Absent
44224,25,Male,Education,7,59.11,9.1,SES-2006,2024-03-25,Education,5,Absent
44224,25,Female,Business,3,69.54,9.5,SES-2027,2024-04-05,Engineering,6,Present
44224,25,Female,Business,3,69.54,9.5,SES-2005,2024-05-15,Engineering,7,Present
44224,25,Female,Business,3,69.54,9.5,SES-2018,2023-11-06,Business,3,Present
44223,21,Female,Business,3,69.54,9.5,SES-2042,2023-12-17,Engineering,3,Present
44223,21,Female,Computer Science,6,79.91,12.5,SES-2023,2024-04-21,Business,6,Absent
44223,21,Female,Computer Science,6,79.91,12.5,SES-2002,2023-11-02,Computer Science,2,Present
44221,18,Female,Computer Science,6,79.91,12.5,SES-2005,2024-05-15,Engineering,7,Present
44219,20,Male,Computer Science,4,65.68,12.8,SES-2027,2024-04-05,Engineering,6,Present
44219,20,Male,Computer Science,4,65.68,12.8,SES-2006,2024-03-25,Education,5,Present
44219,20,Male,Computer Science,4,65.68,12.8,SES-2031,2024-07-18,Computer Science,8,Absent
44217,20,Male,Computer Science,1,76.75,10.3,SES-2007,2024-06-09,Education,7,Present
44216,22,Male,Computer Science,1,76.75,10.3,SES-2035,2023-11-28,Social Sciences,3,Present
44216,22,Male,Computer Science,7,61.57,7.6,SES-2028,2024-06-25,Computer Science,8,Present
44216,22,Male,Computer Science,7,61.57,7.6,SES-2000,2023-10-24,Social Sciences,2,Present
44212,20,Female,Computer Science,2,53.8,8.6,SES-2008,2024-03-04,Computer Science,4,Absent
44211,19,Female,Computer Science,6,97.18,12.6,SES-2042,2023-12-17,Engineering,3,Absent
44211,19,Female,Computer Science,6,97.18,12.6,SES-2025,2023-11-24,Engineering,3,Present
44208,20,Female,Business,5,52.93,7.7,SES-2040,2023-10-24,Business,2,Absent
44208,20,Female,Business,5,52.93,7.7,SES-2030,2024-05-13,Business,7,Present
44202,22,Female,Social Sciences,7,75.41,14.1,SES-2010,2024-03-24,Business,5,Present
44197,20,Male,Business,2,63.23,8.0,SES-2026,2024-04-19,Business,5,Present
44197,20,Male,Business,2,63.23,8.0,SES-2029,2023-10-21,Education,2,Present
44196,21,Male,Business,2,63.23,8.0,SES-2021,2024-02-26,Social Sciences,4,Present
44195,24,Male,Business,2,63.23,8.0,SES-2024,2024-06-05,Social Sciences,7,Present
44195,24,Male,Education,4,54.21,6.9,SES-2030,2024-05-13,Business,7,Present
44194,20,Male,Education,4,54.21,6.9,SES-2009,2024-05-12,Social Sciences,7,Present
44194,20,Male,Education,4,54.21,6.9,SES-2047,2024-02-01,Computer Science,4,Present
44192,20,Female,Education,2,70.96,7.0,SES-2035,2023-11-28,Social Sciences,3,Present
44191,22,Female,Education,2,70.96,7.0,SES-2011,2023-11-03,Engineering,2,Present
44191,22,Female,Education,2,70.96,7.0,SES-2008,2024-03-04,Computer Science,4,Present
44191,22,Female,Education,2,70.96,7.0,SES-2023,2024-04-21,Business,6,Present
44191,22,Female,Education,2,70.96,7.0,SES-2026,2024-04-19,Business,5,Absent
44191,22,Male,Business,7,79.77,11.0,SES-2018,2023-11-06,Business,3,Present
44184,24,Female,Computer Science,1,50.3,11.1,SES-2022,2024-06-03,Education,7,Present
44184,24,Female,Computer Science,1,50.3,11.1,SES-2023,2024-04-21,Business,6,Present
44183,18,Female,Computer Science,1,50.3,11.1,SES-2009,2024-05-12,Social Sciences,7,Present
44183,18,Male,Business,6,79.83,10.1,SES-2040,2023-10-24,Business,2,Present
44183,18,Male,Business,6,79.83,10.1,SES-2025,2023-11-24,Engineering,3,Present
44178,22,Female,Engineering,4,67.23,11.0,SES-2000,2023-10-24,Social Sciences,2,Present
44178,22,Female,Engineering,4,67.23,11.0,SES-2033,2023-11-14,Education,2,Absent
44178,22,Female,Engineering,4,67.23,11.0,SES-2039,2024-02-08,Engineering,4,Present
44176,23,Female,Business,7,71.74,7.0,SES-2038,2023-11-27,Social Sciences,2,Present
44175,25,Female,Business,7,71.74,7.0,SES-2041,2023-10-05,Business,2,Present
44175,25,Female,Business,7,71.74,7.0,SES-2030,2024-05-13,Business,7,Present
44173,20,Male,Education,2,80.07,6.7,SES-2016,2024-04-12,Social Sciences,6,Present
44173,20,Female,Engineering,3,55.64,11.6,SES-2030,2024-05-13,Business,7,Present
44172,23,Female,Engineering,3,55.64,11.6,SES-2037,2023-10-16,Computer Science,1,Present
44172,23,Female,Computer Science,5,61.63,8.0,SES-2027,2024-04-05,Engineering,6,Present
44168,20,Male,Computer Science,7,85.71,7.9,SES-2014,2024-03-28,Education,5,Present
44168,20,Male,Computer Science,7,85.71,7.9,SES-2040,2023-10-24,Business,2,Absent
44168,20,Male,Computer Science,7,85.71,7.9,SES-2026,2024-04-19,Business,5,Absent
44166,27,Female,Engineering,1,56.54,7.3,SES-2033,2023-11-14,Education,2,Present
44166,27,Female,Engineering,1,56.54,7.3,SES-2045,2024-07-04,Education,8,Present
44166,27,Female,Engineering,1,56.54,7.3,SES-2014,2024-03-28,Education,5,Present
44165,25,Female,Engineering,1,56.54,7.3,SES-2028,2024-06-25,Computer Science,8,Present
44163,17,Female,Social Sciences,1,49.77,9.4,SES-2031,2024-07-18,Computer Science,8,Present
44163,17,Female,Social Sciences,1,49.77,9.4,SES-2004,2023-09-23,Engineering,1,Absent
44163,17,Female,Computer Science,4,41.7,9.0,SES-2014,2024-03-28,Education,5,Absent
44163,17,Female,Computer Science,4,41.7,9.0,SES-2045,2024-07-04,Education,8,Present
44163,17,Female,Computer Science,4,41.7,9.0,SES-2011,2023-11-03,Engineering,2,Absent
44159,17,Female,Engineering,8,75.79,7.9,SES-2047,2024-02-01,Computer Science,4,Absent
44157,20,Female,Computer Science,3,50.42,3.8,SES-2038,2023-11-27,Social Sciences,2,Absent
44157,20,Female,Computer Science,3,50.42,3.8,SES-2023,2024-04-21,Business,6,Present
44157,20,Female,Computer Science,3,50.42,3.8,SES-2022,2024-06-03,Education,7,Absent
44154,25,Female,Business,8,78.19,12.7,SES-2004,2023-09-23,Engineering,1,Present
44154,25,Female,Business,8,78.19,12.7,SES-2009,2024-05-12,Social Sciences,7,Absent
44154,25,Female,Business,8,78.19,12.7,SES-2047,2024-02-01,Computer Science,4,Present
44152,20,Female,Social Sciences,6,61.92,13.7,SES-2029,2023-10-21,Education,2,Present
44151,23,Female,Social Sciences,6,61.92,13.7,SES-2010,2024-03-24,Business,5,Present
44151,23,Female,Social Sciences,6,61.92,13.7,SES-2009,2024-05-12,Social Sciences,7,Absent
44150,19,Female,Social Sciences,6,61.92,13.7,SES-2031,2024-07-18,Computer Science,8,Present
44150,19,Female,Social Sciences,2,78.15,10.0,SES-2042,2023-12-17,Engineering,3,Absent
44149,20,Female,Social Sciences,2,78.15,10.0,SES-2029,2023-10-21,Education,2,Present
44149,20,Female,Social Sciences,2,78.15,10.0,SES-2001,2024-02-05,Computer Science,4,Absent
44149,20,Female,Social Sciences,2,78.15,10.0,SES-2046,2024-02-11,Computer Science,4,Present
44149,20,Female,Business,7,60.98,11.7,SES-2047,2024-02-01,Computer Science,4,Present
44149,20,Female,Business,7,60.98,11.7,SES-2006,2024-03-25,Education,5,Present
44148,22,Female,Business,7,60.98,11.7,SES-2017,2024-03-23,Computer Science,4,Present
44148,22,Female,Business,7,60.98,11.7,SES-2030,2024-05-13,Business,7,Present
44148,22,Female,Business,4,82.79,6.9,SES-2001,2024-02-05,Computer Science,4,Present
44147,20,Female,Business,4,82.79,6.9,SES-2005,2024-05-15,Engineering,7,Present
44147,20,Female,Business,4,82.79,6.9,SES-2035,2023-11-28,Social Sciences,3,Present
44147,20,Female,Business,4,82.79,6.9,SES-2006,2024-03-25,Education,5,Present
44147,20,Female,Business,4,82.79,6.9,SES-2015,2023-11-09,Business,2,Present
44146,23,Male,Computer Science,6,58.44,11.5,SES-2033,2023-11-14,Education,2,Absent
44146,23,Male,Computer Science,6,58.44,11.5,SES-2026,2024-04-19,Business,5,Present
44145,22,Male,Computer Science,4,62.53,10.4,SES-2025,2023-11-24,Engineering,3,Present
44145,22,Male,Computer Science,4,62.53,10.4,SES-2047,2024-02-01,Computer Science,4,Present
44145,22,Male,Computer Science,4,62.53,10.4,SES-2011,2023-11-03,Engineering,2,Present
44142,17,Male,Education,4,58.84,5.5,SES-2018,2023-11-06,Business,3,Absent
44142,17,Male,Education,4,58.84,5.5,SES-2001,2024-02-05,Computer Science,4,Absent
44142,17,Male,Education,4,58.84,5.5,SES-2004,2023-09-23,Engineering,1,Present
44139,21,Male,Education,6,88.54,9.0,SES-2012,2024-04-19,Education,5,Present
44137,19,Female,Business,6,63.22,6.8,SES-2041,2023-10-05,Business,2,Absent
44137,19,Female,Business,6,63.22,6.8,SES-2027,2024-04-05,Engineering,6,Present
44137,19,Female,Business,6,63.22,6.8,SES-2026,2024-04-19,Business,5,Present
44136,20,Female,Business,6,63.22,6.8,SES-2002,2023-11-02,Computer Science,2,Present
44136,20,Female,Business,6,63.22,6.8,SES-2040,2023-10-24,Business,2,Present
44136,20,Female,Computer Science,5,71.1,10.3,SES-2031,2024-07-18,Computer Science,8,Present
44136,20,Female,Computer Science,5,71.1,10.3,SES-2043,2024-05-18,Education,7,Absent
44136,20,Female,Business,3,61.23,2.8,SES-2049,2024-04-17,Education,6,Absent
44136,20,Female,Business,3,61.23,2.8,SES-2022,2024-06-03,Education,7,Absent
44130,17,Male,Computer Science,5,66.69,10.5,SES-2027,2024-04-05,Engineering,6,Absent
44130,17,Male,Engineering,8,73.95,7.7,SES-2007,2024-06-09,Education,7,Present
44130,17,Female,Engineering,3,71.39,10.5,SES-2010,2024-03-24,Business,5,Present
44129,18,Female,Engineering,3,71.39,10.5,SES-2013,2023-10-22,Education,2,Present
44129,18,Female,Engineering,3,71.39,10.5,SES-2024,2024-06-05,Social Sciences,7,Present
44127,18,Male,Computer Science,8,61.72,11.4,SES-2031,2024-07-18,Computer Science,8,Present
44126,19,Male,Computer Science,8,61.72,11.4,SES-2032,2023-11-25,Social Sciences,2,Present
44126,19,Male,Computer Science,8,61.72,11.4,SES-2018,2023-11-06,Business,3,Absent
44122,20,Male,Business,6,64.0,13.8,SES-2012,2024-04-19,Education,5,Present
44122,20,Male,Business,6,64.0,13.8,SES-2035,2023-11-28,Social Sciences,3,Absent
44122,20,Male,Business,6,64.0,13.8,SES-2033,2023-11-14,Education,2,Present
44122,20,Male,Business,6,64.0,13.8,SES-2028,2024-06-25,Computer Science,8,Present
44121,21,Male,Computer Science,6,66.24,8.9,SES-2045,2024-07-04,Education,8,Absent
44121,21,Male,Computer Science,6,66.24,8.9,SES-2001,2024-02-05,Computer Science,4,Present
44121,21,Male,Computer Science,6,66.24,8.9,SES-2032,2023-11-25,Social Sciences,2,Present
44120,23,Male,Engineering,6,69.27,6.8,SES-2036,2024-02-12,Education,4,Present
44118,21,Male,Engineering,6,69.27,6.8,SES-2000,2023-10-24,Social Sciences,2,Present
44117,20,Male,Engineering,6,69.27,6.8,SES-2039,2024-02-08,Engineering,4,Present
44116,22,Male,Computer Science,7,58.67,10.8,SES-2028,2024-06-25,Computer Science,8,Present
44115,23,Female,Education,6,59.91,7.9,SES-2015,2023-11-09,Business,2,Present
44115,23,Female,Education,6,59.91,7.9,SES-2020,2024-03-27,Computer Science,4,Present
44115,23,Female,Education,6,59.91,7.9,SES-2002,2023-11-02,Computer Science,2,Present
44114,20,Female,Education,6,59.91,7.9,SES-2025,2023-11-24,Engineering,3,Present
44114,20,Female,Education,3,80.92,14.2,SES-2012,2024-04-19,Education,5,Absent
44114,20,Female,Education,3,80.92,14.2,SES-2037,2023-10-16,Computer Science,1,Present
44113,20,Male,Computer Science,2,57.74,4.7,SES-2045,2024-07-04,Education,8,Present
44113,20,Female,Computer Science,2,60.08,4.9,SES-2042,2023-12-17,Engineering,3,Present
44113,20,Female,Computer Science,2,60.08,4.9,SES-2024,2024-06-05,Social Sciences,7,Absent
44113,20,Male,Social Sciences,3,75.48,8.7,SES-2014,2024-03-28,Education,5,Present
44113,20,Male,Social Sciences,3,75.48,8.7,SES-2012,2024-04-19,Education,5,Present
44112,22,Male,Social Sciences,3,75.48,8.7,SES-2003,2023-10-08,Engineering,2,Present
44112,22,Male,Social Sciences,3,75.48,8.7,SES-2005,2024-05-15,Engineering,7,Present
44112,22,Female,Computer Science,6,88.17,5.9,SES-2036,2024-02-12,Education,4,Present
44112,22,Female,Computer Science,6,88.17,5.9,SES-2040,2023-10-24,Business,2,Present
44112,22,Female,Computer Science,6,88.17,5.9,SES-2019,2024-06-21,Engineering,7,Present
44112,22,Female,Computer Science,6,88.17,5.9,SES-2030,2024-05-13,Business,7,Present
44110,20,Female,Education,5,60.12,6.1,SES-2031,2024-07-18,Computer Science,8,Present
44110,20,Female,Education,5,60.12,6.1,SES-2016,2024-04-12,Social Sciences,6,Present
44110,20,Female,Education,5,60.12,6.1,SES-2023,2024-04-21,Business,6,Present
44109,22,Female,Education,5,60.12,6.1,SES-2018,2023-11-06,Business,3,Present
44106,17,Female,Education,7,77.37,12.7,SES-2008,2024-03-04,Computer Science,4,Present
44106,17,Female,Education,7,77.37,12.7,SES-2027,2024-04-05,Engineering,6,Present
44105,17,Male,Business,8,66.93,8.0,SES-2034,2024-06-24,Social Sciences,8,Present
44105,17,Male,Business,8,66.93,8.0,SES-2017,2024-03-23,Computer Science,4,Present
44104,24,Male,Business,8,66.93,8.0,SES-2014,2024-03-28,Education,5,Present
44104,24,Male,Social Sciences,6,59.02,6.3,SES-2041,2023-10-05,Business,2,Present
44104,24,Male,Computer Science,7,57.48,7.6,SES-2046,2024-02-11,Computer Science,4,Present
44103,17,Male,Computer Science,7,57.48,7.6,SES-2009,2024-05-12,Social Sciences,7,Present
44103,17,Female,Engineering,7,79.78,13.4,SES-2033,2023-11-14,Education,2,Present
44103,17,Female,Engineering,7,79.78,13.4,SES-2035,2023-11-28,Social Sciences,3,Present
44103,17,Female,Engineering,7,79.78,13.4,SES-2006,2024-03-25,Education,5,Present
44102,21,Male,Engineering,7,81.88,12.3,SES-2016,2024-04-12,Social Sciences,6,Absent
44101,18,Male,Engineering,7,81.88,12.3,SES-2029,2023-10-21,Education,2,Absent
44099,21,Female,Education,6,68.25,12.7,SES-2044,2024-04-22,Social Sciences,5,Present
44099,21,Female,Education,6,68.25,12.7,SES-2042,2023-12-17,Engineering,3,Present
44099,21,Female,Education,6,68.25,12.7,SES-2047,2024-02-01,Computer Science,4,Present
44099,21,Female,Education,6,68.25,12.7,SES-2029,2023-10-21,Education,2,Present
44097,22,Female,Education,6,58.41,9.2,SES-2003,2023-10-08,Engineering,2,Present
44096,19,Female,Education,6,58.41,9.2,SES-2013,2023-10-22,Education,2,Present
44096,19,Female,Education,6,58.41,9.2,SES-2024,2024-06-05,Social Sciences,7,Present
44096,19,Female,Education,6,58.41,9.2,SES-2034,2024-06-24,Social Sciences,8,Absent
44093,21,Male,Engineering,1,80.24,9.5,SES-2030,2024-05-13,Business,7,Absent
44089,19,Female,Social Sciences,5,55.17,3.2,SES-2010,2024-03-24,Business,5,Absent
44089,19,Female,Social Sciences,5,55.17,3.2,SES-2042,2023-12-17,Engineering,3,Absent
44089,19,Female,Social Sciences,5,55.17,3.2,SES-2017,2024-03-23,Computer Science,4,Present
44089,19,Female,Social Sciences,5,55.17,3.2,SES-2014,2024-03-28,Education,5,Absent
44088,17,Male,Social Sciences,6,60.77,9.4,SES-2011,2023-11-03,Engineering,2,Present
44088,17,Male,Social Sciences,6,60.77,9.4,SES-2040,2023-10-24,Business,2,Present
44088,17,Male,Social Sciences,6,60.77,9.4,SES-2019,2024-06-21,Engineering,7,Present
44087,18,Male,Social Sciences,6,60.77,9.4,SES-2013,2023-10-22,Education,2,Present
44086,21,Female,Education,8,57.45,9.8,SES-2023,2024-04-21,Business,6,Present
44086,21,Female,Education,8,57.45,9.8,SES-2006,2024-03-25,Education,5,Present
44085,20,Female,Education,8,57.45,9.8,SES-2032,2023-11-25,Social Sciences,2,Present
44083,21,Female,Computer Science,1,64.25,4.9,SES-2012,2024-04-19,Education,5,Present
44083,21,Female,Computer Science,1,64.25,4.9,SES-2019,2024-06-21,Engineering,7,Present
44083,21,Male,Computer Science,6,66.48,9.8,SES-2011,2023-11-03,Engineering,2,Absent
44073,17,Male,Engineering,7,80.34,14.5,SES-2039,2024-02-08,Engineering,4,Present
44073,17,Male,Engineering,7,80.34,14.5,SES-2027,2024-04-05,Engineering,6,Present
44073,17,Male,Engineering,7,80.34,14.5,SES-2013,2023-10-22,Education,2,Present
44073,17,Male,Engineering,7,80.34,14.5,SES-2035,2023-11-28,Social Sciences,3,Absent
44072,20,Male,Engineering,7,80.34,14.5,SES-2025,2023-11-24,Engineering,3,Present
44072,20,Male,Engineering,3,68.68,9.0,SES-2023,2024-04-21,Business,6,Present
44072,20,Male,Engineering,3,68.68,9.0,SES-2012,2024-04-19,Education,5,Present
44071,19,Female,Business,1,54.72,0.7,SES-2005,2024-05-15,Engineering,7,Absent
44071,19,Female,Business,1,54.72,0.7,SES-2022,2024-06-03,Education,7,Present
44070,21,Female,Business,1,54.72,0.7,SES-2028,2024-06-25,Computer Science,8,Present
44070,21,Female,Business,1,54.72,0.7,SES-2023,2024-04-21,Business,6,Absent
44069,19,Female,Social Sciences,1,70.43,7.0,SES-2012,2024-04-19,Education,5,Present
44068,20,Female,Engineering,3,55.35,11.1,SES-2039,2024-02-08,Engineering,4,Present
44067,20,Male,Computer Science,5,71.8,9.8,SES-2024,2024-06-05,Social Sciences,7,Present
44067,20,Male,Computer Science,5,71.8,9.8,SES-2027,2024-04-05,Engineering,6,Present
44059,19,Female,Engineering,7,74.36,6.3,SES-2045,2024-07-04,Education,8,Present
44059,19,Female,Engineering,7,74.36,6.3,SES-2025,2023-11-24,Engineering,3,Present
44059,19,Female,Engineering,7,74.36,6.3,SES-2000,2023-10-24,Social Sciences,2,Present
44059,19,Male,Computer Science,8,45.5,5.2,SES-2021,2024-02-26,Social Sciences,4,Absent
44054,19,Male,Engineering,2,78.37,11.1,SES-2034,2024-06-24,Social Sciences,8,Present
44054,19,Male,Engineering,2,78.37,11.1,SES-2044,2024-04-22,Social Sciences,5,Present
44054,19,Male,Engineering,2,78.37,11.1,SES-2000,2023-10-24,Social Sciences,2,Absent
44054,19,Male,Education,7,59.55,10.1,SES-2011,2023-11-03,Engineering,2,Present
44053,17,Male,Education,7,59.55,10.1,SES-2025,2023-11-24,Engineering,3,Present
44052,18,Female,Education,4,56.11,7.8,SES-2028,2024-06-25,Computer Science,8,Present
44052,18,Female,Education,4,56.11,7.8,SES-2018,2023-11-06,Business,3,Present
44052,18,Female,Education,4,56.11,7.8,SES-2004,2023-09-23,Engineering,1,Present
44051,21,Female,Education,4,56.11,7.8,SES-2017,2024-03-23,Computer Science,4,Present
44051,21,Male,Computer Science,2,62.27,4.6,SES-2028,2024-06-25,Computer Science,8,Absent
44045,18,Female,Business,8,56.6,6.1,SES-2011,2023-11-03,Engineering,2,Present
44045,18,Female,Engineering,3,58.03,6.6,SES-2023,2024-04-21,Business,6,Present
44044,24,Female,Engineering,3,75.72,10.5,SES-2020,2024-03-27,Computer Science,4,Present
44044,24,Female,Engineering,3,75.72,10.5,SES-2011,2023-11-03,Engineering,2,Present
44044,24,Female,Engineering,3,75.72,10.5,SES-2018,2023-11-06,Business,3,Present
44036,20,Female,Engineering,3,80.06,8.7,SES-2027,2024-04-05,Engineering,6,Present
44036,20,Female,Engineering,3,80.06,8.7,SES-2000,2023-10-24,Social Sciences,2,Present
44036,20,Female,Engineering,3,80.06,8.7,SES-2043,2024-05-18,Education,7,Present
44035,21,Female,Engineering,3,80.06,8.7,SES-2047,2024-02-01,Computer Science,4,Present
44035,21,Female,Engineering,3,80.06,8.7,SES-2014,2024-03-28,Education,5,Present
44035,21,Female,Business,7,40.2,9.2,SES-2002,2023-11-02,Computer Science,2,Absent
44035,21,Female,Business,7,40.2,9.2,SES-2045,2024-07-04,Education,8,Absent
44035,21,Female,Business,7,40.2,9.2,SES-2019,2024-06-21,Engineering,7,Absent
44034,21,Female,Business,7,40.2,9.2,SES-2012,2024-04-19,Education,5,Absent
44034,21,Female,Business,7,40.2,9.2,SES-2027,2024-04-05,Engineering,6,Absent
44034,21,Female,Computer Science,2,81.32,10.0,SES-2021,2024-02-26,Social Sciences,4,Present
44032,21,Female,Education,1,75.86,8.9,SES-2049,2024-04-17,Education,6,Present
44031,21,Female,Education,1,75.86,8.9,SES-2021,2024-02-26,Social Sciences,4,Present
44031,21,Female,Education,1,75.86,8.9,SES-2012,2024-04-19,Education,5,Present
44031,21,Female,Education,1,75.86,8.9,SES-2036,2024-02-12,Education,4,Present
44026,23,Female,Business,8,65.36,11.2,SES-2035,2023-11-28,Social Sciences,3,Present
44024,18,Female,Business,8,65.36,11.2,SES-2009,2024-05-12,Social Sciences,7,Present
44024,18,Female,Business,8,65.36,11.2,SES-2021,2024-02-26,Social Sciences,4,Present
44024,18,Female,Business,8,65.36,11.2,SES-2032,2023-11-25,Social Sciences,2,Present
44023,24,Female,Education,2,79.68,7.7,SES-2047,2024-02-01,Computer Science,4,Present
44023,24,Male,Engineering,7,44.83,13.8,SES-2023,2024-04-21,Business,6,Absent
44023,24,Male,Engineering,7,44.83,13.8,SES-2004,2023-09-23,Engineering,1,Present
44022,21,Male,Engineering,7,44.83,13.8,SES-2025,2023-11-24,Engineering,3,Absent
44022,21,Male,Engineering,4,57.27,6.6,SES-2010,2024-03-24,Business,5,Absent
44021,21,Male,Engineering,4,57.27,6.6,SES-2037,2023-10-16,Computer Science,1,Present
44021,21,Male,Engineering,4,57.27,6.6,SES-2021,2024-02-26,Social Sciences,4,Present
44020,17,Male,Engineering,4,57.27,6.6,SES-2003,2023-10-08,Engineering,2,Present
44020,17,Male,Engineering,1,76.83,6.7,SES-2014,2024-03-28,Education,5,Present
44019,19,Male,Engineering,1,76.83,6.7,SES-2016,2024-04-12,Social Sciences,6,Present
44019,19,Male,Engineering,1,76.83,6.7,SES-2046,2024-02-11,Computer Science,4,Present
44019,19,Male,Engineering,1,76.83,6.7,SES-2024,2024-06-05,Social Sciences,7,Absent
44018,20,Female,Engineering,8,46.11,10.0,SES-2038,2023-11-27,Social Sciences,2,Absent
44018,20,Female,Engineering,8,46.11,10.0,SES-2042,2023-12-17,Engineering,3,Absent
44018,20,Female,Engineering,8,46.11,10.0,SES-2033,2023-11-14,Education,2,Absent
44018,20,Female,Engineering,8,46.11,10.0,SES-2008,2024-03-04,Computer Science,4,Absent
44018,20,Female,Engineering,8,46.11,10.0,SES-2011,2023-11-03,Engineering,2,Absent
44016,20,Male,Education,7,63.88,6.4,SES-2035,2023-11-28,Social Sciences,3,Present
44016,20,Female,Business,2,53.69,5.8,SES-2042,2023-12-17,Engineering,3,Present
44016,20,Female,Business,2,53.69,5.8,SES-2025,2023-11-24,Engineering,3,Present
44014,20,Male,Education,6,73.83,7.7,SES-2042,2023-12-17,Engineering,3,Present
44014,20,Male,Education,6,73.83,7.7,SES-2014,2024-03-28,Education,5,Present
44014,20,Male,Education,6,73.83,7.7,SES-2047,2024-02-01,Computer Science,4,Present
44013,22,Male,Education,6,73.83,7.7,SES-2031,2024-07-18,Computer Science,8,Present
44013,22,Female,Social Sciences,1,69.55,2.9,SES-2047,2024-02-01,Computer Science,4,Present
44013,22,Female,Social Sciences,1,69.55,2.9,SES-2005,2024-05-15,Engineering,7,Present
44013,22,Female,Social Sciences,1,69.55,2.9,SES-2033,2023-11-14,Education,2,Absent
44012,22,Female,Social Sciences,1,69.55,2.9,SES-2001,2024-02-05,Computer Science,4,Absent
44012,22,Female,Social Sciences,1,69.55,2.9,SES-2035,2023-11-28,Social Sciences,3,Present
44011,23,Male,Social Sciences,4,67.91,4.8,SES-2025,2023-11-24,Engineering,3,Present
44011,23,Male,Social Sciences,4,67.91,4.8,SES-2036,2024-02-12,Education,4,Absent
44010,25,Female,Education,4,57.96,6.5,SES-2037,2023-10-16,Computer Science,1,Present
44010,25,Female,Education,4,57.96,6.5,SES-2002,2023-11-02,Computer Science,2,Present
44010,25,Female,Education,4,57.96,6.5,SES-2015,2023-11-09,Business,2,Present
44010,25,Female,Education,4,57.96,6.5,SES-2010,2024-03-24,Business,5,Present
44004,21,Female,Engineering,6,65.77,11.4,SES-2037,2023-10-16,Computer Science,1,Present
43999,20,Male,Computer Science,3,63.22,8.1,SES-2023,2024-04-21,Business,6,Present
43999,20,Female,Engineering,6,60.44,11.9,SES-2000,2023-10-24,Social Sciences,2,Present
43998,20,Female,Engineering,6,60.44,11.9,SES-2009,2024-05-12,Social Sciences,7,Present
43998,20,Female,Computer Science,5,53.26,11.6,SES-2028,2024-06-25,Computer Science,8,Present
43997,20,Male,Computer Science,7,69.01,9.4,SES-2029,2023-10-21,Education,2,Absent
43997,20,Male,Computer Science,7,69.01,9.4,SES-2016,2024-04-12,Social Sciences,6,Absent
43997,20,Female,Computer Science,1,75.92,9.3,SES-2013,2023-10-22,Education,2,Present
43997,20,Female,Computer Science,1,75.92,9.3,SES-2026,2024-04-19,Business,5,Present
43997,20,Female,Computer Science,1,75.92,9.3,SES-2004,2023-09-23,Engineering,1,Present
43996,22,Female,Computer Science,1,75.92,9.3,SES-2002,2023-11-02,Computer Science,2,Present
43991,22,Female,Computer Science,3,40.98,10.1,SES-2023,2024-04-21,Business,6,Present
43991,22,Female,Computer Science,3,40.98,10.1,SES-2020,2024-03-27,Computer Science,4,Absent
43988,24,Male,Business,2,58.52,13.1,SES-2039,2024-02-08,Engineering,4,Present
43988,24,Male,Business,2,58.52,13.1,SES-2045,2024-07-04,Education,8,Present
43986,23,Male,Education,8,57.56,7.5,SES-2006,2024-03-25,Education,5,Present
43986,23,Male,Education,8,57.56,7.5,SES-2023,2024-04-21,Business,6,Present
43986,23,Male,Education,8,57.56,7.5,SES-2008,2024-03-04,Computer Science,4,Present
43986,23,Male,Education,8,57.56,7.5,SES-2043,2024-05-18,Education,7,Present
43985,20,Female,Education,5,61.82,16.1,SES-2028,2024-06-25,Computer Science,8,Absent
43985,20,Female,Education,5,61.82,16.1,SES-2043,2024-05-18,Education,7,Present
43985,20,Female,Education,5,61.82,16.1,SES-2035,2023-11-28,Social Sciences,3,Present
43985,20,Female,Education,5,61.82,16.1,SES-2022,2024-06-03,Education,7,Present
43984,25,Female,Education,5,61.82,16.1,SES-2005,2024-05-15,Engineering,7,Present
43982,22,Male,Social Sciences,4,85.04,11.1,SES-2003,2023-10-08,Engineering,2,Present
43982,22,Male,Computer Science,1,77.76,9.3,SES-2031,2024-07-18,Computer Science,8,Present
43981,22,Male,Computer Science,1,77.76,9.3,SES-2000,2023-10-24,Social Sciences,2,Present
43981,22,Male,Computer Science,1,77.76,9.3,SES-2019,2024-06-21,Engineering,7,Present
43981,22,Male,Computer Science,1,77.76,9.3,SES-2039,2024-02-08,Engineering,4,Present
43979,20,Male,Education,1,64.1,5.0,SES-2042,2023-12-17,Engineering,3,Absent
43979,20,Male,Education,1,64.1,5.0,SES-2001,2024-02-05,Computer Science,4,Present
43979,20,Male,Education,1,64.1,5.0,SES-2022,2024-06-03,Education,7,Present
43979,20,Female,Social Sciences,3,72.86,7.4,SES-2032,2023-11-25,Social Sciences,2,Present
43979,20,Female,Social Sciences,3,72.86,7.4,SES-2043,2024-05-18,Education,7,Present
43973,17,Female,Engineering,3,67.76,9.7,SES-2041,2023-10-05,Business,2,Present
43972,21,Female,Engineering,3,67.76,9.7,SES-2008,2024-03-04,Computer Science,4,Present
43972,21,Female,Computer Science,6,77.68,9.3,SES-2039,2024-02-08,Engineering,4,Present
43972,21,Female,Computer Science,6,77.68,9.3,SES-2012,2024-04-19,Education,5,Present
43971,22,Female,Computer Science,6,77.68,9.3,SES-2043,2024-05-18,Education,7,Present
43971,22,Female,Computer Science,6,77.68,9.3,SES-2048,2023-09-03,Computer Science,1,Present
43971,22,Female,Computer Science,6,77.68,9.3,SES-2005,2024-05-15,Engineering,7,Present
43971,22,Female,Social Sciences,5,77.33,12.6,SES-2041,2023-10-05,Business,2,Present
43969,18,Female,Social Sciences,5,77.33,12.6,SES-2018,2023-11-06,Business,3,Present
43969,18,Male,Engineering,3,52.86,9.4,SES-2043,2024-05-18,Education,7,Present
43969,18,Male,Engineering,3,52.86,9.4,SES-2047,2024-02-01,Computer Science,4,Present
43968,21,Male,Engineering,3,52.86,9.4,SES-2014,2024-03-28,Education,5,Absent
43967,21,Male,Engineering,3,52.86,9.4,SES-2034,2024-06-24,Social Sciences,8,Present
43964,19,Male,Engineering,5,43.87,9.8,SES-2028,2024-06-25,Computer Science,8,Absent
43963,23,Male,Engineering,5,43.87,9.8,SES-2013,2023-10-22,Education,2,Absent
43963,23,Male,Engineering,5,43.87,9.8,SES-2026,2024-04-19,Business,5,Present
43961,22,Male,Engineering,5,43.87,9.8,SES-2029,2023-10-21,Education,2,Absent
43961,22,Male,Engineering,5,43.87,9.8,SES-2020,2024-03-27,Computer Science,4,Absent
43961,22,Male,Computer Science,1,93.38,13.6,SES-2018,2023-11-06,Business,3,Absent
43961,22,Male,Computer Science,1,93.38,13.6,SES-2017,2024-03-23,Computer Science,4,Present
43953,21,Female,Education,3,70.0,7.0,SES-2026,2024-04-19,Business,5,Absent
43953,21,Female,Education,3,70.0,7.0,SES-2034,2024-06-24,Social Sciences,8,Present
43953,21,Female,Education,3,70.0,7.0,SES-2021,2024-02-26,Social Sciences,4,Present
43951,24,Female,Engineering,6,67.04,8.5,SES-2042,2023-12-17,Engineering,3,Absent
43951,24,Female,Engineering,6,67.04,8.5,SES-2040,2023-10-24,Business,2,Present
43950,24,Female,Engineering,6,67.04,8.5,SES-2000,2023-10-24,Social Sciences,2,Present
43948,19,Female,Business,5,51.21,12.2,SES-2036,2024-02-12,Education,4,Present
43948,19,Female,Business,5,51.21,12.2,SES-2005,2024-05-15,Engineering,7,Absent
43948,19,Male,Social Sciences,1,67.6,7.2,SES-2016,2024-04-12,Social Sciences,6,Present
43941,23,Male,Engineering,4,69.1,10.4,SES-2026,2024-04-19,Business,5,Present
43941,23,Male,Engineering,4,69.1,10.4,SES-2028,2024-06-25,Computer Science,8,Absent
43941,23,Male,Engineering,4,69.1,10.4,SES-2005,2024-05-15,Engineering,7,Present
43941,23,Male,Education,8,49.55,6.2,SES-2030,2024-05-13,Business,7,Present
43940,19,Male,Education,8,49.55,6.2,SES-2004,2023-09-23,Engineering,1,Absent
43940,19,Male,Education,8,49.55,6.2,SES-2033,2023-11-14,Education,2,Absent
43940,19,Male,Education,8,49.55,6.2,SES-2009,2024-05-12,Social Sciences,7,Absent
43939,21,Male,Education,8,49.55,6.2,SES-2007,2024-06-09,Education,7,Absent
43938,25,Female,Business,6,54.98,8.6,SES-2021,2024-02-26,Social Sciences,4,Present
43938,25,Female,Business,6,54.98,8.6,SES-2008,2024-03-04,Computer Science,4,Present
43938,25,Female,Business,6,54.98,8.6,SES-2032,2023-11-25,Social Sciences,2,Present
43938,25,Male,Education,2,70.54,8.4,SES-2035,2023-11-28,Social Sciences,3,Present
43936,23,Male,Education,2,70.54,8.4,SES-2006,2024-03-25,Education,5,Present
43936,23,Male,Education,2,70.54,8.4,SES-2039,2024-02-08,Engineering,4,Absent
43935,20,Male,Education,8,80.41,12.6,SES-2003,2023-10-08,Engineering,2,Present
43935,20,Male,Education,8,80.41,12.6,SES-2000,2023-10-24,Social Sciences,2,Absent
43934,23,Male,Education,8,80.41,12.6,SES-2013,2023-10-22,Education,2,Present
43932,21,Female,Business,1,61.44,11.8,SES-2011,2023-11-03,Engineering,2,Present
43930,17,Female,Engineering,2,85.75,13.6,SES-2016,2024-04-12,Social Sciences,6,Absent
43930,17,Female,Engineering,2,85.75,13.6,SES-2022,2024-06-03,Education,7,Present
43929,21,Female,Engineering,2,85.75,13.6,SES-2038,2023-11-27,Social Sciences,2,Absent
43929,21,Male,Computer Science,7,63.55,6.5,SES-2013,2023-10-22,Education,2,Present
43929,21,Male,Computer Science,7,63.55,6.5,SES-2025,2023-11-24,Engineering,3,Present
43929,21,Male,Computer Science,7,63.55,6.5,SES-2002,2023-11-02,Computer Science,2,Present
43924,24,Male,Engineering,3,48.13,5.9,SES-2000,2023-10-24,Social Sciences,2,Absent
43924,24,Male,Engineering,3,48.13,5.9,SES-2009,2024-05-12,Social Sciences,7,Present
43923,19,Male,Engineering,3,48.13,5.9,SES-2030,2024-05-13,Business,7,Present
43923,19,Female,Engineering,4,74.41,11.6,SES-2001,2024-02-05,Computer Science,4,Present
43921,20,Female,Engineering,4,74.41,11.6,SES-2030,2024-05-13,Business,7,Present
43921,20,Female,Engineering,4,74.41,11.6,SES-2020,2024-03-27,Computer Science,4,Present
43921,20,Female,Engineering,5,65.28,9.2,SES-2021,2024-02-26,Social Sciences,4,Present
43921,20,Female,Engineering,5,65.28,9.2,SES-2018,2023-11-06,Business,3,Present
43920,23,Female,Engineering,5,65.28,9.2,SES-2006,2024-03-25,Education,5,Present
43920,23,Female,Business,7,93.89,11.5,SES-2045,2024-07-04,Education,8,Present
43919,20,Female,Business,7,93.89,11.5,SES-2019,2024-06-21,Engineering,7,Absent
43919,20,Female,Business,7,93.89,11.5,SES-2013,2023-10-22,Education,2,Present
43917,23,Female,Social Sciences,5,52.55,11.7,SES-2015,2023-11-09,Business,2,Present
43917,23,Female,Social Sciences,5,52.55,11.7,SES-2029,2023-10-21,Education,2,Present
43916,21,Female,Computer Science,5,57.98,8.2,SES-2043,2024-05-18,Education,7,Present
43916,21,Female,Computer Science,5,57.98,8.2,SES-2016,2024-04-12,Social Sciences,6,Present
43916,21,Female,Computer Science,5,57.98,8.2,SES-2019,2024-06-21,Engineering,7,Present
43916,21,Female,Computer Science,5,57.98,8.2,SES-2042,2023-12-17,Engineering,3,Present
43915,24,Male,Social Sciences,1,57.08,8.7,SES-2020,2024-03-27,Computer Science,4,Present
43915,24,Male,Social Sciences,1,57.08,8.7,SES-2014,2024-03-28,Education,5,Present
43914,23,Male,Social Sciences,1,57.08,8.7,SES-2034,2024-06-24,Social Sciences,8,Present
43914,23,Male,Social Sciences,1,57.08,8.7,SES-2035,2023-11-28,Social Sciences,3,Present
43913,24,Male,Computer Science,3,85.8,9.2,SES-2005,2024-05-15,Engineering,7,Present
43913,24,Male,Computer Science,3,85.8,9.2,SES-2027,2024-04-05,Engineering,6,Present
43913,24,Female,Engineering,8,68.79,12.4,SES-2018,2023-11-06,Business,3,Present
43913,24,Female,Computer Science,2,56.82,8.5,SES-2010,2024-03-24,Business,5,Absent
43912,17,Female,Computer Science,2,56.82,8.5,SES-2018,2023-11-06,Business,3,Absent
43912,17,Male,Computer Science,2,56.33,4.1,SES-2043,2024-05-18,Education,7,Absent
43912,17,Male,Computer Science,2,56.33,4.1,SES-2023,2024-04-21,Business,6,Absent
43909,19,Female,Business,6,85.74,7.0,SES-2001,2024-02-05,Computer Science,4,Present
43907,22,Female,Business,6,85.74,7.0,SES-2040,2023-10-24,Business,2,Present
43906,20,Female,Business,1,39.05,9.5,SES-2009,2024-05-12,Social Sciences,7,Absent
43905,19,Female,Business,1,39.05,9.5,SES-2044,2024-04-22,Social Sciences,5,Absent
43905,19,Female,Business,1,39.05,9.5,SES-2037,2023-10-16,Computer Science,1,Present
43905,19,Female,Business,1,39.05,9.5,SES-2042,2023-12-17,Engineering,3,Absent
43905,19,Female,Business,1,39.05,9.5,SES-2007,2024-06-09,Education,7,Absent
43905,19,Male,Education,5,78.63,5.8,SES-2018,2023-11-06,Business,3,Present
43905,19,Female,Computer Science,1,78.14,12.7,SES-2042,2023-12-17,Engineering,3,Present
43905,19,Male,Computer Science,5,57.18,9.8,SES-2029,2023-10-21,Education,2,Present
43905,19,Male,Computer Science,5,57.18,9.8,SES-2034,2024-06-24,Social Sciences,8,Present
43905,19,Male,Computer Science,5,57.18,9.8,SES-2031,2024-07-18,Computer Science,8,Present
43904,20,Male,Computer Science,5,57.18,9.8,SES-2036,2024-02-12,Education,4,Present
43904,20,Male,Computer Science,1,56.89,8.1,SES-2025,2023-11-24,Engineering,3,Absent
43904,20,Male,Computer Science,1,56.89,8.1,SES-2011,2023-11-03,Engineering,2,Absent
43904,20,Male,Computer Science,1,56.89,8.1,SES-2034,2024-06-24,Social Sciences,8,Present
43903,19,Male,Computer Science,1,56.89,8.1,SES-2009,2024-05-12,Social Sciences,7,Present
43898,23,Male,Social Sciences,8,67.85,5.7,SES-2039,2024-02-08,Engineering,4,Present
43898,23,Male,Social Sciences,8,67.85,5.7,SES-2008,2024-03-04,Computer Science,4,Present
43896,20,Male,Social Sciences,8,67.85,5.7,SES-2025,2023-11-24,Engineering,3,Present
43896,20,Male,Social Sciences,8,67.85,5.7,SES-2026,2024-04-19,Business,5,Present
43896,20,Male,Business,3,51.09,10.4,SES-2004,2023-09-23,Engineering,1,Present
43896,20,Male,Business,3,51.09,10.4,SES-2040,2023-10-24,Business,2,Present
43895,19,Male,Education,6,44.57,8.5,SES-2016,2024-04-12,Social Sciences,6,Present
43895,19,Male,Computer Science,1,63.7,8.9,SES-2046,2024-02-11,Computer Science,4,Absent
43895,19,Male,Computer Science,1,63.7,8.9,SES-2049,2024-04-17,Education,6,Present
43895,19,Female,Engineering,5,50.24,1.4,SES-2025,2023-11-24,Engineering,3,Absent
43895,19,Female,Engineering,5,50.24,1.4,SES-2028,2024-06-25,Computer Science,8,Present
43891,24,Female,Business,7,76.01,9.9,SES-2017,2024-03-23,Computer Science,4,Present
43883,17,Male,Business,6,49.36,11.3,SES-2033,2023-11-14,Education,2,Absent
43883,17,Female,Computer Science,7,75.07,7.5,SES-2033,2023-11-14,Education,2,Present
43883,17,Female,Computer Science,7,75.07,7.5,SES-2017,2024-03-23,Computer Science,4,Present
43882,22,Female,Computer Science,7,75.07,7.5,SES-2026,2024-04-19,Business,5,Present
43882,22,Female,Computer Science,7,75.07,7.5,SES-2000,2023-10-24,Social Sciences,2,Absent
43882,22,Male,Computer Science,8,58.33,9.1,SES-2035,2023-11-28,Social Sciences,3,Present
43880,19,Male,Education,2,75.55,13.1,SES-2011,2023-11-03,Engineering,2,Present
43880,19,Male,Education,2,75.55,13.1,SES-2037,2023-10-16,Computer Science,1,Absent
43880,19,Male,Education,2,75.55,13.1,SES-2026,2024-04-19,Business,5,Present
43880,19,Male,Computer Science,2,61.5,4.3,SES-2026,2024-04-19,Business,5,Absent
43879,21,Male,Computer Science,2,61.5,4.3,SES-2006,2024-03-25,Education,5,Absent
43877,21,Male,Computer Science,2,61.5,4.3,SES-2001,2024-02-05,Computer Science,4,Absent
43877,21,Female,Social Sciences,5,69.59,7.5,SES-2036,2024-02-12,Education,4,Present
43877,21,Female,Social Sciences,5,69.59,7.5,SES-2038,2023-11-27,Social Sciences,2,Absent
43876,17,Female,Social Sciences,5,69.59,7.5,SES-2034,2024-06-24,Social Sciences,8,Present
43876,17,Female,Social Sciences,5,69.59,7.5,SES-2039,2024-02-08,Engineering,4,Absent
43876,17,Female,Social Sciences,5,69.59,7.5,SES-2012,2024-04-19,Education,5,Absent
43876,17,Female,Business,3,95.57,8.3,SES-2044,2024-04-22,Social Sciences,5,Present
43875,19,Female,Computer Science,1,72.52,9.1,SES-2002,2023-11-02,Computer Science,2,Present
43875,19,Female,Computer Science,1,72.52,9.1,SES-2047,2024-02-01,Computer Science,4,Present
43875,19,Female,Computer Science,1,72.52,9.1,SES-2028,2024-06-25,Computer Science,8,Present
43875,19,Female,Computer Science,1,72.52,9.1,SES-2048,2023-09-03,Computer Science,1,Present
43874,25,Female,Computer Science,1,72.52,9.1,SES-2041,2023-10-05,Business,2,Present
43872,22,Male,Engineering,2,73.71,3.7,SES-2008,2024-03-04,Computer Science,4,Absent
43871,18,Male,Engineering,2,73.71,3.7,SES-2046,2024-02-11,Computer Science,4,Absent
43868,23,Female,Computer Science,3,77.88,12.7,SES-2035,2023-11-28,Social Sciences,3,Present
43868,23,Female,Computer Science,3,77.88,12.7,SES-2007,2024-06-09,Education,7,Present
43868,23,Female,Computer Science,3,77.88,12.7,SES-2012,2024-04-19,Education,5,Present
43868,23,Male,Education,3,56.75,9.5,SES-2010,2024-03-24,Business,5,Present
43868,23,Male,Education,3,56.75,9.5,SES-2005,2024-05-15,Engineering,7,Present
43868,23,Female,Engineering,4,82.87,14.2,SES-2001,2024-02-05,Computer Science,4,Present
43867,17,Female,Engineering,4,82.87,14.2,SES-2032,2023-11-25,Social Sciences,2,Present
43867,17,Female,Social Sciences,4,61.96,11.4,SES-2017,2024-03-23,Computer Science,4,Present
43867,17,Female,Social Sciences,4,61.96,11.4,SES-2016,2024-04-12,Social Sciences,6,Present
43866,21,Female,Computer Science,3,60.09,12.3,SES-2013,2023-10-22,Education,2,Present
43866,21,Male,Education,5,79.71,9.6,SES-2023,2024-04-21,Business,6,Present
43865,21,Male,Education,5,79.71,9.6,SES-2048,2023-09-03,Computer Science,1,Present
43861,17,Male,Education,5,79.71,9.6,SES-2037,2023-10-16,Computer Science,1,Present
43858,23,Female,Computer Science,6,43.53,4.7,SES-2039,2024-02-08,Engineering,4,Present
43858,23,Female,Computer Science,6,43.53,4.7,SES-2040,2023-10-24,Business,2,Present
43858,23,Female,Computer Science,6,43.53,4.7,SES-2025,2023-11-24,Engineering,3,Absent
43858,23,Female,Computer Science,6,43.53,4.7,SES-2035,2023-11-28,Social Sciences,3,Absent
43857,18,Male,Computer Science,2,64.43,9.9,SES-2001,2024-02-05,Computer Science,4,Present
43857,18,Male,Computer Science,2,64.43,9.9,SES-2007,2024-06-09,Education,7,Present
43857,18,Male,Computer Science,2,64.43,9.9,SES-2017,2024-03-23,Computer Science,4,Present
43855,18,Female,Business,5,72.51,2.4,SES-2024,2024-06-05,Social Sciences,7,Absent
43855,18,Female,Business,5,72.51,2.4,SES-2049,2024-04-17,Education,6,Absent
43855,18,Female,Business,5,72.51,2.4,SES-2040,2023-10-24,Business,2,Absent
43855,18,Female,Business,5,72.51,2.4,SES-2012,2024-04-19,Education,5,Absent
43855,18,Female,Business,5,72.51,2.4,SES-2006,2024-03-25,Education,5,Present
43855,18,Female,Education,4,63.84,9.8,SES-2042,2023-12-17,Engineering,3,Present
43855,18,Female,Education,4,63.84,9.8,SES-2003,2023-10-08,Engineering,2,Present
43855,18,Female,Education,4,63.84,9.8,SES-2045,2024-07-04,Education,8,Present
43854,20,Female,Education,4,63.84,9.8,SES-2032,2023-11-25,Social Sciences,2,Present
43854,20,Female,Education,4,63.84,9.8,SES-2016,2024-04-12,Social Sciences,6,Absent
43852,20,Male,Education,1,85.0,9.6,SES-2023,2024-04-21,Business,6,Present
43852,20,Male,Education,1,85.0,9.6,SES-2044,2024-04-22,Social Sciences,5,Present
43852,20,Male,Education,1,85.0,9.6,SES-2038,2023-11-27,Social Sciences,2,Present
43851,17,Male,Education,1,85.0,9.6,SES-2031,2024-07-18,Computer Science,8,Present
43844,21,Male,Engineering,7,49.93,3.2,SES-2017,2024-03-23,Computer Science,4,Absent
43844,21,Male,Engineering,7,49.93,3.2,SES-2030,2024-05-13,Business,7,Absent
43844,21,Male,Engineering,7,49.93,3.2,SES-2012,2024-04-19,Education,5,Absent
43842,21,Male,Computer Science,4,77.06,10.1,SES-2047,2024-02-01,Computer Science,4,Present
43842,21,Male,Computer Science,4,77.06,10.1,SES-2041,2023-10-05,Business,2,Present
43840,22,Male,Education,8,53.15,4.6,SES-2003,2023-10-08,Engineering,2,Present
43835,23,Male,Education,7,73.09,12.8,SES-2020,2024-03-27,Computer Science,4,Present
43835,23,Male,Education,7,73.09,12.8,SES-2044,2024-04-22,Social Sciences,5,Present
43835,23,Male,Education,7,73.09,12.8,SES-2023,2024-04-21,Business,6,Absent
43835,23,Male,Education,7,73.09,12.8,SES-2046,2024-02-11,Computer Science,4,Absent
43835,23,Male,Education,7,73.09,12.8,SES-2041,2023-10-05,Business,2,Present
43835,23,Female,Business,6,78.4,5.4,SES-2045,2024-07-04,Education,8,Present
43835,23,Female,Business,6,78.4,5.4,SES-2017,2024-03-23,Computer Science,4,Present
43835,23,Male,Education,7,54.68,7.6,SES-2030,2024-05-13,Business,7,Present
43833,17,Female,Education,4,56.28,6.6,SES-2041,2023-10-05,Business,2,Present
43833,17,Female,Education,4,56.28,6.6,SES-2039,2024-02-08,Engineering,4,Present
43829,21,Female,Business,3,76.43,6.9,SES-2008,2024-03-04,Computer Science,4,Present
43828,22,Female,Education,6,71.4,11.8,SES-2045,2024-07-04,Education,8,Present
43827,21,Female,Education,6,71.4,11.8,SES-2046,2024-02-11,Computer Science,4,Present
43827,21,Female,Education,6,71.4,11.8,SES-2019,2024-06-21,Engineering,7,Present
43827,21,Female,Education,6,71.4,11.8,SES-2027,2024-04-05,Engineering,6,Present
43825,18,Female,Social Sciences,7,69.18,15.4,SES-2035,2023-11-28,Social Sciences,3,Present
43825,18,Female,Social Sciences,7,69.18,15.4,SES-2008,2024-03-04,Computer Science,4,Present
43825,18,Female,Social Sciences,7,69.18,15.4,SES-2023,2024-04-21,Business,6,Absent
43825,18,Female,Social Sciences,7,69.18,15.4,SES-2012,2024-04-19,Education,5,Present
43825,18,Female,Computer Science,4,69.13,7.8,SES-2037,2023-10-16,Computer Science,1,Present
43825,18,Female,Computer Science,4,69.13,7.8,SES-2020,2024-03-27,Computer Science,4,Present
43825,18,Female,Computer Science,4,69.13,7.8,SES-2021,2024-02-26,Social Sciences,4,Present
43824,20,Female,Computer Science,4,69.13,7.8,SES-2029,2023-10-21,Education,2,Present
43824,20,Female,Computer Science,4,69.13,7.8,SES-2009,2024-05-12,Social Sciences,7,Absent
43823,21,Male,Business,3,54.0,5.5,SES-2041,2023-10-05,Business,2,Present
43823,21,Female,Social Sciences,8,44.29,5.8,SES-2041,2023-10-05,Business,2,Absent
43821,22,Male,Computer Science,6,50.79,7.0,SES-2046,2024-02-11,Computer Science,4,Present
43821,22,Male,Computer Science,6,50.79,7.0,SES-2038,2023-11-27,Social Sciences,2,Absent
43820,20,Male,Computer Science,6,50.79,7.0,SES-2024,2024-06-05,Social Sciences,7,Present
43819,25,Male,Computer Science,6,50.79,7.0,SES-2010,2024-03-24,Business,5,Absent
43817,19,Female,Education,2,78.12,3.3,SES-2004,2023-09-23,Engineering,1,Present
43814,23,Female,Education,2,78.12,3.3,SES-2010,2024-03-24,Business,5,Present
43814,23,Female,Education,4,74.21,5.2,SES-2021,2024-02-26,Social Sciences,4,Present
43814,23,Female,Education,4,74.21,5.2,SES-2035,2023-11-28,Social Sciences,3,Absent
43813,20,Female,Education,4,74.21,5.2,SES-2047,2024-02-01,Computer Science,4,Absent
43812,20,Female,Education,4,74.21,5.2,SES-2039,2024-02-08,Engineering,4,Present
43812,20,Female,Education,2,69.34,8.4,SES-2009,2024-05-12,Social Sciences,7,Present
43810,21,Female,Business,1,62.29,5.1,SES-2047,2024-02-01,Computer Science,4,Absent
43810,21,Female,Business,1,62.29,5.1,SES-2028,2024-06-25,Computer Science,8,Present
43810,21,Female,Business,1,62.29,5.1,SES-2039,2024-02-08,Engineering,4,Present
43809,22,Female,Business,1,62.29,5.1,SES-2011,2023-11-03,Engineering,2,Present
43807,25,Male,Computer Science,7,73.19,6.9,SES-2000,2023-10-24,Social Sciences,2,Present
43807,25,Male,Computer Science,7,73.19,6.9,SES-2008,2024-03-04,Computer Science,4,Present
43807,25,Male,Business,7,55.0,7.7,SES-2008,2024-03-04,Computer Science,4,Present
43806,19,Male,Business,7,55.0,7.7,SES-2019,2024-06-21,Engineering,7,Present
43806,19,Female,Education,2,64.08,13.1,SES-2008,2024-03-04,Computer Science,4,Present
43806,19,Female,Education,2,64.08,13.1,SES-2000,2023-10-24,Social Sciences,2,Present
43804,24,Male,Business,8,66.8,7.8,SES-2000,2023-10-24,Social Sciences,2,Present
43804,24,Male,Business,8,66.8,7.8,SES-2021,2024-02-26,Social Sciences,4,Present
43804,24,Male,Business,8,66.8,7.8,SES-2004,2023-09-23,Engineering,1,Present
43803,24,Male,Engineering,5,66.91,5.7,SES-2045,2024-07-04,Education,8,Present
43803,24,Male,Engineering,5,66.91,5.7,SES-2019,2024-06-21,Engineering,7,Present
43801,22,Female,Education,7,35.88,5.1,SES-2017,2024-03-23,Computer Science,4,Absent
43801,22,Female,Education,7,35.88,5.1,SES-2046,2024-02-11,Computer Science,4,Absent
43801,22,Female,Education,7,35.88,5.1,SES-2034,2024-06-24,Social Sciences,8,Absent
43801,22,Female,Engineering,2,89.82,8.8,SES-2045,2024-07-04,Education,8,Present
43801,22,Female,Engineering,2,89.82,8.8,SES-2036,2024-02-12,Education,4,Present
43800,23,Male,Social Sciences,4,71.42,7.3,SES-2002,2023-11-02,Computer Science,2,Present
43800,23,Male,Social Sciences,4,71.42,7.3,SES-2011,2023-11-03,Engineering,2,Absent
43800,23,Male,Social Sciences,4,71.42,7.3,SES-2028,2024-06-25,Computer Science,8,Present
43800,23,Male,Social Sciences,4,71.42,7.3,SES-2019,2024-06-21,Engineering,7,Present
43800,23,Male,Social Sciences,4,71.42,7.3,SES-2001,2024-02-05,Computer Science,4,Absent
43799,21,Female,Business,7,63.67,13.6,SES-2006,2024-03-25,Education,5,Present
43799,21,Female,Business,7,63.67,13.6,SES-2035,2023-11-28,Social Sciences,3,Present
43799,21,Female,Business,7,63.67,13.6,SES-2021,2024-02-26,Social Sciences,4,Present
43797,20,Female,Education,3,59.04,4.3,SES-2005,2024-05-15,Engineering,7,Present
43796,23,Female,Education,3,59.04,4.3,SES-2025,2023-11-24,Engineering,3,Absent
43796,23,Female,Education,3,59.04,4.3,SES-2009,2024-05-12,Social Sciences,7,Present
43793,21,Male,Business,8,53.02,7.1,SES-2015,2023-11-09,Business,2,Present
43792,21,Male,Business,1,67.16,6.5,SES-2046,2024-02-11,Computer Science,4,Present
43792,21,Male,Business,1,67.16,6.5,SES-2008,2024-03-04,Computer Science,4,Absent
43792,21,Female,Computer Science,5,94.9,12.0,SES-2026,2024-04-19,Business,5,Present
43791,20,Female,Computer Science,1,53.92,10.7,SES-2026,2024-04-19,Business,5,Present
43791,20,Female,Computer Science,1,53.92,10.7,SES-2017,2024-03-23,Computer Science,4,Present
43791,20,Female,Computer Science,1,53.92,10.7,SES-2007,2024-06-09,Education,7,Present
43790,22,Female,Social Sciences,3,59.22,15.7,SES-2047,2024-02-01,Computer Science,4,Absent
43790,22,Female,Social Sciences,3,59.22,15.7,SES-2030,2024-05-13,Business,7,Present
43789,22,Female,Social Sciences,3,59.22,15.7,SES-2023,2024-04-21,Business,6,Present
43787,22,Female,Social Sciences,3,59.22,15.7,SES-2018,2023-11-06,Business,3,Present
43787,22,Female,Engineering,2,70.87,11.2,SES-2037,2023-10-16,Computer Science,1,Present
43786,21,Male,Education,3,59.78,12.1,SES-2018,2023-11-06,Business,3,Absent
43786,21,Male,Education,3,59.78,12.1,SES-2007,2024-06-09,Education,7,Present
43786,21,Male,Education,3,59.78,12.1,SES-2034,2024-06-24,Social Sciences,8,Present
43786,21,Female,Social Sciences,5,61.53,9.2,SES-2043,2024-05-18,Education,7,Present
43786,21,Female,Social Sciences,5,61.53,9.2,SES-2040,2023-10-24,Business,2,Absent
43784,21,Female,Social Sciences,5,61.53,9.2,SES-2029,2023-10-21,Education,2,Present
43784,21,Female,Social Sciences,2,72.31,6.5,SES-2031,2024-07-18,Computer Science,8,Absent
43784,21,Female,Social Sciences,2,72.31,6.5,SES-2009,2024-05-12,Social Sciences,7,Present
43784,21,Female,Social Sciences,2,72.31,6.5,SES-2023,2024-04-21,Business,6,Present
43784,21,Female,Social Sciences,2,72.31,6.5,SES-2005,2024-05-15,Engineering,7,Absent
43783,19,Male,Computer Science,3,92.1,14.6,SES-2031,2024-07-18,Computer Science,8,Present
43782,19,Male,Business,8,54.19,9.0,SES-2013,2023-10-22,Education,2,Present
43782,19,Male,Business,8,54.19,9.0,SES-2030,2024-05-13,Business,7,Present
43782,19,Male,Business,8,54.19,9.0,SES-2047,2024-02-01,Computer Science,4,Present
43782,19,Male,Engineering,7,57.31,9.0,SES-2022,2024-06-03,Education,7,Present
43780,22,Female,Social Sciences,3,65.76,10.1,SES-2043,2024-05-18,Education,7,Present
43780,22,Female,Social Sciences,3,65.76,10.1,SES-2015,2023-11-09,Business,2,Present
43780,22,Female,Social Sciences,3,65.76,10.1,SES-2021,2024-02-26,Social Sciences,4,Present
43779,21,Female,Social Sciences,3,65.76,10.1,SES-2036,2024-02-12,Education,4,Absent
43779,21,Female,Social Sciences,3,65.76,10.1,SES-2047,2024-02-01,Computer Science,4,Present
43776,17,Male,Computer Science,2,85.28,15.5,SES-2047,2024-02-01,Computer Science,4,Present
43776,17,Male,Computer Science,5,72.19,12.0,SES-2032,2023-11-25,Social Sciences,2,Present
43776,17,Male,Computer Science,5,72.19,12.0,SES-2043,2024-05-18,Education,7,Present
43775,24,Male,Computer Science,5,72.19,12.0,SES-2016,2024-04-12,Social Sciences,6,Present
43775,24,Male,Computer Science,3,53.16,2.7,SES-2030,2024-05-13,Business,7,Present
43775,24,Male,Computer Science,3,53.16,2.7,SES-2025,2023-11-24,Engineering,3,Absent
43775,24,Male,Computer Science,3,53.16,2.7,SES-2040,2023-10-24,Business,2,Present
43774,19,Male,Computer Science,3,53.16,2.7,SES-2027,2024-04-05,Engineering,6,Absent
43772,20,Female,Engineering,3,72.56,10.8,SES-2048,2023-09-03,Computer Science,1,Present
43765,20,Female,Business,6,66.89,11.2,SES-2013,2023-10-22,Education,2,Present
43765,20,Female,Business,6,66.89,11.2,SES-2039,2024-02-08,Engineering,4,Present
43765,20,Female,Business,6,66.89,11.2,SES-2045,2024-07-04,Education,8,Present
43765,20,Male,Engineering,3,73.36,7.1,SES-2017,2024-03-23,Computer Science,4,Present
43765,20,Male,Engineering,3,73.36,7.1,SES-2024,2024-06-05,Social Sciences,7,Present
43763,20,Female,Social Sciences,8,56.21,13.1,SES-2024,2024-06-05,Social Sciences,7,Present
43763,20,Female,Social Sciences,8,56.21,13.1,SES-2011,2023-11-03,Engineering,2,Present
43763,20,Female,Education,1,64.43,16.0,SES-2036,2024-02-12,Education,4,Present
43762,17,Female,Computer Science,5,96.13,13.4,SES-2001,2024-02-05,Computer Science,4,Present
43762,17,Female,Computer Science,5,96.13,13.4,SES-2041,2023-10-05,Business,2,Present
43759,20,Male,Social Sciences,8,71.61,11.9,SES-2011,2023-11-03,Engineering,2,Present
43759,20,Male,Social Sciences,8,71.61,11.9,SES-2002,2023-11-02,Computer Science,2,Present
43757,21,Male,Computer Science,3,74.39,14.8,SES-2029,2023-10-21,Education,2,Present
43757,21,Male,Computer Science,3,74.39,14.8,SES-2014,2024-03-28,Education,5,Present
43756,24,Male,Computer Science,3,74.39,14.8,SES-2044,2024-04-22,Social Sciences,5,Present
43756,24,Male,Computer Science,3,74.39,14.8,SES-2024,2024-06-05,Social Sciences,7,Present
43756,24,Male,Computer Science,7,65.14,3.3,SES-2024,2024-06-05,Social Sciences,7,Present
43755,22,Female,Computer Science,3,48.62,5.3,SES-2002,2023-11-02,Computer Science,2,Absent
43755,22,Female,Computer Science,3,48.62,5.3,SES-2036,2024-02-12,Education,4,Absent
43754,24,Female,Computer Science,3,48.62,5.3,SES-2018,2023-11-06,Business,3,Absent
43754,24,Female,Business,4,69.67,12.9,SES-2032,2023-11-25,Social Sciences,2,Absent
43754,24,Male,Business,3,69.49,14.0,SES-2009,2024-05-12,Social Sciences,7,Present
43752,21,Male,Business,3,69.49,14.0,SES-2007,2024-06-09,Education,7,Present
43752,21,Male,Business,3,69.49,14.0,SES-2033,2023-11-14,Education,2,Absent
43752,21,Male,Engineering,7,61.86,13.0,SES-2011,2023-11-03,Engineering,2,Absent
43751,19,Male,Engineering,7,61.86,13.0,SES-2044,2024-04-22,Social Sciences,5,Present
43751,19,Male,Engineering,7,61.86,13.0,SES-2009,2024-05-12,Social Sciences,7,Present
43751,19,Male,Engineering,7,61.86,13.0,SES-2008,2024-03-04,Computer Science,4,Present
43750,21,Male,Education,1,54.4,5.8,SES-2049,2024-04-17,Education,6,Present
43748,21,Male,Education,1,54.4,5.8,SES-2030,2024-05-13,Business,7,Present
43746,25,Male,Engineering,8,54.69,10.6,SES-2025,2023-11-24,Engineering,3,Present
43745,22,Male,Engineering,8,54.69,10.6,SES-2044,2024-04-22,Social Sciences,5,Present
43745,22,Male,Engineering,8,54.69,10.6,SES-2019,2024-06-21,Engineering,7,Present
43745,22,Male,Engineering,8,54.69,10.6,SES-2037,2023-10-16,Computer Science,1,Absent
43743,23,Male,Social Sciences,5,59.04,7.3,SES-2049,2024-04-17,Education,6,Present
43743,23,Male,Social Sciences,5,59.04,7.3,SES-2030,2024-05-13,Business,7,Present
43742,19,Male,Social Sciences,5,59.04,7.3,SES-2010,2024-03-24,Business,5,Present
43741,21,Female,Education,4,63.48,7.5,SES-2028,2024-06-25,Computer Science,8,Absent
43738,21,Female,Education,1,55.29,6.4,SES-2013,2023-10-22,Education,2,Present
43738,21,Female,Education,1,55.29,6.4,SES-2024,2024-06-05,Social Sciences,7,Present
43734,20,Male,Social Sciences,6,61.86,11.8,SES-2048,2023-09-03,Computer Science,1,Present
43734,20,Male,Social Sciences,6,61.86,11.8,SES-2004,2023-09-23,Engineering,1,Present
43733,22,Male,Social Sciences,6,61.86,11.8,SES-2024,2024-06-05,Social Sciences,7,Present
43733,22,Male,Social Sciences,6,61.86,11.8,SES-2023,2024-04-21,Business,6,Present
43732,22,Male,Computer Science,4,76.51,11.3,SES-2043,2024-05-18,Education,7,Present
43732,22,Male,Computer Science,4,76.51,11.3,SES-2005,2024-05-15,Engineering,7,Present
43732,22,Male,Computer Science,4,76.51,11.3,SES-2011,2023-11-03,Engineering,2,Present
43731,22,Male,Education,1,56.99,8.9,SES-2022,2024-06-03,Education,7,Present
43727,20,Male,Computer Science,7,84.23,8.8,SES-2005,2024-05-15,Engineering,7,Present
43727,20,Male,Computer Science,7,84.23,8.8,SES-2019,2024-06-21,Engineering,7,Present
43727,20,Male,Computer Science,7,84.23,8.8,SES-2015,2023-11-09,Business,2,Present
43721,20,Male,Social Sciences,1,75.8,11.9,SES-2020,2024-03-27,Computer Science,4,Present
43721,20,Male,Social Sciences,1,75.8,11.9,SES-2039,2024-02-08,Engineering,4,Present
43721,20,Male,Social Sciences,1,75.8,11.9,SES-2011,2023-11-03,Engineering,2,Present
43721,20,Male,Social Sciences,1,75.8,11.9,SES-2002,2023-11-02,Computer Science,2,Present
43721,20,Male,Social Sciences,1,75.8,11.9,SES-2021,2024-02-26,Social Sciences,4,Absent
43721,20,Male,Computer Science,6,80.17,11.1,SES-2046,2024-02-11,Computer Science,4,Absent
43720,25,Male,Computer Science,6,80.17,11.1,SES-2012,2024-04-19,Education,5,Present
43720,25,Male,Computer Science,6,80.17,11.1,SES-2044,2024-04-22,Social Sciences,5,Present
43720,25,Male,Computer Science,6,80.17,11.1,SES-2042,2023-12-17,Engineering,3,Present
43716,20,Female,Social Sciences,6,54.79,10.1,SES-2035,2023-11-28,Social Sciences,3,Present
43716,20,Female,Social Sciences,6,54.79,10.1,SES-2027,2024-04-05,Engineering,6,Present
43715,20,Female,Social Sciences,5,81.2,7.6,SES-2010,2024-03-24,Business,5,Present
43714,21,Female,Social Sciences,5,81.2,7.6,SES-2047,2024-02-01,Computer Science,4,Present
43714,21,Female,Social Sciences,5,81.2,7.6,SES-2046,2024-02-11,Computer Science,4,Present
43713,26,Female,Social Sciences,5,81.2,7.6,SES-2037,2023-10-16,Computer Science,1,Present
43712,19,Male,Social Sciences,1,74.22,9.4,SES-2001,2024-02-05,Computer Science,4,Absent
43712,19,Male,Social Sciences,1,74.22,9.4,SES-2010,2024-03-24,Business,5,Absent
43712,19,Male,Social Sciences,1,74.22,9.4,SES-2034,2024-06-24,Social Sciences,8,Present
43712,19,Male,Social Sciences,1,74.22,9.4,SES-2015,2023-11-09,Business,2,Present
43712,19,Male,Social Sciences,1,74.22,9.4,SES-2022,2024-06-03,Education,7,Present
43708,22,Female,Education,6,74.97,12.4,SES-2035,2023-11-28,Social Sciences,3,Present
43708,22,Female,Education,6,74.97,12.4,SES-2020,2024-03-27,Computer Science,4,Present
43708,22,Female,Education,6,74.97,12.4,SES-2045,2024-07-04,Education,8,Absent
43708,22,Female,Education,6,74.97,12.4,SES-2015,2023-11-09,Business,2,Absent
43707,20,Male,Computer Science,3,91.72,8.4,SES-2041,2023-10-05,Business,2,Present
43707,20,Male,Computer Science,3,91.72,8.4,SES-2033,2023-11-14,Education,2,Present
43707,20,Male,Computer Science,3,91.72,8.4,SES-2029,2023-10-21,Education,2,Absent
43706,22,Female,Computer Science,8,36.95,3.1,SES-2001,2024-02-05,Computer Science,4,Absent
43706,22,Female,Computer Science,8,36.95,3.1,SES-2034,2024-06-24,Social Sciences,8,Present
43706,22,Female,Computer Science,8,36.95,3.1,SES-2029,2023-10-21,Education,2,Absent
43703,21,Male,Engineering,3,47.93,5.6,SES-2036,2024-02-12,Education,4,Present
43702,20,Male,Engineering,3,47.93,5.6,SES-2035,2023-11-28,Social Sciences,3,Present
43702,20,Male,Engineering,3,47.93,5.6,SES-2029,2023-10-21,Education,2,Absent
43701,19,Female,Education,4,67.82,10.8,SES-2011,2023-11-03,Engineering,2,Absent
43701,19,Female,Education,4,67.82,10.8,SES-2022,2024-06-03,Education,7,Absent
43700,19,Female,Business,7,64.44,3.6,SES-2015,2023-11-09,Business,2,Absent
43699,19,Female,Computer Science,4,53.2,9.1,SES-2034,2024-06-24,Social Sciences,8,Present
43699,19,Female,Computer Science,4,53.2,9.1,SES-2013,2023-10-22,Education,2,Absent
43699,19,Female,Computer Science,4,53.2,9.1,SES-2012,2024-04-19,Education,5,Present
43699,19,Female,Social Sciences,5,52.4,12.0,SES-2026,2024-04-19,Business,5,Present
43697,19,Female,Computer Science,6,60.81,7.0,SES-2007,2024-06-09,Education,7,Present
43695,21,Female,Computer Science,6,60.81,7.0,SES-2040,2023-10-24,Business,2,Present
43695,21,Female,Computer Science,6,60.81,7.0,SES-2026,2024-04-19,Business,5,Present
43695,21,Female,Computer Science,6,60.81,7.0,SES-2010,2024-03-24,Business,5,Present
43694,22,Male,Education,6,48.9,11.9,SES-2035,2023-11-28,Social Sciences,3,Absent
43693,22,Female,Education,1,72.36,10.4,SES-2040,2023-10-24,Business,2,Absent
43693,22,Female,Education,1,72.36,10.4,SES-2038,2023-11-27,Social Sciences,2,Present
43693,22,Female,Education,1,72.36,10.4,SES-2017,2024-03-23,Computer Science,4,Present
43693,22,Female,Education,1,72.36,10.4,SES-2043,2024-05-18,Education,7,Present
43692,19,Female,Engineering,8,51.82,9.9,SES-2033,2023-11-14,Education,2,Present
43692,19,Female,Engineering,8,51.82,9.9,SES-2042,2023-12-17,Engineering,3,Present
43692,19,Female,Engineering,8,51.82,9.9,SES-2013,2023-10-22,Education,2,Present
43691,24,Male,Social Sciences,6,76.97,2.6,SES-2047,2024-02-01,Computer Science,4,Absent
43691,24,Male,Social Sciences,6,76.97,2.6,SES-2003,2023-10-08,Engineering,2,Present
43691,24,Male,Social Sciences,6,76.97,2.6,SES-2036,2024-02-12,Education,4,Absent
43691,24,Male,Social Sciences,6,76.97,2.6,SES-2016,2024-04-12,Social Sciences,6,Absent
43688,19,Female,Business,6,59.67,13.6,SES-2003,2023-10-08,Engineering,2,Present
43688,19,Female,Business,6,59.67,13.6,SES-2023,2024-04-21,Business,6,Present
43686,17,Male,Social Sciences,5,42.76,1.8,SES-2038,2023-11-27,Social Sciences,2,Present
43685,21,Male,Social Sciences,5,42.76,1.8,SES-2027,2024-04-05,Engineering,6,Absent
43685,21,Male,Social Sciences,5,42.76,1.8,SES-2034,2024-06-24,Social Sciences,8,Absent
43685,21,Male,Computer Science,1,83.72,8.9,SES-2002,2023-11-02,Computer Science,2,Present
43685,21,Female,Education,2,64.97,12.1,SES-2014,2024-03-28,Education,5,Present
43684,20,Female,Education,2,64.97,12.1,SES-2029,2023-10-21,Education,2,Present
43683,21,Female,Education,2,64.97,12.1,SES-2015,2023-11-09,Business,2,Present
43683,21,Female,Education,2,64.97,12.1,SES-2028,2024-06-25,Computer Science,8,Present
43682,22,Female,Engineering,1,80.44,4.2,SES-2020,2024-03-27,Computer Science,4,Absent
43682,22,Female,Engineering,1,80.44,4.2,SES-2010,2024-03-24,Business,5,Absent
43681,19,Female,Engineering,1,80.44,4.2,SES-2040,2023-10-24,Business,2,Absent
43681,19,Female,Engineering,1,80.44,4.2,SES-2047,2024-02-01,Computer Science,4,Absent
43680,17,Female,Business,8,84.31,8.1,SES-2001,2024-02-05,Computer Science,4,Present
43680,17,Female,Business,8,84.31,8.1,SES-2032,2023-11-25,Social Sciences,2,Present
43680,17,Female,Business,8,84.31,8.1,SES-2013,2023-10-22,Education,2,Present
43680,17,Female,Business,8,84.31,8.1,SES-2043,2024-05-18,Education,7,Present
43680,17,Female,Education,1,54.29,1.5,SES-2034,2024-06-24,Social Sciences,8,Absent
43679,20,Female,Education,1,54.29,1.5,SES-2008,2024-03-04,Computer Science,4,Absent
43678,22,Male,Computer Science,5,50.69,8.6,SES-2027,2024-04-05,Engineering,6,Present
43678,22,Male,Computer Science,5,50.69,8.6,SES-2048,2023-09-03,Computer Science,1,Present
43678,22,Male,Business,4,74.95,12.7,SES-2039,2024-02-08,Engineering,4,Present
43678,22,Male,Business,4,74.95,12.7,SES-2043,2024-05-18,Education,7,Present
43677,22,Male,Education,4,58.58,8.0,SES-2001,2024-02-05,Computer Science,4,Present
43676,20,Male,Education,4,58.58,8.0,SES-2036,2024-02-12,Education,4,Absent
43676,20,Male,Education,4,58.58,8.0,SES-2030,2024-05-13,Business,7,Present
43676,20,Male,Computer Science,4,60.2,8.5,SES-2018,2023-11-06,Business,3,Present
43675,24,Male,Computer Science,4,60.2,8.5,SES-2039,2024-02-08,Engineering,4,Present
43675,24,Male,Computer Science,4,60.2,8.5,SES-2036,2024-02-12,Education,4,Present
43675,24,Male,Computer Science,4,60.2,8.5,SES-2004,2023-09-23,Engineering,1,Present
43675,24,Male,Social Sciences,3,55.76,7.6,SES-2002,2023-11-02,Computer Science,2,Absent
43674,22,Male,Social Sciences,3,55.76,7.6,SES-2046,2024-02-11,Computer Science,4,Present
43673,24,Female,Social Sciences,8,73.25,7.0,SES-2017,2024-03-23,Computer Science,4,Present
43673,24,Female,Social Sciences,8,73.25,7.0,SES-2019,2024-06-21,Engineering,7,Present
43665,21,Female,Education,7,70.09,9.4,SES-2027,2024-04-05,Engineering,6,Present
43665,21,Female,Engineering,3,55.62,10.0,SES-2002,2023-11-02,Computer Science,2,Present
43663,22,Male,Social Sciences,5,57.66,14.0,SES-2031,2024-07-18,Computer Science,8,Present
43663,22,Male,Social Sciences,5,57.66,14.0,SES-2002,2023-11-02,Computer Science,2,Present
43663,22,Male,Social Sciences,5,57.66,14.0,SES-2019,2024-06-21,Engineering,7,Present
43663,22,Male,Business,4,75.83,10.1,SES-2042,2023-12-17,Engineering,3,Present
43662,22,Male,Business,4,75.83,10.1,SES-2046,2024-02-11,Computer Science,4,Present
43662,22,Female,Engineering,6,65.34,5.6,SES-2013,2023-10-22,Education,2,Absent
43660,18,Female,Engineering,6,65.34,5.6,SES-2049,2024-04-17,Education,6,Present
43660,18,Female,Engineering,6,65.34,5.6,SES-2026,2024-04-19,Business,5,Present
43657,19,Female,Computer Science,5,73.55,9.6,SES-2045,2024-07-04,Education,8,Present
43657,19,Female,Computer Science,5,73.55,9.6,SES-2006,2024-03-25,Education,5,Present
43656,22,Female,Computer Science,5,73.55,9.6,SES-2028,2024-06-25,Computer Science,8,Present
43656,22,Female,Computer Science,5,73.55,9.6,SES-2039,2024-02-08,Engineering,4,Present
43655,20,Female,Education,5,75.14,9.5,SES-2008,2024-03-04,Computer Science,4,Present
43655,20,Female,Education,5,75.14,9.5,SES-2013,2023-10-22,Education,2,Present
43654,22,Female,Education,5,75.14,9.5,SES-2017,2024-03-23,Computer Science,4,Present
43654,22,Female,Education,5,75.14,9.5,SES-2009,2024-05-12,Social Sciences,7,Present
43653,21,Male,Engineering,5,65.1,8.6,SES-2041,2023-10-05,Business,2,Present
43653,21,Female,Business,6,45.61,7.7,SES-2033,2023-11-14,Education,2,Absent
43653,21,Female,Business,6,45.61,7.7,SES-2005,2024-05-15,Engineering,7,Absent
43653,21,Female,Business,6,45.61,7.7,SES-2045,2024-07-04,Education,8,Absent
43653,21,Female,Business,6,45.61,7.7,SES-2043,2024-05-18,Education,7,Absent
43652,22,Female,Business,6,45.61,7.7,SES-2018,2023-11-06,Business,3,Absent
43650,22,Male,Engineering,4,72.12,5.2,SES-2026,2024-04-19,Business,5,Present
43650,22,Male,Engineering,4,72.12,5.2,SES-2044,2024-04-22,Social Sciences,5,Present
43650,22,Male,Engineering,4,72.12,5.2,SES-2017,2024-03-23,Computer Science,4,Present
43650,22,Male,Engineering,4,72.12,5.2,SES-2046,2024-02-11,Computer Science,4,Present
43650,22,Male,Engineering,4,72.12,5.2,SES-2047,2024-02-01,Computer Science,4,Present
43650,22,Female,Engineering,6,79.92,9.3,SES-2027,2024-04-05,Engineering,6,Present
43649,22,Female,Business,4,69.89,8.5,SES-2015,2023-11-09,Business,2,Present
43649,22,Female,Business,4,69.89,8.5,SES-2004,2023-09-23,Engineering,1,Present
43648,21,Female,Engineering,3,81.47,8.9,SES-2037,2023-10-16,Computer Science,1,Absent
43648,21,Female,Business,3,49.8,7.7,SES-2017,2024-03-23,Computer Science,4,Present
43641,17,Female,Computer Science,8,89.75,12.2,SES-2012,2024-04-19,Education,5,Present
43640,18,Female,Computer Science,8,89.75,12.2,SES-2032,2023-11-25,Social Sciences,2,Present
43640,18,Male,Engineering,3,56.79,6.3,SES-2014,2024-03-28,Education,5,Present
43635,19,Male,Social Sciences,2,50.18,8.2,SES-2049,2024-04-17,Education,6,Present
43635,19,Male,Social Sciences,2,50.18,8.2,SES-2005,2024-05-15,Engineering,7,Present
43634,21,Male,Social Sciences,2,50.18,8.2,SES-2038,2023-11-27,Social Sciences,2,Present
43633,19,Male,Engineering,6,61.64,9.5,SES-2005,2024-05-15,Engineering,7,Present
43631,21,Female,Engineering,3,69.27,10.4,SES-2010,2024-03-24,Business,5,Present
43631,21,Female,Engineering,3,69.27,10.4,SES-2001,2024-02-05,Computer Science,4,Present
43625,23,Male,Education,1,66.81,12.6,SES-2013,2023-10-22,Education,2,Present
43620,21,Female,Engineering,6,81.92,11.7,SES-2009,2024-05-12,Social Sciences,7,Present
43620,21,Female,Engineering,6,81.92,11.7,SES-2008,2024-03-04,Computer Science,4,Absent
43620,21,Female,Engineering,6,81.92,11.7,SES-2015,2023-11-09,Business,2,Present
43620,21,Female,Engineering,6,81.92,11.7,SES-2048,2023-09-03,Computer Science,1,Present
43619,19,Male,Education,7,70.87,9.5,SES-2036,2024-02-12,Education,4,Present
43619,19,Male,Education,7,70.87,9.5,SES-2019,2024-06-21,Engineering,7,Present
43618,19,Male,Education,7,70.87,9.5,SES-2011,2023-11-03,Engineering,2,Present
43618,19,Male,Education,7,70.87,9.5,SES-2016,2024-04-12,Social Sciences,6,Absent
43615,20,Female,Computer Science,5,57.29,12.1,SES-2039,2024-02-08,Engineering,4,Present
43615,20,Female,Computer Science,5,57.29,12.1,SES-2004,2023-09-23,Engineering,1,Present
43615,20,Female,Computer Science,5,57.29,12.1,SES-2036,2024-02-12,Education,4,Present
43614,18,Female,Social Sciences,1,68.82,11.8,SES-2020,2024-03-27,Computer Science,4,Present
43614,18,Female,Social Sciences,1,68.82,11.8,SES-2013,2023-10-22,Education,2,Present
43614,18,Female,Business,6,67.87,9.4,SES-2024,2024-06-05,Social Sciences,7,Absent
43614,18,Female,Business,6,67.87,9.4,SES-2017,2024-03-23,Computer Science,4,Absent
43613,21,Male,Business,1,56.44,8.4,SES-2013,2023-10-22,Education,2,Present
43613,21,Female,Social Sciences,6,82.12,9.2,SES-2030,2024-05-13,Business,7,Present
43613,21,Female,Education,2,49.65,6.4,SES-2000,2023-10-24,Social Sciences,2,Absent
43612,18,Female,Education,2,49.65,6.4,SES-2004,2023-09-23,Engineering,1,Absent
43612,18,Female,Education,2,49.65,6.4,SES-2039,2024-02-08,Engineering,4,Absent
43611,19,Female,Education,2,49.65,6.4,SES-2045,2024-07-04,Education,8,Absent
43611,19,Female,Engineering,3,71.83,11.9,SES-2014,2024-03-28,Education,5,Present
43611,19,Female,Engineering,3,71.83,11.9,SES-2000,2023-10-24,Social Sciences,2,Present
43611,19,Female,Engineering,3,71.83,11.9,SES-2047,2024-02-01,Computer Science,4,Present
43610,20,Female,Engineering,3,71.83,11.9,SES-2020,2024-03-27,Computer Science,4,Present
43608,22,Male,Computer Science,4,65.45,8.7,SES-2023,2024-04-21,Business,6,Present
43608,22,Female,Computer Science,7,89.73,6.3,SES-2027,2024-04-05,Engineering,6,Present
43607,20,Female,Engineering,3,75.72,10.9,SES-2000,2023-10-24,Social Sciences,2,Present
43607,20,Female,Engineering,3,75.72,10.9,SES-2044,2024-04-22,Social Sciences,5,Present
43607,20,Female,Engineering,3,75.72,10.9,SES-2035,2023-11-28,Social Sciences,3,Present
43606,23,Female,Engineering,3,75.72,10.9,SES-2023,2024-04-21,Business,6,Present
43605,22,Male,Engineering,2,93.11,5.8,SES-2044,2024-04-22,Social Sciences,5,Present
43605,22,Male,Engineering,2,93.11,5.8,SES-2003,2023-10-08,Engineering,2,Absent
43604,17,Female,Engineering,1,67.31,9.6,SES-2041,2023-10-05,Business,2,Present
43603,20,Female,Engineering,1,67.31,9.6,SES-2042,2023-12-17,Engineering,3,Present
43599,19,Male,Business,2,67.35,8.6,SES-2032,2023-11-25,Social Sciences,2,Present
43599,19,Male,Education,8,43.03,9.3,SES-2023,2024-04-21,Business,6,Absent
43599,19,Male,Education,8,43.03,9.3,SES-2039,2024-02-08,Engineering,4,Absent
43598,19,Male,Education,8,43.03,9.3,SES-2047,2024-02-01,Computer Science,4,Absent
43598,19,Male,Education,8,43.03,9.3,SES-2006,2024-03-25,Education,5,Absent
43593,20,Female,Business,4,87.02,10.9,SES-2014,2024-03-28,Education,5,Absent
43593,20,Female,Business,4,87.02,10.9,SES-2049,2024-04-17,Education,6,Present
43592,19,Female,Business,4,87.02,10.9,SES-2029,2023-10-21,Education,2,Present
43592,19,Female,Business,4,87.02,10.9,SES-2024,2024-06-05,Social Sciences,7,Present
43592,19,Female,Business,4,87.02,10.9,SES-2036,2024-02-12,Education,4,Absent
43591,21,Female,Business,2,88.9,10.3,SES-2009,2024-05-12,Social Sciences,7,Present
43591,21,Male,Engineering,7,67.46,11.7,SES-2035,2023-11-28,Social Sciences,3,Present
43591,21,Male,Engineering,7,67.46,11.7,SES-2008,2024-03-04,Computer Science,4,Present
43591,21,Male,Engineering,7,67.46,11.7,SES-2009,2024-05-12,Social Sciences,7,Present
43591,21,Male,Engineering,7,67.46,11.7,SES-2041,2023-10-05,Business,2,Present
43588,21,Male,Engineering,2,83.09,11.5,SES-2044,2024-04-22,Social Sciences,5,Present
43587,22,Male,Business,5,67.06,4.1,SES-2045,2024-07-04,Education,8,Absent
43587,22,Male,Business,5,67.06,4.1,SES-2026,2024-04-19,Business,5,Present
43587,22,Male,Business,5,67.06,4.1,SES-2008,2024-03-04,Computer Science,4,Absent
43587,22,Male,Business,5,67.06,4.1,SES-2004,2023-09-23,Engineering,1,Present
43587,22,Male,Business,5,67.06,4.1,SES-2029,2023-10-21,Education,2,Absent
43585,25,Female,Education,7,40.88,5.4,SES-2017,2024-03-23,Computer Science,4,Present
43585,25,Female,Business,6,71.11,10.4,SES-2039,2024-02-08,Engineering,4,Present
43585,25,Female,Computer Science,7,54.75,10.4,SES-2046,2024-02-11,Computer Science,4,Absent
43584,20,Female,Computer Science,7,54.75,10.4,SES-2014,2024-03-28,Education,5,Present
43584,20,Female,Computer Science,7,54.75,10.4,SES-2023,2024-04-21,Business,6,Absent
43583,17,Female,Computer Science,7,54.75,10.4,SES-2009,2024-05-12,Social Sciences,7,Present
43582,19,Female,Computer Science,7,54.75,10.4,SES-2043,2024-05-18,Education,7,Present
43582,19,Male,Engineering,4,81.75,9.5,SES-2025,2023-11-24,Engineering,3,Present
43581,21,Male,Engineering,4,81.75,9.5,SES-2003,2023-10-08,Engineering,2,Present
43581,21,Male,Engineering,4,81.75,9.5,SES-2000,2023-10-24,Social Sciences,2,Present
43580,21,Male,Engineering,4,81.75,9.5,SES-2019,2024-06-21,Engineering,7,Present
43573,22,Female,Computer Science,4,62.21,11.2,SES-2033,2023-11-14,Education,2,Present
43573,22,Female,Computer Science,4,62.21,11.2,SES-2000,2023-10-24,Social Sciences,2,Present
43573,22,Female,Education,6,70.79,8.3,SES-2040,2023-10-24,Business,2,Absent
43568,22,Female,Computer Science,6,56.27,6.9,SES-2029,2023-10-21,Education,2,Present
43568,22,Male,Computer Science,4,66.31,12.2,SES-2017,2024-03-23,Computer Science,4,Present
43568,22,Male,Computer Science,4,66.31,12.2,SES-2005,2024-05-15,Engineering,7,Absent
43568,22,Male,Computer Science,4,66.31,12.2,SES-2023,2024-04-21,Business,6,Present
43567,22,Female,Social Sciences,5,61.01,9.3,SES-2032,2023-11-25,Social Sciences,2,Present
43566,19,Male,Computer Science,8,51.54,6.1,SES-2034,2024-06-24,Social Sciences,8,Present
43565,21,Female,Engineering,5,55.9,7.1,SES-2000,2023-10-24,Social Sciences,2,Present
43565,21,Female,Engineering,5,55.9,7.1,SES-2030,2024-05-13,Business,7,Present
43564,23,Female,Engineering,5,55.9,7.1,SES-2047,2024-02-01,Computer Science,4,Present
43564,23,Female,Engineering,5,55.9,7.1,SES-2031,2024-07-18,Computer Science,8,Present
43563,20,Male,Social Sciences,2,67.5,9.5,SES-2020,2024-03-27,Computer Science,4,Present
43560,21,Male,Engineering,6,94.11,9.6,SES-2013,2023-10-22,Education,2,Present
43560,21,Male,Engineering,6,94.11,9.6,SES-2016,2024-04-12,Social Sciences,6,Absent
43557,19,Male,Business,3,59.38,9.4,SES-2038,2023-11-27,Social Sciences,2,Present
43556,21,Male,Social Sciences,1,66.6,5.1,SES-2026,2024-04-19,Business,5,Absent
43556,21,Male,Social Sciences,1,66.6,5.1,SES-2010,2024-03-24,Business,5,Present
43555,21,Male,Social Sciences,1,66.6,5.1,SES-2036,2024-02-12,Education,4,Present
43555,21,Male,Social Sciences,1,66.6,5.1,SES-2021,2024-02-26,Social Sciences,4,Present
43554,19,Male,Education,5,70.44,12.5,SES-2046,2024-02-11,Computer Science,4,Present
43553,24,Male,Education,5,70.44,12.5,SES-2018,2023-11-06,Business,3,Absent
43552,24,Male,Education,5,70.44,12.5,SES-2010,2024-03-24,Business,5,Present
43552,24,Female,Education,2,55.93,7.5,SES-2010,2024-03-24,Business,5,Absent
43552,24,Female,Education,2,55.93,7.5,SES-2008,2024-03-04,Computer Science,4,Present
43550,19,Male,Social Sciences,7,62.78,10.2,SES-2031,2024-07-18,Computer Science,8,Present
43550,19,Female,Computer Science,8,90.23,12.1,SES-2016,2024-04-12,Social Sciences,6,Present
43549,24,Female,Computer Science,8,90.23,12.1,SES-2021,2024-02-26,Social Sciences,4,Present
43548,21,Female,Computer Science,8,90.23,12.1,SES-2040,2023-10-24,Business,2,Present
43548,21,Female,Computer Science,8,90.23,12.1,SES-2031,2024-07-18,Computer Science,8,Present
43547,21,Female,Computer Science,8,90.23,12.1,SES-2017,2024-03-23,Computer Science,4,Present
43543,18,Male,Social Sciences,3,92.08,12.6,SES-2046,2024-02-11,Computer Science,4,Present
43540,19,Female,Business,4,89.94,10.3,SES-2000,2023-10-24,Social Sciences,2,Present
43540,19,Female,Business,4,89.94,10.3,SES-2047,2024-02-01,Computer Science,4,Present
43540,19,Female,Business,4,89.94,10.3,SES-2007,2024-06-09,Education,7,Present
43539,20,Female,Engineering,3,69.59,8.6,SES-2003,2023-10-08,Engineering,2,Present
43539,20,Female,Engineering,3,69.59,8.6,SES-2012,2024-04-19,Education,5,Present
43539,20,Female,Engineering,3,69.59,8.6,SES-2001,2024-02-05,Computer Science,4,Absent
43539,20,Female,Engineering,3,69.59,8.6,SES-2015,2023-11-09,Business,2,Absent
43537,25,Male,Education,1,63.37,7.7,SES-2008,2024-03-04,Computer Science,4,Present
43537,25,Male,Education,1,63.37,7.7,SES-2021,2024-02-26,Social Sciences,4,Present
43537,25,Male,Education,1,63.37,7.7,SES-2042,2023-12-17,Engineering,3,Present
43537,25,Female,Computer Science,4,70.97,10.9,SES-2040,2023-10-24,Business,2,Present
43534,23,Male,Education,5,66.02,6.8,SES-2020,2024-03-27,Computer Science,4,Present
43532,22,Male,Education,5,66.02,6.8,SES-2026,2024-04-19,Business,5,Present
43532,22,Male,Education,5,66.02,6.8,SES-2021,2024-02-26,Social Sciences,4,Present
43532,22,Male,Education,5,66.02,6.8,SES-2001,2024-02-05,Computer Science,4,Present
43531,22,Male,Education,5,66.02,6.8,SES-2023,2024-04-21,Business,6,Absent
43530,17,Female,Engineering,7,96.33,13.6,SES-2003,2023-10-08,Engineering,2,Present
43530,17,Female,Education,3,66.77,8.7,SES-2011,2023-11-03,Engineering,2,Present
43526,21,Female,Social Sciences,7,65.32,6.9,SES-2040,2023-10-24,Business,2,Present
43526,21,Female,Social Sciences,7,65.32,6.9,SES-2000,2023-10-24,Social Sciences,2,Present
43524,19,Male,Computer Science,4,72.95,10.5,SES-2018,2023-11-06,Business,3,Present
43524,19,Male,Computer Science,4,72.95,10.5,SES-2044,2024-04-22,Social Sciences,5,Absent
43524,19,Female,Business,7,67.66,11.4,SES-2033,2023-11-14,Education,2,Present
43524,19,Female,Business,7,67.66,11.4,SES-2014,2024-03-28,Education,5,Present
43523,19,Female,Business,7,67.66,11.4,SES-2030,2024-05-13,Business,7,Present
43523,19,Female,Business,7,67.66,11.4,SES-2017,2024-03-23,Computer Science,4,Present
43522,20,Male,Engineering,4,90.52,10.1,SES-2016,2024-04-12,Social Sciences,6,Present
43522,20,Female,Computer Science,5,68.65,5.5,SES-2036,2024-02-12,Education,4,Present
43522,20,Female,Computer Science,5,68.65,5.5,SES-2017,2024-03-23,Computer Science,4,Present
43522,20,Female,Computer Science,5,68.65,5.5,SES-2042,2023-12-17,Engineering,3,Present
43519,20,Female,Education,4,82.39,13.1,SES-2047,2024-02-01,Computer Science,4,Present
43519,20,Female,Education,4,82.39,13.1,SES-2005,2024-05-15,Engineering,7,Present
43519,20,Female,Education,4,82.39,13.1,SES-2009,2024-05-12,Social Sciences,7,Present
43518,24,Female,Education,4,82.39,13.1,SES-2049,2024-04-17,Education,6,Present
43518,24,Female,Business,2,65.0,7.6,SES-2028,2024-06-25,Computer Science,8,Present
43518,24,Female,Business,2,65.0,7.6,SES-2049,2024-04-17,Education,6,Present
43518,24,Female,Business,2,65.0,7.6,SES-2043,2024-05-18,Education,7,Present
43517,19,Female,Business,2,65.0,7.6,SES-2020,2024-03-27,Computer Science,4,Present
43517,19,Female,Business,2,65.0,7.6,SES-2017,2024-03-23,Computer Science,4,Present
43517,19,Male,Education,7,54.72,8.7,SES-2017,2024-03-23,Computer Science,4,Present
43516,20,Male,Education,7,54.72,8.7,SES-2034,2024-06-24,Social Sciences,8,Present
43516,20,Male,Education,7,54.72,8.7,SES-2031,2024-07-18,Computer Science,8,Present
43515,20,Male,Education,7,54.72,8.7,SES-2007,2024-06-09,Education,7,Present
43514,23,Female,Engineering,2,53.85,9.7,SES-2011,2023-11-03,Engineering,2,Present
43514,23,Female,Business,3,41.67,10.2,SES-2028,2024-06-25,Computer Science,8,Absent
43514,23,Female,Business,3,41.67,10.2,SES-2039,2024-02-08,Engineering,4,Absent
43510,19,Female,Engineering,3,78.34,8.2,SES-2027,2024-04-05,Engineering,6,Present
43510,19,Female,Engineering,3,78.34,8.2,SES-2041,2023-10-05,Business,2,Present
43509,19,Female,Engineering,3,78.34,8.2,SES-2009,2024-05-12,Social Sciences,7,Absent
43505,17,Female,Social Sciences,5,68.56,11.9,SES-2025,2023-11-24,Engineering,3,Present
43505,17,Female,Social Sciences,5,68.56,11.9,SES-2016,2024-04-12,Social Sciences,6,Present
43505,17,Male,Computer Science,5,90.49,11.3,SES-2029,2023-10-21,Education,2,Present
43505,17,Male,Computer Science,5,90.49,11.3,SES-2030,2024-05-13,Business,7,Absent
43503,23,Male,Education,1,82.52,11.0,SES-2023,2024-04-21,Business,6,Absent
43503,23,Male,Education,1,82.52,11.0,SES-2034,2024-06-24,Social Sciences,8,Present
43503,23,Male,Computer Science,4,57.64,8.9,SES-2015,2023-11-09,Business,2,Present
43503,23,Male,Computer Science,4,57.64,8.9,SES-2003,2023-10-08,Engineering,2,Present
43503,23,Male,Computer Science,4,57.64,8.9,SES-2020,2024-03-27,Computer Science,4,Absent
43503,23,Male,Computer Science,4,57.64,8.9,SES-2044,2024-04-22,Social Sciences,5,Present
43502,23,Male,Computer Science,4,57.64,8.9,SES-2049,2024-04-17,Education,6,Present
43501,21,Female,Education,5,55.65,8.8,SES-2043,2024-05-18,Education,7,Present
43501,21,Female,Education,5,55.65,8.8,SES-2018,2023-11-06,Business,3,Present
43501,21,Male,Engineering,1,61.02,4.5,SES-2020,2024-03-27,Computer Science,4,Absent
43501,21,Female,Engineering,4,87.85,12.2,SES-2038,2023-11-27,Social Sciences,2,Present
43500,23,Female,Engineering,4,87.85,12.2,SES-2000,2023-10-24,Social Sciences,2,Present
43499,18,Male,Education,6,62.89,6.3,SES-2013,2023-10-22,Education,2,Present
43498,26,Male,Education,6,62.89,6.3,SES-2022,2024-06-03,Education,7,Absent
43497,21,Male,Education,6,62.89,6.3,SES-2032,2023-11-25,Social Sciences,2,Present
43497,21,Female,Business,6,46.63,4.6,SES-2031,2024-07-18,Computer Science,8,Absent
43497,21,Female,Business,6,46.63,4.6,SES-2021,2024-02-26,Social Sciences,4,Absent
43496,21,Female,Business,6,46.63,4.6,SES-2035,2023-11-28,Social Sciences,3,Absent
43495,18,Female,Social Sciences,7,55.23,13.3,SES-2021,2024-02-26,Social Sciences,4,Present
43495,18,Female,Social Sciences,7,55.23,13.3,SES-2005,2024-05-15,Engineering,7,Present
43495,18,Female,Social Sciences,2,60.42,11.5,SES-2045,2024-07-04,Education,8,Present
43495,18,Female,Social Sciences,2,60.42,11.5,SES-2019,2024-06-21,Engineering,7,Absent
43495,18,Female,Social Sciences,2,60.42,11.5,SES-2001,2024-02-05,Computer Science,4,Present
43494,19,Female,Social Sciences,2,60.42,11.5,SES-2021,2024-02-26,Social Sciences,4,Present
43494,19,Female,Social Sciences,2,60.42,11.5,SES-2036,2024-02-12,Education,4,Present
43494,19,Male,Education,3,57.04,11.5,SES-2046,2024-02-11,Computer Science,4,Present
43494,19,Female,Engineering,6,53.43,4.3,SES-2004,2023-09-23,Engineering,1,Absent
43494,19,Female,Engineering,6,53.43,4.3,SES-2031,2024-07-18,Computer Science,8,Absent
43493,22,Male,Social Sciences,8,73.58,9.2,SES-2008,2024-03-04,Computer Science,4,Present
43492,24,Male,Social Sciences,8,73.58,9.2,SES-2005,2024-05-15,Engineering,7,Present
43492,24,Male,Social Sciences,8,73.58,9.2,SES-2032,2023-11-25,Social Sciences,2,Present
43492,24,Male,Social Sciences,8,73.58,9.2,SES-2042,2023-12-17,Engineering,3,Present
43492,24,Male,Social Sciences,8,73.58,9.2,SES-2024,2024-06-05,Social Sciences,7,Present
43486,21,Male,Education,4,79.17,13.6,SES-2016,2024-04-12,Social Sciences,6,Present
43486,21,Male,Education,4,79.17,13.6,SES-2023,2024-04-21,Business,6,Present
43486,21,Male,Education,4,79.17,13.6,SES-2011,2023-11-03,Engineering,2,Present
43486,21,Male,Education,4,79.17,13.6,SES-2018,2023-11-06,Business,3,Present
43485,24,Male,Education,4,79.17,13.6,SES-2045,2024-07-04,Education,8,Absent
43483,19,Female,Computer Science,6,47.88,8.9,SES-2004,2023-09-23,Engineering,1,Absent
43482,23,Female,Computer Science,6,47.88,8.9,SES-2017,2024-03-23,Computer Science,4,Present
43477,23,Male,Business,1,51.99,4.2,SES-2026,2024-04-19,Business,5,Absent
43476,22,Female,Education,6,58.32,11.6,SES-2011,2023-11-03,Engineering,2,Present
43476,22,Female,Education,6,58.32,11.6,SES-2015,2023-11-09,Business,2,Present
43476,22,Female,Education,6,58.32,11.6,SES-2043,2024-05-18,Education,7,Absent
43464,20,Male,Engineering,1,65.27,13.8,SES-2034,2024-06-24,Social Sciences,8,Present
43463,19,Male,Engineering,1,65.27,13.8,SES-2018,2023-11-06,Business,3,Present
43462,21,Male,Education,1,59.6,7.5,SES-2033,2023-11-14,Education,2,Present
43458,24,Female,Engineering,2,67.82,10.7,SES-2031,2024-07-18,Computer Science,8,Absent
43458,24,Female,Engineering,2,67.82,10.7,SES-2022,2024-06-03,Education,7,Present
43458,24,Female,Engineering,2,67.82,10.7,SES-2025,2023-11-24,Engineering,3,Absent
43458,24,Female,Engineering,2,67.82,10.7,SES-2011,2023-11-03,Engineering,2,Present
43458,24,Female,Engineering,2,67.82,10.7,SES-2023,2024-04-21,Business,6,Present
43457,21,Female,Engineering,1,81.8,11.5,SES-2000,2023-10-24,Social Sciences,2,Present
43457,21,Male,Computer Science,8,53.98,6.8,SES-2046,2024-02-11,Computer Science,4,Absent
43457,21,Female,Computer Science,3,77.38,14.3,SES-2020,2024-03-27,Computer Science,4,Absent
43454,21,Female,Computer Science,3,77.38,14.3,SES-2049,2024-04-17,Education,6,Present
43454,21,Female,Computer Science,3,77.38,14.3,SES-2017,2024-03-23,Computer Science,4,Present
43454,21,Female,Computer Science,3,77.38,14.3,SES-2001,2024-02-05,Computer Science,4,Present
43454,21,Female,Business,5,66.36,10.0,SES-2048,2023-09-03,Computer Science,1,Present
43453,24,Female,Business,5,66.36,10.0,SES-2031,2024-07-18,Computer Science,8,Present
43453,24,Male,Social Sciences,7,47.15,12.4,SES-2044,2024-04-22,Social Sciences,5,Absent
43451,24,Female,Business,3,81.43,6.4,SES-2014,2024-03-28,Education,5,Present
43451,24,Female,Business,3,81.43,6.4,SES-2027,2024-04-05,Engineering,6,Present
43447,18,Male,Education,4,55.08,8.2,SES-2019,2024-06-21,Engineering,7,Present
43447,18,Male,Education,4,55.08,8.2,SES-2002,2023-11-02,Computer Science,2,Present
43447,18,Male,Education,4,55.08,8.2,SES-2026,2024-04-19,Business,5,Present
43447,18,Male,Education,4,55.08,8.2,SES-2016,2024-04-12,Social Sciences,6,Present
43445,24,Female,Engineering,8,71.68,7.4,SES-2024,2024-06-05,Social Sciences,7,Present
43445,24,Female,Engineering,8,71.68,7.4,SES-2048,2023-09-03,Computer Science,1,Present
43445,24,Female,Engineering,8,71.68,7.4,SES-2029,2023-10-21,Education,2,Present
43445,24,Female,Engineering,8,71.68,7.4,SES-2049,2024-04-17,Education,6,Present
43443,21,Male,Engineering,3,54.45,13.0,SES-2011,2023-11-03,Engineering,2,Present
43442,18,Female,Computer Science,3,64.83,7.2,SES-2037,2023-10-16,Computer Science,1,Present
43442,18,Female,Computer Science,3,64.83,7.2,SES-2003,2023-10-08,Engineering,2,Present
43439,19,Male,Education,7,55.82,2.3,SES-2011,2023-11-03,Engineering,2,Present
43439,19,Male,Education,7,55.82,2.3,SES-2037,2023-10-16,Computer Science,1,Absent
43439,19,Male,Education,7,55.82,2.3,SES-2028,2024-06-25,Computer Science,8,Present
43439,19,Male,Education,7,55.82,2.3,SES-2021,2024-02-26,Social Sciences,4,Absent
43438,21,Male,Education,7,55.82,2.3,SES-2024,2024-06-05,Social Sciences,7,Absent
43434,22,Male,Computer Science,2,58.63,13.0,SES-2005,2024-05-15,Engineering,7,Absent
43434,22,Male,Computer Science,2,58.63,13.0,SES-2025,2023-11-24,Engineering,3,Present
43434,22,Male,Computer Science,2,58.63,13.0,SES-2019,2024-06-21,Engineering,7,Absent
43434,22,Male,Computer Science,2,58.63,13.0,SES-2034,2024-06-24,Social Sciences,8,Present
43429,19,Female,Engineering,1,69.7,5.4,SES-2008,2024-03-04,Computer Science,4,Present
43429,19,Female,Business,6,52.99,10.0,SES-2034,2024-06-24,Social Sciences,8,Present
43427,19,Female,Business,6,52.99,10.0,SES-2003,2023-10-08,Engineering,2,Present
43427,19,Male,Business,6,79.07,6.3,SES-2043,2024-05-18,Education,7,Present
43427,19,Male,Business,6,79.07,6.3,SES-2010,2024-03-24,Business,5,Present
43426,20,Male,Business,6,79.07,6.3,SES-2021,2024-02-26,Social Sciences,4,Present
43426,20,Male,Business,6,79.07,6.3,SES-2044,2024-04-22,Social Sciences,5,Present
43425,22,Male,Business,6,73.05,7.8,SES-2042,2023-12-17,Engineering,3,Present
43425,22,Male,Business,6,73.05,7.8,SES-2037,2023-10-16,Computer Science,1,Present
43425,22,Male,Social Sciences,1,70.34,7.3,SES-2034,2024-06-24,Social Sciences,8,Present
43425,22,Male,Social Sciences,1,70.34,7.3,SES-2033,2023-11-14,Education,2,Present
43425,22,Male,Social Sciences,1,70.34,7.3,SES-2032,2023-11-25,Social Sciences,2,Absent
43424,20,Male,Social Sciences,1,70.34,7.3,SES-2018,2023-11-06,Business,3,Present
43422,19,Female,Computer Science,3,61.63,9.5,SES-2028,2024-06-25,Computer Science,8,Present
43419,23,Male,Business,3,62.41,9.8,SES-2046,2024-02-11,Computer Science,4,Absent
43417,18,Female,Computer Science,5,77.18,12.2,SES-2004,2023-09-23,Engineering,1,Present
43417,18,Female,Computer Science,5,77.18,12.2,SES-2012,2024-04-19,Education,5,Present
43417,18,Female,Computer Science,5,77.18,12.2,SES-2015,2023-11-09,Business,2,Present
43406,20,Female,Engineering,4,52.04,11.7,SES-2049,2024-04-17,Education,6,Present
43406,20,Female,Engineering,4,52.04,11.7,SES-2005,2024-05-15,Engineering,7,Absent
43406,20,Female,Engineering,4,52.04,11.7,SES-2043,2024-05-18,Education,7,Present
43394,23,Female,Computer Science,4,61.31,6.0,SES-2012,2024-04-19,Education,5,Present
43394,23,Female,Computer Science,4,61.31,6.0,SES-2047,2024-02-01,Computer Science,4,Present
43394,23,Female,Computer Science,4,61.31,6.0,SES-2010,2024-03-24,Business,5,Present
43391,23,Male,Business,4,74.84,9.4,SES-2031,2024-07-18,Computer Science,8,Present
43390,22,Male,Business,4,74.84,9.4,SES-2021,2024-02-26,Social Sciences,4,Present
43386,19,Male,Education,4,54.16,6.4,SES-2045,2024-07-04,Education,8,Present
43386,19,Female,Business,1,86.83,9.5,SES-2017,2024-03-23,Computer Science,4,Present
43386,19,Female,Business,1,86.83,9.5,SES-2003,2023-10-08,Engineering,2,Absent
43385,22,Female,Engineering,3,56.6,5.9,SES-2015,2023-11-09,Business,2,Present
43385,22,Female,Engineering,3,56.6,5.9,SES-2043,2024-05-18,Education,7,Absent
43384,17,Male,Social Sciences,7,67.44,2.9,SES-2002,2023-11-02,Computer Science,2,Absent
43384,17,Male,Social Sciences,7,67.44,2.9,SES-2005,2024-05-15,Engineering,7,Absent
43384,17,Male,Social Sciences,7,67.44,2.9,SES-2000,2023-10-24,Social Sciences,2,Absent
43375,20,Male,Engineering,6,63.24,14.0,SES-2007,2024-06-09,Education,7,Present
43374,22,Male,Engineering,6,63.24,14.0,SES-2023,2024-04-21,Business,6,Present
43374,22,Male,Engineering,6,63.24,14.0,SES-2014,2024-03-28,Education,5,Present
43374,22,Male,Engineering,6,63.24,14.0,SES-2026,2024-04-19,Business,5,Present
43373,19,Male,Engineering,6,63.24,14.0,SES-2005,2024-05-15,Engineering,7,Absent
43373,19,Male,Education,3,76.78,12.0,SES-2034,2024-06-24,Social Sciences,8,Present
43373,19,Male,Education,7,67.69,7.3,SES-2044,2024-04-22,Social Sciences,5,Absent
43373,19,Male,Education,7,67.69,7.3,SES-2042,2023-12-17,Engineering,3,Present
43372,17,Male,Education,7,67.69,7.3,SES-2008,2024-03-04,Computer Science,4,Present
43372,17,Male,Education,7,67.69,7.3,SES-2039,2024-02-08,Engineering,4,Absent
43372,17,Male,Engineering,5,94.62,11.6,SES-2038,2023-11-27,Social Sciences,2,Absent
43371,21,Male,Engineering,5,94.62,11.6,SES-2049,2024-04-17,Education,6,Present
43368,17,Male,Education,6,64.11,7.3,SES-2023,2024-04-21,Business,6,Present
43367,23,Male,Education,6,64.11,7.3,SES-2034,2024-06-24,Social Sciences,8,Present
43367,23,Male,Education,6,64.11,7.3,SES-2033,2023-11-14,Education,2,Present
43367,23,Male,Education,6,64.11,7.3,SES-2041,2023-10-05,Business,2,Present
43367,23,Male,Education,6,64.11,7.3,SES-2037,2023-10-16,Computer Science,1,Absent
43367,23,Male,Computer Science,1,69.41,8.6,SES-2016,2024-04-12,Social Sciences,6,Present
43365,22,Male,Computer Science,1,69.41,8.6,SES-2049,2024-04-17,Education,6,Present
43364,24,Male,Computer Science,1,69.41,8.6,SES-2011,2023-11-03,Engineering,2,Present
43362,17,Female,Computer Science,7,65.68,5.6,SES-2003,2023-10-08,Engineering,2,Present
43362,17,Female,Computer Science,7,65.68,5.6,SES-2038,2023-11-27,Social Sciences,2,Absent
43361,23,Female,Computer Science,7,65.68,5.6,SES-2008,2024-03-04,Computer Science,4,Present
43360,25,Male,Business,3,73.42,9.4,SES-2028,2024-06-25,Computer Science,8,Present
43359,22,Male,Business,3,73.42,9.4,SES-2023,2024-04-21,Business,6,Present
43357,20,Female,Education,7,62.16,10.2,SES-2021,2024-02-26,Social Sciences,4,Absent
43357,20,Female,Education,7,62.16,10.2,SES-2006,2024-03-25,Education,5,Present
43356,17,Female,Education,7,62.16,10.2,SES-2039,2024-02-08,Engineering,4,Present
43356,17,Female,Education,7,62.16,10.2,SES-2011,2023-11-03,Engineering,2,Present
43356,17,Female,Education,7,62.16,10.2,SES-2000,2023-10-24,Social Sciences,2,Present
43355,22,Female,Education,4,96.52,14.0,SES-2036,2024-02-12,Education,4,Present
43355,22,Female,Education,4,96.52,14.0,SES-2034,2024-06-24,Social Sciences,8,Present
43355,22,Female,Education,4,96.52,14.0,SES-2049,2024-04-17,Education,6,Present
43355,22,Male,Engineering,2,66.35,7.6,SES-2021,2024-02-26,Social Sciences,4,Present
43354,19,Male,Engineering,2,66.35,7.6,SES-2002,2023-11-02,Computer Science,2,Present
43347,19,Male,Business,6,87.65,4.4,SES-2018,2023-11-06,Business,3,Present
43347,19,Male,Business,6,87.65,4.4,SES-2011,2023-11-03,Engineering,2,Absent
43347,19,Male,Business,6,87.65,4.4,SES-2020,2024-03-27,Computer Science,4,Absent
43344,22,Male,Business,4,44.06,6.1,SES-2036,2024-02-12,Education,4,Absent
43344,22,Male,Engineering,3,58.19,8.8,SES-2037,2023-10-16,Computer Science,1,Present
43344,22,Male,Engineering,3,58.19,8.8,SES-2042,2023-12-17,Engineering,3,Present
43344,22,Male,Engineering,3,58.19,8.8,SES-2024,2024-06-05,Social Sciences,7,Absent
43344,22,Male,Engineering,3,58.19,8.8,SES-2041,2023-10-05,Business,2,Present
43343,23,Male,Computer Science,1,68.49,8.0,SES-2022,2024-06-03,Education,7,Present
43342,18,Male,Computer Science,1,68.49,8.0,SES-2037,2023-10-16,Computer Science,1,Present
43342,18,Male,Computer Science,1,68.49,8.0,SES-2041,2023-10-05,Business,2,Present
43342,18,Female,Business,7,73.99,5.7,SES-2010,2024-03-24,Business,5,Present
43341,22,Female,Business,7,73.99,5.7,SES-2039,2024-02-08,Engineering,4,Present
43341,22,Female,Business,7,73.99,5.7,SES-2029,2023-10-21,Education,2,Present
43341,22,Female,Business,7,73.99,5.7,SES-2002,2023-11-02,Computer Science,2,Present
43340,20,Female,Business,7,73.99,5.7,SES-2011,2023-11-03,Engineering,2,Absent
43339,24,Male,Computer Science,6,67.64,14.2,SES-2016,2024-04-12,Social Sciences,6,Absent
43339,24,Male,Computer Science,6,67.64,14.2,SES-2023,2024-04-21,Business,6,Present
43337,21,Female,Computer Science,5,47.31,7.8,SES-2030,2024-05-13,Business,7,Absent
43337,21,Female,Computer Science,5,47.31,7.8,SES-2012,2024-04-19,Education,5,Absent
43336,24,Male,Social Sciences,1,51.13,6.7,SES-2003,2023-10-08,Engineering,2,Present
43336,24,Male,Social Sciences,1,51.13,6.7,SES-2011,2023-11-03,Engineering,2,Present
43336,24,Male,Social Sciences,1,51.13,6.7,SES-2016,2024-04-12,Social Sciences,6,Present
43336,24,Female,Social Sciences,3,70.81,6.9,SES-2010,2024-03-24,Business,5,Present
43336,24,Female,Social Sciences,3,70.81,6.9,SES-2047,2024-02-01,Computer Science,4,Present
43336,24,Female,Social Sciences,3,70.81,6.9,SES-2031,2024-07-18,Computer Science,8,Present
43331,20,Male,Social Sciences,5,50.67,6.3,SES-2034,2024-06-24,Social Sciences,8,Present
43331,20,Male,Social Sciences,5,50.67,6.3,SES-2038,2023-11-27,Social Sciences,2,Present
43330,17,Male,Social Sciences,5,50.67,6.3,SES-2017,2024-03-23,Computer Science,4,Present
43330,17,Male,Business,8,75.76,6.8,SES-2047,2024-02-01,Computer Science,4,Present
43330,17,Male,Business,8,75.76,6.8,SES-2028,2024-06-25,Computer Science,8,Present
43329,23,Male,Business,8,75.76,6.8,SES-2037,2023-10-16,Computer Science,1,Present
43327,23,Female,Engineering,7,67.13,3.5,SES-2019,2024-06-21,Engineering,7,Present
43327,23,Female,Engineering,7,67.13,3.5,SES-2041,2023-10-05,Business,2,Absent
43327,23,Female,Engineering,7,67.13,3.5,SES-2022,2024-06-03,Education,7,Absent
43325,25,Female,Business,2,65.99,12.9,SES-2012,2024-04-19,Education,5,Present
43325,25,Female,Business,2,65.99,12.9,SES-2045,2024-07-04,Education,8,Present
43325,25,Female,Business,2,65.99,12.9,SES-2008,2024-03-04,Computer Science,4,Present
43324,21,Female,Business,2,65.99,12.9,SES-2040,2023-10-24,Business,2,Present
43324,21,Female,Business,2,65.99,12.9,SES-2017,2024-03-23,Computer Science,4,Present
43323,17,Male,Education,1,74.71,10.6,SES-2010,2024-03-24,Business,5,Present
43323,17,Male,Education,1,74.71,10.6,SES-2005,2024-05-15,Engineering,7,Present
43323,17,Male,Education,1,74.71,10.6,SES-2030,2024-05-13,Business,7,Present
43322,21,Female,Computer Science,3,57.02,5.4,SES-2004,2023-09-23,Engineering,1,Present
43322,21,Female,Computer Science,3,57.02,5.4,SES-2023,2024-04-21,Business,6,Present
43322,21,Female,Computer Science,3,57.02,5.4,SES-2003,2023-10-08,Engineering,2,Present
43318,20,Male,Education,1,47.2,6.7,SES-2000,2023-10-24,Social Sciences,2,Absent
43317,18,Male,Education,1,47.2,6.7,SES-2049,2024-04-17,Education,6,Absent
43316,20,Male,Education,1,47.2,6.7,SES-2047,2024-02-01,Computer Science,4,Absent
43316,20,Male,Education,1,47.2,6.7,SES-2028,2024-06-25,Computer Science,8,Absent
43316,20,Female,Engineering,2,77.93,6.7,SES-2010,2024-03-24,Business,5,Present
43314,21,Female,Education,4,81.7,15.6,SES-2015,2023-11-09,Business,2,Present
43314,21,Female,Education,4,81.7,15.6,SES-2004,2023-09-23,Engineering,1,Present
43314,21,Female,Social Sciences,2,57.79,7.8,SES-2003,2023-10-08,Engineering,2,Present
43314,21,Female,Social Sciences,2,57.79,7.8,SES-2024,2024-06-05,Social Sciences,7,Present
43313,17,Female,Social Sciences,2,57.79,7.8,SES-2046,2024-02-11,Computer Science,4,Present
43313,17,Female,Computer Science,5,62.31,8.1,SES-2003,2023-10-08,Engineering,2,Present
43313,17,Female,Computer Science,5,62.31,8.1,SES-2037,2023-10-16,Computer Science,1,Present
43312,21,Female,Computer Science,5,62.31,8.1,SES-2018,2023-11-06,Business,3,Present
43312,21,Female,Computer Science,5,62.31,8.1,SES-2002,2023-11-02,Computer Science,2,Present
43310,20,Male,Engineering,2,52.69,8.6,SES-2020,2024-03-27,Computer Science,4,Present
43310,20,Male,Engineering,2,52.69,8.6,SES-2042,2023-12-17,Engineering,3,Present
43310,20,Male,Engineering,2,52.69,8.6,SES-2004,2023-09-23,Engineering,1,Absent
43309,21,Male,Engineering,2,52.69,8.6,SES-2011,2023-11-03,Engineering,2,Present
43309,21,Male,Engineering,2,52.69,8.6,SES-2010,2024-03-24,Business,5,Present
43309,21,Male,Education,1,54.96,8.9,SES-2044,2024-04-22,Social Sciences,5,Present
43309,21,Male,Education,1,54.96,8.9,SES-2046,2024-02-11,Computer Science,4,Absent
43308,20,Female,Education,4,46.63,6.9,SES-2013,2023-10-22,Education,2,Present
43307,24,Female,Education,4,46.63,6.9,SES-2025,2023-11-24,Engineering,3,Absent
43307,24,Female,Education,4,46.63,6.9,SES-2047,2024-02-01,Computer Science,4,Absent
43307,24,Female,Education,4,46.63,6.9,SES-2048,2023-09-03,Computer Science,1,Absent
43307,24,Female,Business,8,75.07,7.2,SES-2025,2023-11-24,Engineering,3,Present
43307,24,Female,Business,8,75.07,7.2,SES-2042,2023-12-17,Engineering,3,Present
43306,23,Female,Business,8,75.07,7.2,SES-2035,2023-11-28,Social Sciences,3,Present
43305,19,Female,Business,8,75.07,7.2,SES-2011,2023-11-03,Engineering,2,Present
43303,19,Female,Business,8,75.07,7.2,SES-2047,2024-02-01,Computer Science,4,Present
43300,21,Female,Education,2,55.42,8.1,SES-2033,2023-11-14,Education,2,Present
43300,21,Female,Education,2,55.42,8.1,SES-2018,2023-11-06,Business,3,Present
43300,21,Male,Engineering,6,75.94,1.5,SES-2047,2024-02-01,Computer Science,4,Absent
43300,21,Male,Engineering,6,75.94,1.5,SES-2015,2023-11-09,Business,2,Absent
43300,21,Male,Engineering,6,75.94,1.5,SES-2006,2024-03-25,Education,5,Absent
43299,23,Male,Engineering,6,75.94,1.5,SES-2013,2023-10-22,Education,2,Absent
43297,20,Female,Computer Science,4,64.04,7.1,SES-2002,2023-11-02,Computer Science,2,Present
43297,20,Female,Computer Science,4,64.04,7.1,SES-2031,2024-07-18,Computer Science,8,Present
43296,17,Female,Computer Science,4,64.04,7.1,SES-2012,2024-04-19,Education,5,Present
43296,17,Female,Computer Science,4,64.04,7.1,SES-2030,2024-05-13,Business,7,Present
43296,17,Female,Computer Science,4,64.04,7.1,SES-2006,2024-03-25,Education,5,Present
43296,17,Female,Engineering,1,76.07,10.3,SES-2010,2024-03-24,Business,5,Present
43296,17,Female,Engineering,1,76.07,10.3,SES-2008,2024-03-04,Computer Science,4,Present
43294,19,Female,Engineering,1,76.07,10.3,SES-2016,2024-04-12,Social Sciences,6,Present
43294,19,Female,Engineering,6,95.38,11.4,SES-2005,2024-05-15,Engineering,7,Present
43294,19,Female,Engineering,6,95.38,11.4,SES-2028,2024-06-25,Computer Science,8,Present
43289,22,Male,Social Sciences,3,67.11,7.0,SES-2028,2024-06-25,Computer Science,8,Present
43289,22,Male,Social Sciences,3,67.11,7.0,SES-2037,2023-10-16,Computer Science,1,Present
43289,22,Male,Social Sciences,3,67.11,7.0,SES-2038,2023-11-27,Social Sciences,2,Present
43289,22,Male,Social Sciences,3,67.11,7.0,SES-2030,2024-05-13,Business,7,Present
43287,22,Male,Business,8,72.15,9.8,SES-2025,2023-11-24,Engineering,3,Present
43287,22,Male,Business,8,72.15,9.8,SES-2049,2024-04-17,Education,6,Present
43284,17,Female,Education,7,47.45,7.7,SES-2012,2024-04-19,Education,5,Absent
43284,17,Female,Education,7,47.45,7.7,SES-2044,2024-04-22,Social Sciences,5,Absent
43282,22,Female,Education,7,47.45,7.7,SES-2011,2023-11-03,Engineering,2,Absent
43282,22,Female,Education,7,47.45,7.7,SES-2039,2024-02-08,Engineering,4,Absent
43282,22,Female,Education,7,47.45,7.7,SES-2019,2024-06-21,Engineering,7,Present
43279,17,Male,Social Sciences,6,77.85,9.7,SES-2028,2024-06-25,Computer Science,8,Present
43279,17,Male,Social Sciences,6,77.85,9.7,SES-2040,2023-10-24,Business,2,Present
43279,17,Female,Engineering,1,72.14,12.6,SES-2020,2024-03-27,Computer Science,4,Present
43279,17,Female,Engineering,1,72.14,12.6,SES-2043,2024-05-18,Education,7,Present
43278,23,Female,Engineering,1,72.14,12.6,SES-2001,2024-02-05,Computer Science,4,Present
43278,23,Female,Engineering,1,72.14,12.6,SES-2047,2024-02-01,Computer Science,4,Present
43277,22,Male,Social Sciences,6,39.18,8.8,SES-2011,2023-11-03,Engineering,2,Absent
43277,22,Male,Social Sciences,6,39.18,8.8,SES-2022,2024-06-03,Education,7,Absent
43277,22,Male,Social Sciences,6,39.18,8.8,SES-2030,2024-05-13,Business,7,Present
43277,22,Male,Business,2,61.1,12.8,SES-2036,2024-02-12,Education,4,Present
43276,18,Male,Business,2,61.1,12.8,SES-2016,2024-04-12,Social Sciences,6,Absent
43276,18,Male,Business,2,61.1,12.8,SES-2024,2024-06-05,Social Sciences,7,Present
43274,22,Male,Business,2,61.1,12.8,SES-2042,2023-12-17,Engineering,3,Present
43274,22,Male,Social Sciences,7,61.82,5.4,SES-2021,2024-02-26,Social Sciences,4,Present
43274,22,Male,Social Sciences,7,61.82,5.4,SES-2015,2023-11-09,Business,2,Absent
43273,18,Female,Computer Science,5,81.1,7.8,SES-2044,2024-04-22,Social Sciences,5,Present
43273,18,Female,Computer Science,5,81.1,7.8,SES-2000,2023-10-24,Social Sciences,2,Absent
43273,18,Female,Computer Science,5,81.1,7.8,SES-2002,2023-11-02,Computer Science,2,Present
43272,21,Female,Computer Science,5,81.1,7.8,SES-2032,2023-11-25,Social Sciences,2,Present
43272,21,Female,Computer Science,5,81.1,7.8,SES-2048,2023-09-03,Computer Science,1,Present
43271,23,Female,Computer Science,4,70.75,6.7,SES-2036,2024-02-12,Education,4,Present
43271,23,Male,Computer Science,8,65.46,10.2,SES-2002,2023-11-02,Computer Science,2,Present
43270,20,Male,Computer Science,8,65.46,10.2,SES-2046,2024-02-11,Computer Science,4,Present
43270,20,Male,Computer Science,8,65.46,10.2,SES-2029,2023-10-21,Education,2,Present
43269,21,Male,Computer Science,8,65.46,10.2,SES-2030,2024-05-13,Business,7,Present
43269,21,Male,Business,1,72.35,6.2,SES-2048,2023-09-03,Computer Science,1,Present
43267,26,Male,Business,1,72.35,6.2,SES-2015,2023-11-09,Business,2,Present
43262,23,Female,Education,5,44.65,9.1,SES-2003,2023-10-08,Engineering,2,Absent
43262,23,Female,Education,5,44.65,9.1,SES-2017,2024-03-23,Computer Science,4,Present
43262,23,Female,Education,5,44.65,9.1,SES-2000,2023-10-24,Social Sciences,2,Present
43254,21,Male,Computer Science,5,54.73,5.7,SES-2030,2024-05-13,Business,7,Present
43253,19,Male,Computer Science,5,54.73,5.7,SES-2003,2023-10-08,Engineering,2,Present
43253,19,Male,Computer Science,5,54.73,5.7,SES-2036,2024-02-12,Education,4,Present
43253,19,Male,Social Sciences,7,52.42,5.2,SES-2008,2024-03-04,Computer Science,4,Absent
43252,23,Female,Computer Science,2,64.12,9.4,SES-2016,2024-04-12,Social Sciences,6,Present
43252,23,Female,Computer Science,2,64.12,9.4,SES-2025,2023-11-24,Engineering,3,Present
43251,20,Female,Computer Science,2,64.12,9.4,SES-2006,2024-03-25,Education,5,Present
43247,20,Male,Engineering,8,65.77,6.4,SES-2033,2023-11-14,Education,2,Present
43247,20,Male,Engineering,8,65.77,6.4,SES-2049,2024-04-17,Education,6,Present
43247,20,Female,Education,2,53.04,9.1,SES-2034,2024-06-24,Social Sciences,8,Present
43247,20,Female,Education,2,53.04,9.1,SES-2046,2024-02-11,Computer Science,4,Absent
43247,20,Female,Education,2,53.04,9.1,SES-2023,2024-04-21,Business,6,Absent
43246,18,Female,Engineering,3,64.98,8.6,SES-2013,2023-10-22,Education,2,Present
43246,18,Female,Engineering,3,64.98,8.6,SES-2014,2024-03-28,Education,5,Present
43245,23,Female,Engineering,3,64.98,8.6,SES-2015,2023-11-09,Business,2,Present
43244,22,Female,Engineering,3,64.98,8.6,SES-2036,2024-02-12,Education,4,Present
43244,22,Female,Education,1,64.93,4.5,SES-2002,2023-11-02,Computer Science,2,Absent
43243,20,Female,Computer Science,3,79.33,9.3,SES-2033,2023-11-14,Education,2,Present
43242,20,Female,Computer Science,3,79.33,9.3,SES-2002,2023-11-02,Computer Science,2,Present
43242,20,Female,Computer Science,3,79.33,9.3,SES-2027,2024-04-05,Engineering,6,Present
43242,20,Female,Computer Science,3,79.33,9.3,SES-2029,2023-10-21,Education,2,Present
43240,22,Male,Engineering,7,76.81,14.4,SES-2015,2023-11-09,Business,2,Present
43240,22,Male,Social Sciences,8,81.84,15.3,SES-2010,2024-03-24,Business,5,Absent
43240,22,Male,Social Sciences,8,81.84,15.3,SES-2004,2023-09-23,Engineering,1,Present
43240,22,Male,Social Sciences,8,81.84,15.3,SES-2005,2024-05-15,Engineering,7,Present
43240,22,Male,Social Sciences,8,81.84,15.3,SES-2031,2024-07-18,Computer Science,8,Present
43239,21,Female,Engineering,3,49.34,8.1,SES-2049,2024-04-17,Education,6,Absent
43239,21,Female,Engineering,3,49.34,8.1,SES-2036,2024-02-12,Education,4,Present
43239,21,Male,Computer Science,4,63.42,9.5,SES-2015,2023-11-09,Business,2,Absent
43234,22,Male,Business,7,67.34,7.6,SES-2012,2024-04-19,Education,5,Absent
43234,22,Male,Business,7,67.34,7.6,SES-2046,2024-02-11,Computer Science,4,Present
43234,22,Male,Business,7,67.34,7.6,SES-2007,2024-06-09,Education,7,Present
43232,18,Male,Business,7,55.09,7.4,SES-2047,2024-02-01,Computer Science,4,Present
43232,18,Male,Business,7,55.09,7.4,SES-2031,2024-07-18,Computer Science,8,Present
43231,23,Male,Computer Science,4,39.63,9.8,SES-2033,2023-11-14,Education,2,Present
43231,23,Male,Computer Science,4,39.63,9.8,SES-2041,2023-10-05,Business,2,Absent
43231,23,Male,Computer Science,4,39.63,9.8,SES-2028,2024-06-25,Computer Science,8,Absent
43230,23,Male,Engineering,4,52.75,10.7,SES-2017,2024-03-23,Computer Science,4,Present
43229,26,Male,Engineering,5,73.35,10.7,SES-2012,2024-04-19,Education,5,Absent
43229,26,Male,Engineering,5,73.35,10.7,SES-2004,2023-09-23,Engineering,1,Present
43229,26,Male,Engineering,5,73.35,10.7,SES-2038,2023-11-27,Social Sciences,2,Absent
43229,26,Male,Engineering,5,73.35,10.7,SES-2017,2024-03-23,Computer Science,4,Present
43227,21,Female,Business,3,72.5,9.2,SES-2028,2024-06-25,Computer Science,8,Present
43218,25,Female,Engineering,1,46.28,5.0,SES-2013,2023-10-22,Education,2,Absent
43218,25,Female,Engineering,1,46.28,5.0,SES-2014,2024-03-28,Education,5,Present
43218,25,Female,Engineering,1,46.28,5.0,SES-2029,2023-10-21,Education,2,Present
43218,25,Female,Engineering,1,46.28,5.0,SES-2021,2024-02-26,Social Sciences,4,Absent
43218,25,Male,Social Sciences,4,66.05,5.8,SES-2014,2024-03-28,Education,5,Present
43216,23,Male,Social Sciences,4,66.05,5.8,SES-2006,2024-03-25,Education,5,Absent
43215,21,Female,Engineering,2,59.57,8.9,SES-2015,2023-11-09,Business,2,Absent
43214,20,Female,Engineering,2,59.57,8.9,SES-2036,2024-02-12,Education,4,Present
43214,20,Female,Engineering,2,59.57,8.9,SES-2010,2024-03-24,Business,5,Present
43212,19,Male,Business,7,64.65,6.3,SES-2013,2023-10-22,Education,2,Present
43212,19,Male,Business,7,64.65,6.3,SES-2040,2023-10-24,Business,2,Present
43212,19,Female,Social Sciences,2,63.86,6.5,SES-2033,2023-11-14,Education,2,Present
43210,21,Male,Engineering,8,63.49,10.9,SES-2023,2024-04-21,Business,6,Absent
43210,21,Male,Engineering,8,63.49,10.9,SES-2034,2024-06-24,Social Sciences,8,Present
43210,21,Male,Engineering,8,63.49,10.9,SES-2025,2023-11-24,Engineering,3,Present
43209,21,Female,Engineering,6,50.64,8.3,SES-2030,2024-05-13,Business,7,Present
43209,21,Female,Engineering,6,50.64,8.3,SES-2027,2024-04-05,Engineering,6,Present
43209,21,Female,Engineering,6,50.64,8.3,SES-2014,2024-03-28,Education,5,Absent
43205,18,Male,Computer Science,5,90.04,9.1,SES-2003,2023-10-08,Engineering,2,Present
43205,18,Male,Computer Science,5,90.04,9.1,SES-2040,2023-10-24,Business,2,Present
43205,18,Male,Computer Science,5,90.04,9.1,SES-2011,2023-11-03,Engineering,2,Present
43202,20,Male,Business,3,53.98,6.8,SES-2027,2024-04-05,Engineering,6,Present
43200,22,Female,Business,7,83.77,13.6,SES-2004,2023-09-23,Engineering,1,Present
43200,22,Female,Business,7,83.77,13.6,SES-2038,2023-11-27,Social Sciences,2,Present
43198,24,Female,Business,7,83.77,13.6,SES-2017,2024-03-23,Computer Science,4,Present
43198,24,Male,Social Sciences,1,62.76,3.3,SES-2036,2024-02-12,Education,4,Absent
43198,24,Male,Social Sciences,1,62.76,3.3,SES-2028,2024-06-25,Computer Science,8,Absent
43195,20,Female,Computer Science,3,73.92,7.9,SES-2028,2024-06-25,Computer Science,8,Present
43195,20,Female,Education,4,69.66,10.7,SES-2023,2024-04-21,Business,6,Absent
43195,20,Female,Education,4,69.66,10.7,SES-2034,2024-06-24,Social Sciences,8,Absent
43194,19,Female,Education,4,69.66,10.7,SES-2030,2024-05-13,Business,7,Present
43194,19,Female,Education,4,69.66,10.7,SES-2044,2024-04-22,Social Sciences,5,Present
43194,19,Female,Education,4,69.66,10.7,SES-2002,2023-11-02,Computer Science,2,Present
43192,19,Female,Engineering,1,62.41,8.5,SES-2036,2024-02-12,Education,4,Present
43191,23,Female,Engineering,1,62.41,8.5,SES-2048,2023-09-03,Computer Science,1,Present
43190,18,Male,Engineering,4,61.99,8.9,SES-2012,2024-04-19,Education,5,Absent
43189,23,Male,Engineering,4,61.99,8.9,SES-2002,2023-11-02,Computer Science,2,Absent
43189,23,Female,Social Sciences,5,77.86,9.3,SES-2000,2023-10-24,Social Sciences,2,Absent
43188,22,Female,Social Sciences,5,77.86,9.3,SES-2049,2024-04-17,Education,6,Present
43188,22,Female,Computer Science,1,73.69,8.5,SES-2034,2024-06-24,Social Sciences,8,Present
43188,22,Female,Computer Science,1,73.69,8.5,SES-2018,2023-11-06,Business,3,Present
43188,22,Female,Computer Science,1,73.69,8.5,SES-2033,2023-11-14,Education,2,Present
43186,24,Female,Social Sciences,4,65.65,8.0,SES-2046,2024-02-11,Computer Science,4,Present
43186,24,Female,Social Sciences,4,65.65,8.0,SES-2039,2024-02-08,Engineering,4,Absent
43184,18,Male,Computer Science,8,85.05,11.7,SES-2016,2024-04-12,Social Sciences,6,Present
43184,18,Female,Business,3,77.99,10.0,SES-2030,2024-05-13,Business,7,Present
43184,18,Female,Business,3,77.99,10.0,SES-2010,2024-03-24,Business,5,Present
43184,18,Female,Business,3,77.99,10.0,SES-2020,2024-03-27,Computer Science,4,Absent
43183,19,Female,Business,3,77.99,10.0,SES-2015,2023-11-09,Business,2,Absent
43182,22,Female,Business,3,77.99,10.0,SES-2002,2023-11-02,Computer Science,2,Present
43182,22,Female,Education,3,67.74,4.2,SES-2028,2024-06-25,Computer Science,8,Present
43180,23,Female,Education,3,67.74,4.2,SES-2015,2023-11-09,Business,2,Absent
43178,18,Male,Business,4,78.36,11.1,SES-2031,2024-07-18,Computer Science,8,Present
43178,18,Male,Business,4,78.36,11.1,SES-2048,2023-09-03,Computer Science,1,Present
43178,18,Female,Social Sciences,1,75.98,10.7,SES-2043,2024-05-18,Education,7,Present
43177,20,Female,Social Sciences,1,75.98,10.7,SES-2036,2024-02-12,Education,4,Present
43177,20,Female,Engineering,7,80.39,4.7,SES-2036,2024-02-12,Education,4,Absent
43177,20,Female,Engineering,7,80.39,4.7,SES-2024,2024-06-05,Social Sciences,7,Present
43176,22,Female,Engineering,7,80.39,4.7,SES-2042,2023-12-17,Engineering,3,Present
43176,22,Female,Engineering,7,80.39,4.7,SES-2033,2023-11-14,Education,2,Absent
43176,22,Female,Engineering,7,80.39,4.7,SES-2022,2024-06-03,Education,7,Absent
43176,22,Female,Business,3,58.16,8.5,SES-2041,2023-10-05,Business,2,Present
43176,22,Female,Business,3,58.16,8.5,SES-2014,2024-03-28,Education,5,Present
43174,18,Female,Business,3,58.16,8.5,SES-2025,2023-11-24,Engineering,3,Present
43171,25,Female,Engineering,3,74.83,11.0,SES-2018,2023-11-06,Business,3,Present
43171,25,Female,Engineering,3,74.83,11.0,SES-2010,2024-03-24,Business,5,Present
43171,25,Female,Engineering,3,74.83,11.0,SES-2043,2024-05-18,Education,7,Absent
43165,21,Female,Engineering,7,63.06,11.7,SES-2032,2023-11-25,Social Sciences,2,Present
43165,21,Female,Engineering,7,63.06,11.7,SES-2001,2024-02-05,Computer Science,4,Present
43163,19,Male,Engineering,3,55.68,14.4,SES-2010,2024-03-24,Business,5,Present
43161,19,Male,Engineering,3,71.75,11.8,SES-2009,2024-05-12,Social Sciences,7,Present
43158,23,Female,Computer Science,7,62.38,12.2,SES-2047,2024-02-01,Computer Science,4,Present
43158,23,Female,Computer Science,7,62.38,12.2,SES-2021,2024-02-26,Social Sciences,4,Present
43157,18,Female,Computer Science,7,62.38,12.2,SES-2006,2024-03-25,Education,5,Present
43157,18,Female,Computer Science,7,62.38,12.2,SES-2042,2023-12-17,Engineering,3,Present
43157,18,Male,Computer Science,5,52.65,9.4,SES-2009,2024-05-12,Social Sciences,7,Present
43157,18,Male,Computer Science,5,52.65,9.4,SES-2030,2024-05-13,Business,7,Present
43157,18,Male,Computer Science,5,52.65,9.4,SES-2023,2024-04-21,Business,6,Absent
43157,18,Female,Business,8,64.83,12.5,SES-2017,2024-03-23,Computer Science,4,Present
43156,22,Male,Computer Science,6,49.56,8.2,SES-2005,2024-05-15,Engineering,7,Absent
43156,22,Male,Computer Science,6,49.56,8.2,SES-2001,2024-02-05,Computer Science,4,Absent
43156,22,Male,Computer Science,6,49.56,8.2,SES-2043,2024-05-18,Education,7,Absent
43156,22,Male,Computer Science,6,49.56,8.2,SES-2017,2024-03-23,Computer Science,4,Present
43152,21,Female,Business,1,48.27,6.0,SES-2004,2023-09-23,Engineering,1,Absent
43152,21,Female,Business,1,48.27,6.0,SES-2010,2024-03-24,Business,5,Absent
43151,20,Female,Engineering,1,71.26,10.0,SES-2025,2023-11-24,Engineering,3,Present
43149,23,Female,Engineering,1,71.26,10.0,SES-2006,2024-03-25,Education,5,Present
43148,22,Male,Business,4,74.83,10.3,SES-2040,2023-10-24,Business,2,Present
43147,17,Male,Education,7,51.35,15.2,SES-2033,2023-11-14,Education,2,Present
43145,19,Male,Education,7,51.35,15.2,SES-2040,2023-10-24,Business,2,Present
43145,19,Male,Education,7,51.35,15.2,SES-2021,2024-02-26,Social Sciences,4,Present
43145,19,Male,Education,7,51.35,15.2,SES-2031,2024-07-18,Computer Science,8,Absent
43144,18,Female,Computer Science,8,71.87,7.0,SES-2037,2023-10-16,Computer Science,1,Present
43144,18,Female,Computer Science,8,71.87,7.0,SES-2024,2024-06-05,Social Sciences,7,Present
43143,20,Female,Computer Science,8,71.87,7.0,SES-2022,2024-06-03,Education,7,Present
43143,20,Female,Computer Science,8,71.87,7.0,SES-2015,2023-11-09,Business,2,Present
43143,20,Male,Education,3,73.32,9.7,SES-2015,2023-11-09,Business,2,Present
43143,20,Male,Education,3,73.32,9.7,SES-2022,2024-06-03,Education,7,Present
43142,18,Male,Education,3,73.32,9.7,SES-2004,2023-09-23,Engineering,1,Present
43141,20,Female,Computer Science,4,67.14,7.7,SES-2011,2023-11-03,Engineering,2,Present
43141,20,Female,Computer Science,4,67.14,7.7,SES-2037,2023-10-16,Computer Science,1,Present
43141,20,Female,Computer Science,4,67.14,7.7,SES-2036,2024-02-12,Education,4,Present
43140,18,Female,Computer Science,4,67.14,7.7,SES-2023,2024-04-21,Business,6,Present
43139,21,Female,Engineering,3,51.22,1.4,SES-2017,2024-03-23,Computer Science,4,Absent
43139,21,Female,Engineering,3,51.22,1.4,SES-2040,2023-10-24,Business,2,Absent
43138,22,Female,Engineering,3,51.22,1.4,SES-2008,2024-03-04,Computer Science,4,Absent
43135,19,Male,Business,7,66.22,8.6,SES-2029,2023-10-21,Education,2,Present
43135,19,Male,Business,7,66.22,8.6,SES-2001,2024-02-05,Computer Science,4,Present
43135,19,Male,Business,7,66.22,8.6,SES-2006,2024-03-25,Education,5,Absent
43135,19,Male,Business,7,66.22,8.6,SES-2015,2023-11-09,Business,2,Present
43134,24,Male,Business,7,66.22,8.6,SES-2043,2024-05-18,Education,7,Present
43133,23,Male,Engineering,3,58.51,4.4,SES-2035,2023-11-28,Social Sciences,3,Absent
43133,23,Male,Engineering,3,58.51,4.4,SES-2046,2024-02-11,Computer Science,4,Absent
43133,23,Female,Business,1,73.11,9.1,SES-2002,2023-11-02,Computer Science,2,Absent
43133,23,Female,Business,1,73.11,9.1,SES-2030,2024-05-13,Business,7,Present
43133,23,Female,Business,1,73.11,9.1,SES-2001,2024-02-05,Computer Science,4,Present
43133,23,Female,Business,1,73.11,9.1,SES-2020,2024-03-27,Computer Science,4,Present
43126,20,Male,Education,7,78.35,11.6,SES-2033,2023-11-14,Education,2,Absent
43125,23,Male,Education,7,78.35,11.6,SES-2005,2024-05-15,Engineering,7,Absent
43125,23,Male,Education,7,78.35,11.6,SES-2021,2024-02-26,Social Sciences,4,Present
43125,23,Male,Education,7,78.35,11.6,SES-2020,2024-03-27,Computer Science,4,Present
43124,21,Male,Education,8,65.1,11.1,SES-2013,2023-10-22,Education,2,Present
43124,21,Male,Education,8,65.1,11.1,SES-2035,2023-11-28,Social Sciences,3,Present
43123,20,Male,Education,8,65.1,11.1,SES-2019,2024-06-21,Engineering,7,Present
43121,22,Male,Education,8,65.1,11.1,SES-2024,2024-06-05,Social Sciences,7,Present
43121,22,Male,Social Sciences,3,83.54,6.5,SES-2045,2024-07-04,Education,8,Absent
43121,22,Male,Social Sciences,3,83.54,6.5,SES-2012,2024-04-19,Education,5,Present
43121,22,Male,Social Sciences,3,83.54,6.5,SES-2027,2024-04-05,Engineering,6,Absent
43121,22,Male,Social Sciences,3,83.54,6.5,SES-2025,2023-11-24,Engineering,3,Present
43121,22,Male,Social Sciences,3,83.54,6.5,SES-2039,2024-02-08,Engineering,4,Present
43121,22,Male,Social Sciences,3,82.34,7.6,SES-2041,2023-10-05,Business,2,Present
43121,22,Male,Social Sciences,3,82.34,7.6,SES-2031,2024-07-18,Computer Science,8,Present
43120,26,Female,Engineering,7,57.0,9.5,SES-2001,2024-02-05,Computer Science,4,Present
43120,26,Female,Engineering,7,57.0,9.5,SES-2012,2024-04-19,Education,5,Present
43119,21,Female,Engineering,7,57.0,9.5,SES-2019,2024-06-21,Engineering,7,Present
43119,21,Male,Education,8,77.92,13.5,SES-2014,2024-03-28,Education,5,Present
43117,26,Male,Computer Science,7,59.21,5.1,SES-2033,2023-11-14,Education,2,Present
43116,22,Male,Computer Science,7,59.21,5.1,SES-2035,2023-11-28,Social Sciences,3,Present
43116,22,Male,Computer Science,7,59.21,5.1,SES-2030,2024-05-13,Business,7,Present
43116,22,Male,Computer Science,7,59.21,5.1,SES-2027,2024-04-05,Engineering,6,Absent
43116,22,Female,Social Sciences,1,57.53,4.5,SES-2017,2024-03-23,Computer Science,4,Absent
43115,18,Female,Social Sciences,1,57.53,4.5,SES-2034,2024-06-24,Social Sciences,8,Absent
43115,18,Female,Education,2,55.3,8.1,SES-2034,2024-06-24,Social Sciences,8,Absent
43115,18,Female,Education,2,55.3,8.1,SES-2040,2023-10-24,Business,2,Present
43114,19,Female,Computer Science,4,63.93,6.5,SES-2004,2023-09-23,Engineering,1,Present
43114,19,Female,Computer Science,4,63.93,6.5,SES-2001,2024-02-05,Computer Science,4,Present
43112,25,Male,Education,1,51.88,8.9,SES-2008,2024-03-04,Computer Science,4,Present
43111,22,Male,Education,1,51.88,8.9,SES-2048,2023-09-03,Computer Science,1,Present
43110,22,Male,Education,1,51.88,8.9,SES-2044,2024-04-22,Social Sciences,5,Present
43110,22,Male,Education,1,51.88,8.9,SES-2015,2023-11-09,Business,2,Absent
43108,20,Male,Education,1,51.88,8.9,SES-2031,2024-07-18,Computer Science,8,Present
43105,20,Female,Business,6,91.09,12.6,SES-2025,2023-11-24,Engineering,3,Present
43105,20,Male,Education,3,71.25,15.5,SES-2025,2023-11-24,Engineering,3,Present
43105,20,Male,Education,3,71.25,15.5,SES-2009,2024-05-12,Social Sciences,7,Present
43105,20,Male,Education,3,71.25,15.5,SES-2042,2023-12-17,Engineering,3,Present
43105,20,Male,Education,3,71.25,15.5,SES-2035,2023-11-28,Social Sciences,3,Present
43104,17,Male,Education,3,71.25,15.5,SES-2014,2024-03-28,Education,5,Present
43102,17,Male,Business,8,63.69,12.4,SES-2023,2024-04-21,Business,6,Present
43102,17,Male,Business,8,63.69,12.4,SES-2027,2024-04-05,Engineering,6,Present
43101,19,Male,Business,8,63.69,12.4,SES-2000,2023-10-24,Social Sciences,2,Present
43100,20,Male,Business,2,63.4,2.9,SES-2014,2024-03-28,Education,5,Absent
43100,20,Male,Business,2,63.4,2.9,SES-2037,2023-10-16,Computer Science,1,Absent
43099,22,Female,Computer Science,3,80.39,6.6,SES-2047,2024-02-01,Computer Science,4,Present
43099,22,Female,Computer Science,3,80.39,6.6,SES-2033,2023-11-14,Education,2,Absent
43099,22,Female,Computer Science,3,80.39,6.6,SES-2030,2024-05-13,Business,7,Present
43099,22,Female,Computer Science,3,80.39,6.6,SES-2023,2024-04-21,Business,6,Present
43099,22,Female,Computer Science,3,80.39,6.6,SES-2041,2023-10-05,Business,2,Present
43099,22,Male,Computer Science,3,77.91,7.4,SES-2034,2024-06-24,Social Sciences,8,Present
43099,22,Male,Computer Science,3,77.91,7.4,SES-2026,2024-04-19,Business,5,Present
43098,20,Male,Computer Science,3,77.91,7.4,SES-2014,2024-03-28,Education,5,Present
43098,20,Male,Engineering,7,49.77,5.3,SES-2047,2024-02-01,Computer Science,4,Absent
43095,21,Female,Social Sciences,3,57.84,3.4,SES-2004,2023-09-23,Engineering,1,Absent
43095,21,Female,Social Sciences,3,57.84,3.4,SES-2000,2023-10-24,Social Sciences,2,Absent
43089,20,Male,Social Sciences,2,62.38,9.3,SES-2003,2023-10-08,Engineering,2,Absent
43089,20,Male,Social Sciences,2,62.38,9.3,SES-2001,2024-02-05,Computer Science,4,Present
43088,21,Male,Education,5,56.71,7.4,SES-2035,2023-11-28,Social Sciences,3,Absent
43087,22,Male,Education,5,56.71,7.4,SES-2031,2024-07-18,Computer Science,8,Present
43087,22,Male,Education,5,56.71,7.4,SES-2026,2024-04-19,Business,5,Present
43080,22,Male,Computer Science,4,88.24,12.3,SES-2008,2024-03-04,Computer Science,4,Present
43078,24,Male,Computer Science,4,88.24,12.3,SES-2044,2024-04-22,Social Sciences,5,Present
43077,19,Male,Computer Science,4,88.24,12.3,SES-2034,2024-06-24,Social Sciences,8,Present
43074,20,Female,Computer Science,5,57.91,11.7,SES-2032,2023-11-25,Social Sciences,2,Present
43073,21,Female,Computer Science,5,57.91,11.7,SES-2036,2024-02-12,Education,4,Present
43073,21,Female,Computer Science,5,57.91,11.7,SES-2031,2024-07-18,Computer Science,8,Absent
43073,21,Female,Computer Science,5,57.91,11.7,SES-2005,2024-05-15,Engineering,7,Present
43073,21,Female,Computer Science,5,57.91,11.7,SES-2042,2023-12-17,Engineering,3,Present
43072,19,Male,Engineering,7,62.25,10.3,SES-2018,2023-11-06,Business,3,Present
43072,19,Male,Engineering,7,62.25,10.3,SES-2022,2024-06-03,Education,7,Present
43072,19,Male,Engineering,7,62.25,10.3,SES-2002,2023-11-02,Computer Science,2,Present
43072,19,Male,Engineering,7,62.25,10.3,SES-2033,2023-11-14,Education,2,Present
43070,21,Male,Engineering,3,57.59,5.4,SES-2029,2023-10-21,Education,2,Present
43070,21,Male,Engineering,3,57.59,5.4,SES-2042,2023-12-17,Engineering,3,Present
43070,21,Female,Education,1,60.63,8.6,SES-2006,2024-03-25,Education,5,Present
43069,25,Male,Education,2,50.2,4.5,SES-2013,2023-10-22,Education,2,Absent
43069,25,Male,Education,2,50.2,4.5,SES-2036,2024-02-12,Education,4,Absent
43068,19,Male,Engineering,4,67.13,7.9,SES-2043,2024-05-18,Education,7,Absent
43068,19,Male,Engineering,4,67.13,7.9,SES-2002,2023-11-02,Computer Science,2,Present
43062,21,Female,Computer Science,2,74.69,8.5,SES-2029,2023-10-21,Education,2,Present
43062,21,Female,Computer Science,2,74.69,8.5,SES-2027,2024-04-05,Engineering,6,Present
43053,22,Female,Computer Science,6,65.92,6.3,SES-2005,2024-05-15,Engineering,7,Absent
43053,22,Female,Computer Science,6,65.92,6.3,SES-2019,2024-06-21,Engineering,7,Present
43053,22,Female,Computer Science,6,65.92,6.3,SES-2014,2024-03-28,Education,5,Present
43053,22,Female,Computer Science,6,65.92,6.3,SES-2045,2024-07-04,Education,8,Absent
43045,21,Male,Social Sciences,7,64.81,7.6,SES-2041,2023-10-05,Business,2,Absent
43045,21,Female,Business,1,58.97,10.8,SES-2024,2024-06-05,Social Sciences,7,Present
43045,21,Female,Education,7,77.18,6.7,SES-2004,2023-09-23,Engineering,1,Present
43045,21,Female,Education,7,77.18,6.7,SES-2037,2023-10-16,Computer Science,1,Present
43044,25,Male,Social Sciences,1,58.22,10.0,SES-2003,2023-10-08,Engineering,2,Present
43044,25,Male,Social Sciences,1,58.22,10.0,SES-2000,2023-10-24,Social Sciences,2,Present
43044,25,Male,Social Sciences,1,58.22,10.0,SES-2045,2024-07-04,Education,8,Absent
43043,19,Male,Social Sciences,1,58.22,10.0,SES-2012,2024-04-19,Education,5,Absent
43043,19,Female,Engineering,7,69.78,9.1,SES-2006,2024-03-25,Education,5,Absent
43041,18,Female,Engineering,6,57.66,7.2,SES-2010,2024-03-24,Business,5,Absent
43041,18,Male,Engineering,1,81.81,9.2,SES-2043,2024-05-18,Education,7,Present
43040,21,Male,Engineering,1,81.81,9.2,SES-2046,2024-02-11,Computer Science,4,Present
43036,22,Male,Engineering,1,81.81,9.2,SES-2015,2023-11-09,Business,2,Present
43035,21,Male,Engineering,1,81.81,9.2,SES-2033,2023-11-14,Education,2,Present
43034,23,Female,Engineering,6,72.12,7.3,SES-2013,2023-10-22,Education,2,Present
43034,23,Female,Engineering,6,72.12,7.3,SES-2003,2023-10-08,Engineering,2,Absent
43034,23,Female,Engineering,6,72.12,7.3,SES-2021,2024-02-26,Social Sciences,4,Absent
43032,21,Female,Education,5,75.69,6.5,SES-2004,2023-09-23,Engineering,1,Present
43032,21,Male,Computer Science,4,61.71,12.0,SES-2037,2023-10-16,Computer Science,1,Present
43031,24,Male,Education,1,51.45,6.4,SES-2019,2024-06-21,Engineering,7,Present
43031,24,Male,Education,1,51.45,6.4,SES-2009,2024-05-12,Social Sciences,7,Present
43031,24,Male,Education,1,51.45,6.4,SES-2013,2023-10-22,Education,2,Present
43027,24,Female,Engineering,3,49.19,4.8,SES-2048,2023-09-03,Computer Science,1,Absent
43027,24,Female,Engineering,3,49.19,4.8,SES-2025,2023-11-24,Engineering,3,Absent
43027,24,Female,Engineering,3,49.19,4.8,SES-2046,2024-02-11,Computer Science,4,Present
43024,21,Male,Social Sciences,2,62.69,7.0,SES-2047,2024-02-01,Computer Science,4,Absent
43024,21,Male,Social Sciences,2,62.69,7.0,SES-2007,2024-06-09,Education,7,Absent
43024,21,Male,Social Sciences,2,62.69,7.0,SES-2042,2023-12-17,Engineering,3,Present
43023,20,Male,Social Sciences,2,62.69,7.0,SES-2038,2023-11-27,Social Sciences,2,Present
43017,19,Male,Computer Science,5,72.87,15.2,SES-2001,2024-02-05,Computer Science,4,Present
43017,19,Male,Computer Science,5,72.87,15.2,SES-2009,2024-05-12,Social Sciences,7,Present
43015,21,Male,Computer Science,5,72.87,15.2,SES-2003,2023-10-08,Engineering,2,Absent
43014,19,Male,Computer Science,5,72.87,15.2,SES-2031,2024-07-18,Computer Science,8,Absent
43014,19,Male,Computer Science,5,72.87,15.2,SES-2017,2024-03-23,Computer Science,4,Present
43012,21,Female,Engineering,4,79.54,6.9,SES-2031,2024-07-18,Computer Science,8,Present
43009,23,Female,Engineering,4,79.54,6.9,SES-2018,2023-11-06,Business,3,Present
43009,23,Female,Engineering,4,79.54,6.9,SES-2029,2023-10-21,Education,2,Present
43009,23,Female,Engineering,4,79.54,6.9,SES-2008,2024-03-04,Computer Science,4,Present
43009,23,Female,Engineering,4,79.54,6.9,SES-2004,2023-09-23,Engineering,1,Present
43007,19,Male,Business,3,91.89,11.6,SES-2001,2024-02-05,Computer Science,4,Present
43007,19,Male,Business,3,91.89,11.6,SES-2016,2024-04-12,Social Sciences,6,Present
43007,19,Male,Business,3,91.89,11.6,SES-2034,2024-06-24,Social Sciences,8,Present
43006,20,Male,Computer Science,5,70.04,9.9,SES-2034,2024-06-24,Social Sciences,8,Present
43006,20,Male,Computer Science,5,70.04,9.9,SES-2012,2024-04-19,Education,5,Present
43006,20,Male,Computer Science,5,70.04,9.9,SES-2005,2024-05-15,Engineering,7,Absent
43004,23,Female,Business,3,70.68,7.5,SES-2027,2024-04-05,Engineering,6,Present
43004,23,Female,Business,3,70.68,7.5,SES-2012,2024-04-19,Education,5,Present
43004,23,Female,Business,3,70.68,7.5,SES-2006,2024-03-25,Education,5,Present
43004,23,Female,Business,3,70.68,7.5,SES-2030,2024-05-13,Business,7,Present
43004,23,Female,Business,3,70.68,7.5,SES-2026,2024-04-19,Business,5,Present
43001,19,Male,Education,3,55.45,5.6,SES-2009,2024-05-12,Social Sciences,7,Present
43001,19,Male,Education,3,55.45,5.6,SES-2038,2023-11-27,Social Sciences,2,Present
42998,22,Female,Education,4,77.32,11.8,SES-2047,2024-02-01,Computer Science,4,Present
42998,22,Female,Education,4,77.32,11.8,SES-2006,2024-03-25,Education,5,Present
42998,22,Female,Education,4,77.32,11.8,SES-2048,2023-09-03,Computer Science,1,Present
42998,22,Female,Education,4,77.32,11.8,SES-2032,2023-11-25,Social Sciences,2,Present
42997,23,Female,Education,4,77.32,11.8,SES-2036,2024-02-12,Education,4,Present
42993,20,Female,Computer Science,3,70.31,3.6,SES-2008,2024-03-04,Computer Science,4,Absent
42993,20,Female,Education,3,57.31,8.3,SES-2020,2024-03-27,Computer Science,4,Present
42993,20,Female,Education,3,57.31,8.3,SES-2010,2024-03-24,Business,5,Present
42992,19,Male,Computer Science,8,59.69,6.8,SES-2031,2024-07-18,Computer Science,8,Present
42991,24,Male,Computer Science,8,59.69,6.8,SES-2028,2024-06-25,Computer Science,8,Present
42991,24,Male,Computer Science,8,59.69,6.8,SES-2048,2023-09-03,Computer Science,1,Present
42991,24,Female,Business,8,47.2,5.8,SES-2012,2024-04-19,Education,5,Present
42986,23,Female,Business,5,76.51,10.4,SES-2001,2024-02-05,Computer Science,4,Present
42985,21,Male,Education,7,58.61,6.3,SES-2002,2023-11-02,Computer Science,2,Present
42985,21,Male,Education,7,58.61,6.3,SES-2003,2023-10-08,Engineering,2,Absent
42985,21,Male,Education,7,58.61,6.3,SES-2016,2024-04-12,Social Sciences,6,Present
42985,21,Male,Education,7,58.61,6.3,SES-2012,2024-04-19,Education,5,Present
42983,19,Male,Computer Science,2,62.46,5.5,SES-2019,2024-06-21,Engineering,7,Present
42983,19,Male,Computer Science,2,62.46,5.5,SES-2040,2023-10-24,Business,2,Absent
42981,21,Female,Social Sciences,5,69.48,8.4,SES-2030,2024-05-13,Business,7,Present
42980,23,Female,Social Sciences,5,69.48,8.4,SES-2029,2023-10-21,Education,2,Present
42980,23,Female,Social Sciences,5,69.48,8.4,SES-2001,2024-02-05,Computer Science,4,Present
42980,23,Female,Social Sciences,5,69.48,8.4,SES-2013,2023-10-22,Education,2,Present
42979,21,Male,Computer Science,2,78.55,6.2,SES-2037,2023-10-16,Computer Science,1,Present
42979,21,Male,Computer Science,2,78.55,6.2,SES-2006,2024-03-25,Education,5,Absent
42979,21,Male,Computer Science,2,78.55,6.2,SES-2008,2024-03-04,Computer Science,4,Present
42979,21,Male,Social Sciences,5,73.53,6.4,SES-2024,2024-06-05,Social Sciences,7,Absent
42979,21,Male,Social Sciences,5,73.53,6.4,SES-2035,2023-11-28,Social Sciences,3,Absent
42979,21,Male,Social Sciences,5,73.53,6.4,SES-2015,2023-11-09,Business,2,Present
42971,24,Female,Computer Science,7,67.81,5.7,SES-2010,2024-03-24,Business,5,Present
42971,24,Female,Computer Science,7,67.81,5.7,SES-2002,2023-11-02,Computer Science,2,Present
42971,24,Female,Business,1,76.4,7.6,SES-2033,2023-11-14,Education,2,Present
42971,24,Female,Business,1,76.4,7.6,SES-2006,2024-03-25,Education,5,Present
42971,24,Female,Business,1,76.4,7.6,SES-2001,2024-02-05,Computer Science,4,Present
42970,19,Male,Engineering,6,62.73,13.4,SES-2037,2023-10-16,Computer Science,1,Present
42967,20,Male,Business,2,61.6,8.1,SES-2036,2024-02-12,Education,4,Present
42967,20,Male,Business,2,61.6,8.1,SES-2002,2023-11-02,Computer Science,2,Present
42966,23,Male,Business,2,61.6,8.1,SES-2046,2024-02-11,Computer Science,4,Present
42966,23,Male,Business,2,61.6,8.1,SES-2035,2023-11-28,Social Sciences,3,Present
42965,21,Male,Business,2,61.6,8.1,SES-2009,2024-05-12,Social Sciences,7,Present
42965,21,Female,Education,3,80.78,6.5,SES-2021,2024-02-26,Social Sciences,4,Present
42965,21,Female,Education,3,80.78,6.5,SES-2024,2024-06-05,Social Sciences,7,Present
42965,21,Female,Education,3,80.78,6.5,SES-2028,2024-06-25,Computer Science,8,Present
42965,21,Female,Education,3,80.78,6.5,SES-2004,2023-09-23,Engineering,1,Present
42965,21,Female,Education,3,80.78,6.5,SES-2031,2024-07-18,Computer Science,8,Present
42965,21,Male,Education,1,64.77,10.1,SES-2017,2024-03-23,Computer Science,4,Present
42965,21,Male,Education,1,64.77,10.1,SES-2012,2024-04-19,Education,5,Present
42965,21,Male,Education,1,64.77,10.1,SES-2000,2023-10-24,Social Sciences,2,Present
42964,19,Male,Education,1,64.77,10.1,SES-2014,2024-03-28,Education,5,Present
42964,19,Male,Social Sciences,1,43.03,3.6,SES-2016,2024-04-12,Social Sciences,6,Absent
42963,21,Female,Education,4,53.49,10.7,SES-2013,2023-10-22,Education,2,Present
42960,20,Male,Engineering,8,65.53,7.4,SES-2028,2024-06-25,Computer Science,8,Present
42960,20,Male,Engineering,8,65.53,7.4,SES-2005,2024-05-15,Engineering,7,Present
42960,20,Male,Engineering,8,65.53,7.4,SES-2036,2024-02-12,Education,4,Present
42960,20,Female,Engineering,6,87.51,10.7,SES-2015,2023-11-09,Business,2,Present
42957,20,Female,Social Sciences,5,76.97,6.8,SES-2021,2024-02-26,Social Sciences,4,Absent
42956,19,Female,Social Sciences,5,76.97,6.8,SES-2034,2024-06-24,Social Sciences,8,Present
42956,19,Female,Social Sciences,5,76.97,6.8,SES-2029,2023-10-21,Education,2,Present
42956,19,Female,Social Sciences,5,76.97,6.8,SES-2008,2024-03-04,Computer Science,4,Present
42956,19,Female,Computer Science,2,66.96,8.5,SES-2025,2023-11-24,Engineering,3,Present
42956,19,Female,Computer Science,2,66.96,8.5,SES-2037,2023-10-16,Computer Science,1,Present
42955,23,Female,Computer Science,2,66.96,8.5,SES-2008,2024-03-04,Computer Science,4,Present
42954,18,Male,Computer Science,2,42.28,7.6,SES-2032,2023-11-25,Social Sciences,2,Absent
42950,22,Female,Business,7,66.86,8.5,SES-2032,2023-11-25,Social Sciences,2,Present
42949,19,Male,Computer Science,2,72.0,11.3,SES-2020,2024-03-27,Computer Science,4,Present
42949,19,Male,Computer Science,2,72.0,11.3,SES-2004,2023-09-23,Engineering,1,Present
42948,18,Male,Business,2,56.4,9.4,SES-2023,2024-04-21,Business,6,Present
42946,18,Female,Computer Science,2,86.79,11.7,SES-2022,2024-06-03,Education,7,Absent
42946,18,Female,Computer Science,2,86.79,11.7,SES-2000,2023-10-24,Social Sciences,2,Present
42945,20,Female,Computer Science,2,86.79,11.7,SES-2011,2023-11-03,Engineering,2,Present
42945,20,Female,Computer Science,3,60.23,3.3,SES-2025,2023-11-24,Engineering,3,Absent
42944,21,Male,Computer Science,3,88.73,10.3,SES-2030,2024-05-13,Business,7,Present
42944,21,Male,Computer Science,3,88.73,10.3,SES-2011,2023-11-03,Engineering,2,Present
42944,21,Male,Computer Science,8,77.77,8.3,SES-2035,2023-11-28,Social Sciences,3,Present
42944,21,Male,Computer Science,8,77.77,8.3,SES-2038,2023-11-27,Social Sciences,2,Present
42942,22,Female,Education,2,56.68,7.9,SES-2014,2024-03-28,Education,5,Present
42942,22,Female,Education,2,56.68,7.9,SES-2040,2023-10-24,Business,2,Present
42942,22,Female,Education,2,56.68,7.9,SES-2006,2024-03-25,Education,5,Absent
42939,19,Male,Computer Science,7,78.25,5.8,SES-2006,2024-03-25,Education,5,Absent
42938,24,Male,Computer Science,7,78.25,5.8,SES-2036,2024-02-12,Education,4,Present
42938,24,Male,Computer Science,7,78.25,5.8,SES-2008,2024-03-04,Computer Science,4,Present
42938,24,Male,Computer Science,7,78.25,5.8,SES-2022,2024-06-03,Education,7,Present
42938,24,Male,Computer Science,7,78.25,5.8,SES-2037,2023-10-16,Computer Science,1,Present
42937,23,Female,Education,7,82.4,11.0,SES-2009,2024-05-12,Social Sciences,7,Absent
42933,18,Male,Business,6,63.97,7.2,SES-2013,2023-10-22,Education,2,Absent
42933,18,Male,Social Sciences,4,84.06,12.2,SES-2008,2024-03-04,Computer Science,4,Absent
42932,23,Male,Social Sciences,4,84.06,12.2,SES-2033,2023-11-14,Education,2,Present
42932,23,Male,Social Sciences,4,84.06,12.2,SES-2039,2024-02-08,Engineering,4,Present
42932,23,Female,Education,1,97.62,13.0,SES-2011,2023-11-03,Engineering,2,Present
42930,20,Male,Social Sciences,5,83.37,12.6,SES-2035,2023-11-28,Social Sciences,3,Absent
42930,20,Male,Social Sciences,5,83.37,12.6,SES-2015,2023-11-09,Business,2,Present
42929,20,Female,Social Sciences,8,59.08,2.1,SES-2003,2023-10-08,Engineering,2,Absent
42929,20,Female,Social Sciences,8,59.08,2.1,SES-2027,2024-04-05,Engineering,6,Absent
42929,20,Female,Social Sciences,8,59.08,2.1,SES-2044,2024-04-22,Social Sciences,5,Absent
42929,20,Female,Social Sciences,8,59.08,2.1,SES-2021,2024-02-26,Social Sciences,4,Absent
42929,20,Female,Social Sciences,8,59.08,2.1,SES-2029,2023-10-21,Education,2,Present
42928,19,Female,Social Sciences,6,59.85,10.4,SES-2038,2023-11-27,Social Sciences,2,Present
42926,18,Female,Computer Science,1,67.88,4.7,SES-2028,2024-06-25,Computer Science,8,Absent
42926,18,Female,Computer Science,1,67.88,4.7,SES-2040,2023-10-24,Business,2,Present
42926,18,Female,Computer Science,1,67.88,4.7,SES-2006,2024-03-25,Education,5,Absent
42925,21,Female,Education,7,66.93,8.7,SES-2046,2024-02-11,Computer Science,4,Present
42925,21,Female,Education,7,66.93,8.7,SES-2002,2023-11-02,Computer Science,2,Present
42924,20,Female,Education,7,66.93,8.7,SES-2044,2024-04-22,Social Sciences,5,Present
42924,20,Female,Education,7,66.93,8.7,SES-2015,2023-11-09,Business,2,Present
42924,20,Female,Education,7,66.93,8.7,SES-2041,2023-10-05,Business,2,Present
42924,20,Male,Engineering,5,55.99,1.8,SES-2036,2024-02-12,Education,4,Absent
42923,19,Male,Engineering,5,55.99,1.8,SES-2000,2023-10-24,Social Sciences,2,Absent
42923,19,Male,Engineering,5,55.99,1.8,SES-2029,2023-10-21,Education,2,Absent
42921,21,Male,Engineering,5,55.99,1.8,SES-2033,2023-11-14,Education,2,Present
42921,21,Male,Computer Science,1,58.95,12.9,SES-2016,2024-04-12,Social Sciences,6,Present
42920,22,Male,Computer Science,1,58.95,12.9,SES-2047,2024-02-01,Computer Science,4,Present
42920,22,Male,Computer Science,1,58.95,12.9,SES-2037,2023-10-16,Computer Science,1,Present
42920,22,Female,Social Sciences,7,56.27,5.2,SES-2000,2023-10-24,Social Sciences,2,Present
42920,22,Female,Social Sciences,7,56.27,5.2,SES-2028,2024-06-25,Computer Science,8,Present
42919,18,Female,Social Sciences,7,56.27,5.2,SES-2003,2023-10-08,Engineering,2,Present
42919,18,Female,Social Sciences,7,56.27,5.2,SES-2004,2023-09-23,Engineering,1,Present
42919,18,Female,Computer Science,1,59.15,10.6,SES-2033,2023-11-14,Education,2,Present
42918,22,Female,Computer Science,1,59.15,10.6,SES-2005,2024-05-15,Engineering,7,Present
42918,22,Female,Computer Science,1,59.15,10.6,SES-2001,2024-02-05,Computer Science,4,Absent
42915,25,Male,Business,1,56.49,4.6,SES-2030,2024-05-13,Business,7,Absent
42915,25,Male,Computer Science,2,79.97,12.9,SES-2007,2024-06-09,Education,7,Present
42914,22,Male,Computer Science,2,79.97,12.9,SES-2014,2024-03-28,Education,5,Present
42914,22,Male,Computer Science,2,79.97,12.9,SES-2047,2024-02-01,Computer Science,4,Present
42914,22,Male,Computer Science,2,79.97,12.9,SES-2000,2023-10-24,Social Sciences,2,Present
42907,20,Female,Computer Science,3,87.62,5.5,SES-2011,2023-11-03,Engineering,2,Present
42907,20,Female,Computer Science,3,87.62,5.5,SES-2008,2024-03-04,Computer Science,4,Present
42907,20,Female,Computer Science,3,87.62,5.5,SES-2022,2024-06-03,Education,7,Present
42904,18,Female,Computer Science,5,54.82,8.0,SES-2010,2024-03-24,Business,5,Absent
42904,18,Female,Computer Science,5,54.82,8.0,SES-2008,2024-03-04,Computer Science,4,Present
42904,18,Female,Computer Science,5,54.82,8.0,SES-2035,2023-11-28,Social Sciences,3,Present
42904,18,Female,Computer Science,5,54.82,8.0,SES-2036,2024-02-12,Education,4,Present
42903,21,Male,Education,3,59.56,15.5,SES-2011,2023-11-03,Engineering,2,Present
42903,21,Male,Education,3,59.56,15.5,SES-2038,2023-11-27,Social Sciences,2,Present
42903,21,Male,Education,3,59.56,15.5,SES-2004,2023-09-23,Engineering,1,Present
42903,21,Male,Education,3,59.56,15.5,SES-2048,2023-09-03,Computer Science,1,Present
42901,22,Male,Social Sciences,2,68.03,5.6,SES-2018,2023-11-06,Business,3,Absent
42901,22,Male,Social Sciences,2,68.03,5.6,SES-2014,2024-03-28,Education,5,Present
42899,21,Female,Social Sciences,8,75.93,9.2,SES-2040,2023-10-24,Business,2,Present
42899,21,Female,Social Sciences,8,75.93,9.2,SES-2015,2023-11-09,Business,2,Present
42899,21,Female,Social Sciences,8,75.93,9.2,SES-2045,2024-07-04,Education,8,Present
42895,20,Female,Computer Science,7,79.68,10.3,SES-2041,2023-10-05,Business,2,Present
42895,20,Female,Computer Science,7,79.68,10.3,SES-2007,2024-06-09,Education,7,Absent
42895,20,Female,Computer Science,7,79.68,10.3,SES-2002,2023-11-02,Computer Science,2,Absent
42893,20,Male,Social Sciences,4,59.15,11.8,SES-2038,2023-11-27,Social Sciences,2,Present
42890,25,Male,Social Sciences,4,59.15,11.8,SES-2046,2024-02-11,Computer Science,4,Present
42884,19,Female,Computer Science,8,63.62,10.1,SES-2043,2024-05-18,Education,7,Present
42883,21,Female,Computer Science,8,63.62,10.1,SES-2027,2024-04-05,Engineering,6,Present
42883,21,Female,Computer Science,8,63.62,10.1,SES-2048,2023-09-03,Computer Science,1,Absent
42881,21,Male,Engineering,8,68.7,8.1,SES-2000,2023-10-24,Social Sciences,2,Present
42877,23,Female,Engineering,7,77.96,7.7,SES-2042,2023-12-17,Engineering,3,Present
42877,23,Female,Engineering,7,77.96,7.7,SES-2035,2023-11-28,Social Sciences,3,Present
42876,19,Male,Education,3,84.77,12.4,SES-2013,2023-10-22,Education,2,Present
42875,24,Male,Education,3,84.77,12.4,SES-2016,2024-04-12,Social Sciences,6,Present
42874,22,Male,Education,3,84.77,12.4,SES-2012,2024-04-19,Education,5,Present
42873,21,Male,Education,3,84.77,12.4,SES-2045,2024-07-04,Education,8,Present
42872,22,Male,Engineering,5,79.02,8.0,SES-2021,2024-02-26,Social Sciences,4,Present
42872,22,Male,Engineering,5,79.02,8.0,SES-2026,2024-04-19,Business,5,Present
42866,22,Female,Engineering,1,56.74,5.9,SES-2047,2024-02-01,Computer Science,4,Present
42864,26,Female,Engineering,1,56.74,5.9,SES-2046,2024-02-11,Computer Science,4,Present
42860,19,Male,Computer Science,5,61.55,12.1,SES-2039,2024-02-08,Engineering,4,Present
42860,19,Male,Business,3,59.28,8.4,SES-2033,2023-11-14,Education,2,Present
42859,23,Male,Business,3,59.28,8.4,SES-2014,2024-03-28,Education,5,Present
42859,23,Male,Business,3,59.28,8.4,SES-2001,2024-02-05,Computer Science,4,Present
42859,23,Male,Business,3,59.28,8.4,SES-2017,2024-03-23,Computer Science,4,Absent
42859,23,Male,Engineering,8,63.95,10.8,SES-2009,2024-05-12,Social Sciences,7,Absent
42858,22,Male,Engineering,8,63.95,10.8,SES-2002,2023-11-02,Computer Science,2,Absent
42858,22,Male,Engineering,8,63.95,10.8,SES-2011,2023-11-03,Engineering,2,Present
42858,22,Male,Engineering,3,87.69,13.1,SES-2038,2023-11-27,Social Sciences,2,Present
42857,25,Male,Engineering,3,87.69,13.1,SES-2030,2024-05-13,Business,7,Present
42857,25,Male,Engineering,8,62.25,9.7,SES-2031,2024-07-18,Computer Science,8,Present
42855,18,Male,Computer Science,6,68.97,9.5,SES-2039,2024-02-08,Engineering,4,Present
42855,18,Male,Computer Science,6,68.97,9.5,SES-2026,2024-04-19,Business,5,Present
42851,20,Female,Computer Science,3,62.6,6.6,SES-2041,2023-10-05,Business,2,Present
42851,20,Female,Computer Science,3,62.6,6.6,SES-2001,2024-02-05,Computer Science,4,Present
42851,20,Female,Business,7,66.05,10.2,SES-2020,2024-03-27,Computer Science,4,Present
42851,20,Female,Business,7,66.05,10.2,SES-2032,2023-11-25,Social Sciences,2,Absent
42850,19,Female,Business,7,66.05,10.2,SES-2042,2023-12-17,Engineering,3,Present
42849,24,Female,Business,7,66.05,10.2,SES-2035,2023-11-28,Social Sciences,3,Present
42849,24,Female,Education,8,67.76,12.8,SES-2019,2024-06-21,Engineering,7,Absent
42849,24,Male,Social Sciences,6,58.57,9.0,SES-2048,2023-09-03,Computer Science,1,Present
42847,21,Male,Social Sciences,6,58.57,9.0,SES-2031,2024-07-18,Computer Science,8,Present
42847,21,Male,Social Sciences,6,58.57,9.0,SES-2033,2023-11-14,Education,2,Present
42847,21,Male,Social Sciences,6,58.57,9.0,SES-2015,2023-11-09,Business,2,Absent
42847,21,Female,Business,5,56.32,9.3,SES-2014,2024-03-28,Education,5,Present
42847,21,Female,Business,5,56.32,9.3,SES-2040,2023-10-24,Business,2,Present
42845,21,Female,Business,5,56.32,9.3,SES-2010,2024-03-24,Business,5,Present
42845,21,Female,Business,5,56.32,9.3,SES-2003,2023-10-08,Engineering,2,Present
42844,20,Female,Engineering,4,56.93,10.9,SES-2036,2024-02-12,Education,4,Present
42844,20,Female,Engineering,4,56.93,10.9,SES-2002,2023-11-02,Computer Science,2,Absent
42844,20,Female,Engineering,4,56.93,10.9,SES-2046,2024-02-11,Computer Science,4,Present
42837,18,Female,Business,5,74.93,7.9,SES-2016,2024-04-12,Social Sciences,6,Present
42837,18,Female,Business,5,74.93,7.9,SES-2035,2023-11-28,Social Sciences,3,Present
42837,18,Female,Business,5,74.93,7.9,SES-2042,2023-12-17,Engineering,3,Present
42837,18,Female,Business,5,74.93,7.9,SES-2038,2023-11-27,Social Sciences,2,Present
42837,18,Male,Engineering,8,62.36,5.5,SES-2038,2023-11-27,Social Sciences,2,Present
42836,24,Male,Engineering,8,62.36,5.5,SES-2008,2024-03-04,Computer Science,4,Present
42836,24,Male,Engineering,8,62.36,5.5,SES-2042,2023-12-17,Engineering,3,Present
42836,24,Male,Engineering,8,62.36,5.5,SES-2041,2023-10-05,Business,2,Present
42832,21,Female,Engineering,5,66.51,6.9,SES-2043,2024-05-18,Education,7,Present
42832,21,Female,Engineering,5,66.51,6.9,SES-2039,2024-02-08,Engineering,4,Present
42830,22,Female,Engineering,5,66.51,6.9,SES-2030,2024-05-13,Business,7,Present
42830,22,Female,Engineering,5,66.51,6.9,SES-2020,2024-03-27,Computer Science,4,Present
42825,21,Female,Computer Science,6,62.33,5.2,SES-2003,2023-10-08,Engineering,2,Present
42823,23,Male,Computer Science,5,53.61,6.7,SES-2003,2023-10-08,Engineering,2,Present
42823,23,Male,Engineering,3,49.45,3.1,SES-2003,2023-10-08,Engineering,2,Absent
42823,23,Male,Engineering,3,49.45,3.1,SES-2000,2023-10-24,Social Sciences,2,Present
42821,20,Female,Social Sciences,3,59.42,6.9,SES-2027,2024-04-05,Engineering,6,Present
42821,20,Female,Social Sciences,3,59.42,6.9,SES-2004,2023-09-23,Engineering,1,Absent
42821,20,Female,Social Sciences,3,59.42,6.9,SES-2046,2024-02-11,Computer Science,4,Absent
42821,20,Female,Engineering,5,63.18,5.6,SES-2015,2023-11-09,Business,2,Present
42821,20,Female,Engineering,5,63.18,5.6,SES-2019,2024-06-21,Engineering,7,Present
42817,22,Male,Computer Science,3,78.7,5.6,SES-2008,2024-03-04,Computer Science,4,Absent
42815,21,Female,Computer Science,1,60.0,3.7,SES-2024,2024-06-05,Social Sciences,7,Present
42815,21,Female,Computer Science,1,60.0,3.7,SES-2025,2023-11-24,Engineering,3,Absent
42814,18,Female,Business,7,68.85,11.4,SES-2003,2023-10-08,Engineering,2,Present
42813,21,Female,Business,7,68.85,11.4,SES-2021,2024-02-26,Social Sciences,4,Present
42813,21,Female,Business,7,68.85,11.4,SES-2049,2024-04-17,Education,6,Present
42807,21,Male,Engineering,6,54.97,5.3,SES-2026,2024-04-19,Business,5,Present
42806,18,Male,Engineering,6,54.97,5.3,SES-2018,2023-11-06,Business,3,Absent
42806,18,Male,Engineering,6,54.97,5.3,SES-2006,2024-03-25,Education,5,Present
42804,24,Male,Business,8,72.86,6.5,SES-2019,2024-06-21,Engineering,7,Present
42803,19,Male,Business,8,72.86,6.5,SES-2021,2024-02-26,Social Sciences,4,Absent
42797,19,Female,Engineering,6,57.73,6.9,SES-2018,2023-11-06,Business,3,Present
42796,21,Female,Engineering,6,57.73,6.9,SES-2015,2023-11-09,Business,2,Absent
42796,21,Female,Engineering,6,57.73,6.9,SES-2031,2024-07-18,Computer Science,8,Present
42795,19,Female,Engineering,6,57.73,6.9,SES-2017,2024-03-23,Computer Science,4,Present
42795,19,Female,Engineering,6,57.73,6.9,SES-2028,2024-06-25,Computer Science,8,Present
42792,18,Male,Education,2,63.25,15.1,SES-2022,2024-06-03,Education,7,Present
42792,18,Male,Education,2,63.25,15.1,SES-2029,2023-10-21,Education,2,Present
42791,22,Male,Education,2,63.25,15.1,SES-2021,2024-02-26,Social Sciences,4,Present
42791,22,Male,Education,2,63.25,15.1,SES-2007,2024-06-09,Education,7,Present
42791,22,Female,Social Sciences,3,65.77,11.3,SES-2030,2024-05-13,Business,7,Absent
42791,22,Female,Social Sciences,3,65.77,11.3,SES-2011,2023-11-03,Engineering,2,Present
42791,22,Female,Business,1,67.51,7.5,SES-2014,2024-03-28,Education,5,Present
42791,22,Male,Education,2,86.04,8.9,SES-2003,2023-10-08,Engineering,2,Present
42791,22,Male,Education,2,86.04,8.9,SES-2042,2023-12-17,Engineering,3,Present
42790,21,Female,Business,4,75.72,10.4,SES-2027,2024-04-05,Engineering,6,Absent
42789,19,Female,Business,4,75.72,10.4,SES-2035,2023-11-28,Social Sciences,3,Absent
42785,21,Male,Computer Science,3,67.17,9.4,SES-2038,2023-11-27,Social Sciences,2,Absent
42784,21,Female,Social Sciences,1,61.6,8.8,SES-2040,2023-10-24,Business,2,Present
42784,21,Female,Social Sciences,5,58.79,9.9,SES-2031,2024-07-18,Computer Science,8,Present
42784,21,Male,Social Sciences,3,68.32,7.0,SES-2046,2024-02-11,Computer Science,4,Present
42782,18,Female,Business,2,65.57,9.2,SES-2015,2023-11-09,Business,2,Present
42781,17,Female,Business,2,65.57,9.2,SES-2027,2024-04-05,Engineering,6,Present
42776,19,Female,Computer Science,1,63.31,7.0,SES-2025,2023-11-24,Engineering,3,Present
42776,19,Female,Computer Science,1,63.31,7.0,SES-2011,2023-11-03,Engineering,2,Present
42776,19,Female,Computer Science,1,63.31,7.0,SES-2021,2024-02-26,Social Sciences,4,Present
42766,25,Male,Social Sciences,8,43.31,7.2,SES-2019,2024-06-21,Engineering,7,Absent
42766,25,Male,Social Sciences,8,43.31,7.2,SES-2039,2024-02-08,Engineering,4,Absent
42766,25,Male,Social Sciences,8,43.31,7.2,SES-2024,2024-06-05,Social Sciences,7,Absent
42766,25,Male,Social Sciences,8,43.31,7.2,SES-2008,2024-03-04,Computer Science,4,Absent
42759,24,Female,Computer Science,5,68.88,10.3,SES-2006,2024-03-25,Education,5,Present
42759,24,Female,Computer Science,5,68.88,10.3,SES-2005,2024-05-15,Engineering,7,Absent
42759,24,Female,Business,6,66.79,10.3,SES-2011,2023-11-03,Engineering,2,Present
42759,24,Female,Business,6,66.79,10.3,SES-2049,2024-04-17,Education,6,Present
42759,24,Female,Business,6,66.79,10.3,SES-2023,2024-04-21,Business,6,Present
42756,23,Female,Social Sciences,8,52.82,11.2,SES-2017,2024-03-23,Computer Science,4,Present
42749,21,Female,Social Sciences,4,53.37,9.9,SES-2030,2024-05-13,Business,7,Present
42749,21,Female,Social Sciences,4,53.37,9.9,SES-2045,2024-07-04,Education,8,Present
42749,21,Female,Social Sciences,4,53.37,9.9,SES-2044,2024-04-22,Social Sciences,5,Present
42747,19,Male,Computer Science,6,50.44,8.6,SES-2009,2024-05-12,Social Sciences,7,Present
42747,19,Male,Computer Science,6,50.44,8.6,SES-2006,2024-03-25,Education,5,Present
42747,19,Male,Computer Science,6,50.44,8.6,SES-2015,2023-11-09,Business,2,Present
42747,19,Male,Computer Science,6,50.44,8.6,SES-2014,2024-03-28,Education,5,Present
42745,17,Male,Engineering,3,79.07,12.3,SES-2046,2024-02-11,Computer Science,4,Present
42743,18,Female,Social Sciences,5,83.16,3.8,SES-2035,2023-11-28,Social Sciences,3,Present
42742,25,Male,Engineering,7,70.97,13.7,SES-2001,2024-02-05,Computer Science,4,Present
42742,25,Male,Engineering,7,70.97,13.7,SES-2016,2024-04-12,Social Sciences,6,Absent
42742,25,Male,Computer Science,5,69.43,12.9,SES-2015,2023-11-09,Business,2,Present
42741,18,Male,Computer Science,5,69.43,12.9,SES-2042,2023-12-17,Engineering,3,Present
42741,18,Male,Computer Science,5,69.43,12.9,SES-2001,2024-02-05,Computer Science,4,Present
42741,18,Male,Computer Science,5,69.43,12.9,SES-2017,2024-03-23,Computer Science,4,Present
42739,19,Female,Education,8,67.9,8.6,SES-2016,2024-04-12,Social Sciences,6,Present
42739,19,Female,Education,8,67.9,8.6,SES-2010,2024-03-24,Business,5,Present
42738,21,Female,Education,8,67.9,8.6,SES-2015,2023-11-09,Business,2,Present
42738,21,Female,Education,2,63.7,14.1,SES-2031,2024-07-18,Computer Science,8,Present
42736,20,Female,Education,2,63.7,14.1,SES-2003,2023-10-08,Engineering,2,Present
42736,20,Female,Education,2,63.7,14.1,SES-2016,2024-04-12,Social Sciences,6,Present
42735,21,Female,Education,2,63.7,14.1,SES-2011,2023-11-03,Engineering,2,Present
42735,21,Male,Engineering,7,46.74,8.8,SES-2041,2023-10-05,Business,2,Absent
42735,21,Male,Engineering,7,46.74,8.8,SES-2049,2024-04-17,Education,6,Present
42735,21,Male,Engineering,7,46.74,8.8,SES-2047,2024-02-01,Computer Science,4,Absent
42733,24,Male,Engineering,7,46.74,8.8,SES-2036,2024-02-12,Education,4,Absent
42733,24,Male,Social Sciences,8,81.04,9.1,SES-2020,2024-03-27,Computer Science,4,Absent
42733,24,Female,Business,7,58.61,5.5,SES-2040,2023-10-24,Business,2,Present
42733,24,Female,Business,7,58.61,5.5,SES-2041,2023-10-05,Business,2,Present
42733,24,Female,Business,7,58.61,5.5,SES-2029,2023-10-21,Education,2,Present
42731,17,Male,Education,4,58.98,5.1,SES-2047,2024-02-01,Computer Science,4,Present
42731,17,Male,Engineering,2,48.51,2.5,SES-2048,2023-09-03,Computer Science,1,Absent
42731,17,Male,Engineering,2,48.51,2.5,SES-2017,2024-03-23,Computer Science,4,Present
42731,17,Male,Computer Science,3,82.58,3.9,SES-2032,2023-11-25,Social Sciences,2,Present
42730,19,Male,Computer Science,3,82.58,3.9,SES-2033,2023-11-14,Education,2,Present
42730,19,Male,Computer Science,3,82.58,3.9,SES-2022,2024-06-03,Education,7,Absent
42729,24,Male,Computer Science,3,82.58,3.9,SES-2027,2024-04-05,Engineering,6,Present
42729,24,Male,Computer Science,3,82.58,3.9,SES-2049,2024-04-17,Education,6,Absent
42725,20,Male,Social Sciences,2,47.17,7.6,SES-2049,2024-04-17,Education,6,Absent
42721,20,Male,Business,3,78.5,11.6,SES-2007,2024-06-09,Education,7,Absent
42716,20,Male,Engineering,8,78.73,11.1,SES-2045,2024-07-04,Education,8,Absent
42716,20,Male,Engineering,8,78.73,11.1,SES-2033,2023-11-14,Education,2,Present
42716,20,Male,Engineering,8,78.73,11.1,SES-2016,2024-04-12,Social Sciences,6,Present
42716,20,Male,Engineering,8,78.73,11.1,SES-2003,2023-10-08,Engineering,2,Present
42715,22,Male,Business,4,77.18,9.0,SES-2036,2024-02-12,Education,4,Present
42715,22,Male,Business,4,77.18,9.0,SES-2002,2023-11-02,Computer Science,2,Present
42715,22,Male,Business,4,77.18,9.0,SES-2029,2023-10-21,Education,2,Absent
42710,24,Female,Engineering,5,56.38,11.7,SES-2037,2023-10-16,Computer Science,1,Present
42710,24,Female,Engineering,5,56.38,11.7,SES-2036,2024-02-12,Education,4,Present
42709,23,Female,Engineering,5,56.38,11.7,SES-2007,2024-06-09,Education,7,Present
42708,19,Male,Computer Science,3,55.68,11.8,SES-2025,2023-11-24,Engineering,3,Present
42708,19,Male,Computer Science,3,55.68,11.8,SES-2035,2023-11-28,Social Sciences,3,Absent
42706,17,Male,Computer Science,3,79.88,7.8,SES-2043,2024-05-18,Education,7,Present
42706,17,Male,Computer Science,3,79.88,7.8,SES-2041,2023-10-05,Business,2,Present
42706,17,Male,Computer Science,3,79.88,7.8,SES-2011,2023-11-03,Engineering,2,Present
42705,18,Male,Computer Science,5,64.9,16.4,SES-2026,2024-04-19,Business,5,Present
42705,18,Male,Computer Science,5,64.9,16.4,SES-2027,2024-04-05,Engineering,6,Present
42704,21,Male,Computer Science,5,64.9,16.4,SES-2012,2024-04-19,Education,5,Present
42704,21,Male,Computer Science,5,64.9,16.4,SES-2049,2024-04-17,Education,6,Present
42701,21,Female,Computer Science,2,74.02,4.2,SES-2049,2024-04-17,Education,6,Present
42701,21,Female,Computer Science,2,74.02,4.2,SES-2014,2024-03-28,Education,5,Absent
42701,21,Female,Computer Science,2,74.02,4.2,SES-2026,2024-04-19,Business,5,Absent
42701,21,Male,Computer Science,6,69.0,11.2,SES-2047,2024-02-01,Computer Science,4,Present
42700,20,Male,Computer Science,6,69.0,11.2,SES-2013,2023-10-22,Education,2,Present
42700,20,Male,Computer Science,6,69.0,11.2,SES-2030,2024-05-13,Business,7,Present
42699,21,Male,Computer Science,6,69.0,11.2,SES-2006,2024-03-25,Education,5,Absent
42699,21,Male,Computer Science,6,69.0,11.2,SES-2022,2024-06-03,Education,7,Present
42692,19,Female,Engineering,4,70.67,9.9,SES-2011,2023-11-03,Engineering,2,Present
42692,19,Female,Engineering,4,70.67,9.9,SES-2034,2024-06-24,Social Sciences,8,Present
42691,21,Female,Social Sciences,3,49.98,7.7,SES-2008,2024-03-04,Computer Science,4,Absent
42688,21,Female,Computer Science,8,47.28,8.0,SES-2006,2024-03-25,Education,5,Absent
42688,21,Male,Social Sciences,5,56.52,9.8,SES-2039,2024-02-08,Engineering,4,Present
42687,20,Male,Social Sciences,5,56.52,9.8,SES-2004,2023-09-23,Engineering,1,Present
42687,20,Female,Engineering,8,56.21,10.6,SES-2040,2023-10-24,Business,2,Present
42687,20,Female,Engineering,8,56.21,10.6,SES-2046,2024-02-11,Computer Science,4,Present
42685,22,Female,Computer Science,3,52.44,6.0,SES-2007,2024-06-09,Education,7,Present
42684,22,Female,Computer Science,3,52.44,6.0,SES-2002,2023-11-02,Computer Science,2,Absent
42684,22,Female,Education,2,62.98,14.3,SES-2042,2023-12-17,Engineering,3,Present
42684,22,Female,Education,2,62.98,14.3,SES-2015,2023-11-09,Business,2,Present
42684,22,Female,Education,2,62.98,14.3,SES-2017,2024-03-23,Computer Science,4,Present
42683,18,Female,Education,2,62.98,14.3,SES-2024,2024-06-05,Social Sciences,7,Absent
42683,18,Female,Education,2,62.98,14.3,SES-2048,2023-09-03,Computer Science,1,Present
42683,18,Male,Education,7,47.4,6.4,SES-2033,2023-11-14,Education,2,Present
42683,18,Male,Education,7,47.4,6.4,SES-2038,2023-11-27,Social Sciences,2,Absent
42681,21,Male,Education,7,47.4,6.4,SES-2007,2024-06-09,Education,7,Present
42678,17,Female,Engineering,8,72.27,13.3,SES-2038,2023-11-27,Social Sciences,2,Present
42678,17,Female,Engineering,8,72.27,13.3,SES-2005,2024-05-15,Engineering,7,Present
42677,20,Female,Engineering,7,52.13,10.6,SES-2002,2023-11-02,Computer Science,2,Present
42677,20,Female,Engineering,7,52.13,10.6,SES-2022,2024-06-03,Education,7,Present
42676,21,Female,Engineering,7,52.13,10.6,SES-2047,2024-02-01,Computer Science,4,Present
42676,21,Male,Engineering,7,77.41,8.1,SES-2023,2024-04-21,Business,6,Present
42671,21,Female,Computer Science,4,75.77,5.4,SES-2028,2024-06-25,Computer Science,8,Present
42671,21,Female,Computer Science,4,75.77,5.4,SES-2001,2024-02-05,Computer Science,4,Present
42670,26,Female,Business,3,88.53,11.0,SES-2039,2024-02-08,Engineering,4,Present
42670,26,Male,Computer Science,2,40.05,6.4,SES-2010,2024-03-24,Business,5,Absent
42665,20,Male,Computer Science,2,76.76,11.1,SES-2035,2023-11-28,Social Sciences,3,Present
42665,20,Male,Computer Science,2,76.76,11.1,SES-2010,2024-03-24,Business,5,Present
42665,20,Male,Computer Science,2,76.76,11.1,SES-2020,2024-03-27,Computer Science,4,Present
42664,21,Male,Computer Science,2,76.76,11.1,SES-2029,2023-10-21,Education,2,Present
42664,21,Female,Business,2,66.87,13.9,SES-2045,2024-07-04,Education,8,Present
42664,21,Female,Business,2,66.87,13.9,SES-2002,2023-11-02,Computer Science,2,Present
42664,21,Female,Business,2,66.87,13.9,SES-2011,2023-11-03,Engineering,2,Present
42664,21,Female,Business,2,66.87,13.9,SES-2009,2024-05-12,Social Sciences,7,Present
42663,20,Female,Business,2,66.87,13.9,SES-2037,2023-10-16,Computer Science,1,Absent
42663,20,Male,Education,6,77.97,12.0,SES-2005,2024-05-15,Engineering,7,Present
42662,21,Male,Education,1,63.44,9.7,SES-2038,2023-11-27,Social Sciences,2,Present
42662,21,Male,Education,1,63.44,9.7,SES-2029,2023-10-21,Education,2,Present
42662,21,Male,Education,1,63.44,9.7,SES-2031,2024-07-18,Computer Science,8,Present
42660,21,Male,Education,1,63.44,9.7,SES-2026,2024-04-19,Business,5,Present
42660,21,Male,Education,1,63.44,9.7,SES-2008,2024-03-04,Computer Science,4,Present
42660,21,Female,Education,7,72.52,12.8,SES-2024,2024-06-05,Social Sciences,7,Present
42660,21,Female,Engineering,4,57.92,4.4,SES-2042,2023-12-17,Engineering,3,Absent
42660,21,Female,Engineering,4,57.92,4.4,SES-2026,2024-04-19,Business,5,Absent
42659,18,Female,Engineering,4,57.92,4.4,SES-2027,2024-04-05,Engineering,6,Present
42659,18,Female,Engineering,4,57.92,4.4,SES-2012,2024-04-19,Education,5,Absent
42658,23,Male,Engineering,5,77.83,13.7,SES-2019,2024-06-21,Engineering,7,Absent
42658,23,Male,Engineering,5,77.83,13.7,SES-2039,2024-02-08,Engineering,4,Present
42658,23,Male,Engineering,5,77.83,13.7,SES-2048,2023-09-03,Computer Science,1,Present
42658,23,Male,Engineering,5,77.83,13.7,SES-2047,2024-02-01,Computer Science,4,Present
42653,24,Male,Business,2,64.59,8.4,SES-2026,2024-04-19,Business,5,Present
42653,24,Male,Business,2,64.59,8.4,SES-2013,2023-10-22,Education,2,Present
42652,18,Male,Engineering,1,49.47,9.0,SES-2004,2023-09-23,Engineering,1,Absent
42652,18,Male,Engineering,1,49.47,9.0,SES-2027,2024-04-05,Engineering,6,Absent
42651,20,Male,Engineering,1,49.47,9.0,SES-2012,2024-04-19,Education,5,Absent
42650,21,Male,Computer Science,1,60.46,4.2,SES-2010,2024-03-24,Business,5,Present
42649,17,Male,Computer Science,1,60.46,4.2,SES-2048,2023-09-03,Computer Science,1,Absent
42649,17,Male,Computer Science,1,60.46,4.2,SES-2035,2023-11-28,Social Sciences,3,Absent
42649,17,Male,Computer Science,1,60.46,4.2,SES-2042,2023-12-17,Engineering,3,Present
42649,17,Male,Computer Science,1,60.46,4.2,SES-2023,2024-04-21,Business,6,Absent
42647,21,Male,Engineering,3,68.38,7.5,SES-2006,2024-03-25,Education,5,Present
42646,19,Male,Engineering,3,68.38,7.5,SES-2041,2023-10-05,Business,2,Present
42646,19,Male,Engineering,3,68.38,7.5,SES-2021,2024-02-26,Social Sciences,4,Present
42646,19,Male,Engineering,3,68.38,7.5,SES-2028,2024-06-25,Computer Science,8,Present
42644,20,Female,Education,6,72.21,10.0,SES-2034,2024-06-24,Social Sciences,8,Present
42644,20,Female,Engineering,4,50.99,5.9,SES-2020,2024-03-27,Computer Science,4,Present
42642,18,Male,Education,5,63.74,7.7,SES-2028,2024-06-25,Computer Science,8,Present
42642,18,Male,Education,5,63.74,7.7,SES-2013,2023-10-22,Education,2,Absent
42642,18,Female,Business,2,52.88,14.3,SES-2000,2023-10-24,Social Sciences,2,Present
42639,17,Female,Business,4,69.46,8.2,SES-2046,2024-02-11,Computer Science,4,Present
42639,17,Female,Business,4,69.46,8.2,SES-2015,2023-11-09,Business,2,Present
42638,21,Female,Engineering,7,70.02,11.1,SES-2012,2024-04-19,Education,5,Present
42631,20,Female,Education,3,65.78,10.1,SES-2007,2024-06-09,Education,7,Present
42631,20,Female,Education,3,65.78,10.1,SES-2049,2024-04-17,Education,6,Present
42631,20,Female,Education,3,65.78,10.1,SES-2033,2023-11-14,Education,2,Present
42631,20,Female,Education,3,65.78,10.1,SES-2016,2024-04-12,Social Sciences,6,Present
42631,20,Male,Business,4,57.29,6.5,SES-2039,2024-02-08,Engineering,4,Present
42630,21,Male,Business,4,57.29,6.5,SES-2048,2023-09-03,Computer Science,1,Present
42628,19,Male,Social Sciences,2,56.06,6.0,SES-2000,2023-10-24,Social Sciences,2,Present
42628,19,Male,Computer Science,7,50.17,6.1,SES-2002,2023-11-02,Computer Science,2,Present
42628,19,Male,Computer Science,7,50.17,6.1,SES-2005,2024-05-15,Engineering,7,Present
42628,19,Male,Computer Science,7,50.17,6.1,SES-2041,2023-10-05,Business,2,Present
42627,20,Male,Computer Science,7,50.17,6.1,SES-2045,2024-07-04,Education,8,Present
42627,20,Male,Computer Science,7,50.17,6.1,SES-2026,2024-04-19,Business,5,Present
42627,20,Male,Engineering,3,75.63,14.4,SES-2028,2024-06-25,Computer Science,8,Present
42626,22,Female,Computer Science,2,68.48,9.3,SES-2048,2023-09-03,Computer Science,1,Present
42618,17,Male,Education,5,58.29,3.9,SES-2014,2024-03-28,Education,5,Present
42618,17,Male,Education,5,58.29,3.9,SES-2015,2023-11-09,Business,2,Absent
42618,17,Male,Education,5,58.29,3.9,SES-2017,2024-03-23,Computer Science,4,Absent
42618,17,Female,Education,6,60.81,4.5,SES-2029,2023-10-21,Education,2,Absent
42618,17,Female,Education,6,60.81,4.5,SES-2047,2024-02-01,Computer Science,4,Present
42615,20,Male,Education,7,55.15,13.4,SES-2000,2023-10-24,Social Sciences,2,Present
42614,18,Female,Computer Science,5,70.55,7.6,SES-2043,2024-05-18,Education,7,Present
42614,18,Male,Computer Science,1,88.66,9.3,SES-2011,2023-11-03,Engineering,2,Absent
42613,22,Male,Computer Science,1,88.66,9.3,SES-2001,2024-02-05,Computer Science,4,Present
42613,22,Male,Computer Science,1,88.66,9.3,SES-2007,2024-06-09,Education,7,Absent
42613,22,Male,Computer Science,1,88.66,9.3,SES-2013,2023-10-22,Education,2,Present
42611,19,Male,Business,3,64.12,5.8,SES-2000,2023-10-24,Social Sciences,2,Absent
42611,19,Male,Business,3,64.12,5.8,SES-2019,2024-06-21,Engineering,7,Present
42610,20,Male,Business,3,64.12,5.8,SES-2036,2024-02-12,Education,4,Absent
42610,20,Male,Business,3,64.12,5.8,SES-2037,2023-10-16,Computer Science,1,Present
42610,20,Male,Business,3,64.12,5.8,SES-2027,2024-04-05,Engineering,6,Present
42609,21,Female,Computer Science,7,60.08,2.8,SES-2047,2024-02-01,Computer Science,4,Absent
42609,21,Female,Computer Science,7,60.08,2.8,SES-2032,2023-11-25,Social Sciences,2,Absent
42601,20,Male,Social Sciences,2,74.58,11.1,SES-2029,2023-10-21,Education,2,Absent
42601,20,Male,Social Sciences,2,74.58,11.1,SES-2047,2024-02-01,Computer Science,4,Present
42599,17,Male,Business,3,41.0,7.1,SES-2034,2024-06-24,Social Sciences,8,Absent
42599,17,Male,Business,3,41.0,7.1,SES-2027,2024-04-05,Engineering,6,Absent
42599,17,Male,Business,3,41.0,7.1,SES-2017,2024-03-23,Computer Science,4,Absent
42597,18,Male,Business,3,41.0,7.1,SES-2009,2024-05-12,Social Sciences,7,Absent
42596,21,Female,Engineering,8,73.14,16.6,SES-2046,2024-02-11,Computer Science,4,Present
42596,21,Female,Engineering,8,73.14,16.6,SES-2011,2023-11-03,Engineering,2,Present
42595,19,Female,Computer Science,2,45.09,6.9,SES-2025,2023-11-24,Engineering,3,Absent
42595,19,Female,Computer Science,2,45.09,6.9,SES-2042,2023-12-17,Engineering,3,Absent
42595,19,Female,Computer Science,2,45.09,6.9,SES-2044,2024-04-22,Social Sciences,5,Absent
42595,19,Female,Computer Science,2,45.09,6.9,SES-2013,2023-10-22,Education,2,Absent
42591,22,Female,Business,1,53.34,8.5,SES-2029,2023-10-21,Education,2,Present
42590,20,Female,Business,1,53.34,8.5,SES-2028,2024-06-25,Computer Science,8,Present
42586,22,Male,Engineering,1,71.06,3.8,SES-2031,2024-07-18,Computer Science,8,Absent
42586,22,Male,Engineering,1,71.06,3.8,SES-2035,2023-11-28,Social Sciences,3,Absent
42586,22,Male,Engineering,1,71.06,3.8,SES-2015,2023-11-09,Business,2,Present
42585,19,Female,Engineering,4,80.47,7.4,SES-2026,2024-04-19,Business,5,Present
42584,23,Female,Engineering,4,80.47,7.4,SES-2019,2024-06-21,Engineering,7,Present
42583,21,Female,Social Sciences,5,59.07,9.2,SES-2007,2024-06-09,Education,7,Present
42581,24,Female,Computer Science,6,70.3,12.6,SES-2048,2023-09-03,Computer Science,1,Present
42579,21,Female,Business,8,68.22,6.9,SES-2003,2023-10-08,Engineering,2,Present
42577,24,Female,Business,3,66.5,7.5,SES-2021,2024-02-26,Social Sciences,4,Present
42576,19,Female,Business,3,66.5,7.5,SES-2024,2024-06-05,Social Sciences,7,Present
42576,19,Female,Business,3,66.5,7.5,SES-2025,2023-11-24,Engineering,3,Present
42575,21,Male,Education,2,63.02,9.5,SES-2009,2024-05-12,Social Sciences,7,Present
42574,22,Male,Business,5,60.38,7.2,SES-2029,2023-10-21,Education,2,Present
42570,23,Male,Business,5,68.08,8.0,SES-2007,2024-06-09,Education,7,Present
42569,25,Male,Computer Science,6,45.69,6.4,SES-2040,2023-10-24,Business,2,Absent
42567,23,Female,Business,8,75.16,13.4,SES-2001,2024-02-05,Computer Science,4,Present
42565,17,Female,Computer Science,3,77.03,10.3,SES-2042,2023-12-17,Engineering,3,Present
42562,17,Male,Engineering,4,64.53,5.1,SES-2015,2023-11-09,Business,2,Present
42562,17,Male,Engineering,4,64.53,5.1,SES-2013,2023-10-22,Education,2,Present
42560,21,Female,Engineering,5,75.1,9.4,SES-2020,2024-03-27,Computer Science,4,Present
42559,22,Female,Engineering,5,75.1,9.4,SES-2042,2023-12-17,Engineering,3,Present
42559,22,Female,Engineering,5,75.1,9.4,SES-2027,2024-04-05,Engineering,6,Present
42559,22,Female,Engineering,5,75.1,9.4,SES-2014,2024-03-28,Education,5,Present
42559,22,Male,Computer Science,5,66.89,7.1,SES-2048,2023-09-03,Computer Science,1,Present
42558,19,Male,Computer Science,5,66.89,7.1,SES-2026,2024-04-19,Business,5,Present
42555,18,Female,Computer Science,1,58.5,8.7,SES-2001,2024-02-05,Computer Science,4,Present
42554,22,Female,Computer Science,1,58.5,8.7,SES-2017,2024-03-23,Computer Science,4,Absent
42554,22,Female,Computer Science,1,58.5,8.7,SES-2003,2023-10-08,Engineering,2,Present
42551,17,Female,Engineering,1,75.21,8.8,SES-2022,2024-06-03,Education,7,Present
42551,17,Female,Engineering,1,75.21,8.8,SES-2046,2024-02-11,Computer Science,4,Absent
42551,17,Female,Engineering,1,75.21,8.8,SES-2001,2024-02-05,Computer Science,4,Absent
42551,17,Female,Engineering,1,75.21,8.8,SES-2038,2023-11-27,Social Sciences,2,Present
42550,20,Female,Business,6,75.84,7.3,SES-2018,2023-11-06,Business,3,Present
42549,22,Male,Computer Science,3,99.78,9.6,SES-2027,2024-04-05,Engineering,6,Present
42545,19,Female,Computer Science,5,43.1,6.2,SES-2018,2023-11-06,Business,3,Absent
42543,17,Female,Computer Science,5,43.1,6.2,SES-2034,2024-06-24,Social Sciences,8,Absent
42543,17,Female,Engineering,6,71.28,11.2,SES-2044,2024-04-22,Social Sciences,5,Present
42541,20,Female,Engineering,6,71.28,11.2,SES-2009,2024-05-12,Social Sciences,7,Present
42541,20,Female,Engineering,6,71.28,11.2,SES-2048,2023-09-03,Computer Science,1,Present
42541,20,Female,Engineering,6,71.28,11.2,SES-2017,2024-03-23,Computer Science,4,Present
42541,20,Male,Social Sciences,4,47.1,9.0,SES-2013,2023-10-22,Education,2,Absent
42540,21,Male,Social Sciences,4,47.1,9.0,SES-2011,2023-11-03,Engineering,2,Absent
42540,21,Male,Social Sciences,4,47.1,9.0,SES-2033,2023-11-14,Education,2,Absent
42540,21,Male,Social Sciences,4,47.1,9.0,SES-2034,2024-06-24,Social Sciences,8,Present
42534,24,Male,Computer Science,6,62.45,8.0,SES-2003,2023-10-08,Engineering,2,Present
42534,24,Male,Computer Science,6,62.45,8.0,SES-2018,2023-11-06,Business,3,Present
42534,24,Male,Computer Science,6,62.45,8.0,SES-2024,2024-06-05,Social Sciences,7,Present
42533,22,Male,Business,4,66.44,7.3,SES-2030,2024-05-13,Business,7,Present
42533,22,Male,Business,4,66.44,7.3,SES-2012,2024-04-19,Education,5,Present
42532,22,Male,Business,4,66.44,7.3,SES-2046,2024-02-11,Computer Science,4,Present
42532,22,Male,Business,4,66.44,7.3,SES-2002,2023-11-02,Computer Science,2,Present
42532,22,Male,Education,4,76.88,11.9,SES-2049,2024-04-17,Education,6,Absent
42532,22,Male,Education,4,76.88,11.9,SES-2010,2024-03-24,Business,5,Present
42531,20,Male,Education,4,76.88,11.9,SES-2020,2024-03-27,Computer Science,4,Present
42531,20,Female,Engineering,3,59.66,10.1,SES-2046,2024-02-11,Computer Science,4,Present
42530,21,Female,Engineering,3,59.66,10.1,SES-2040,2023-10-24,Business,2,Present
42530,21,Female,Education,8,51.35,10.1,SES-2007,2024-06-09,Education,7,Absent
42530,21,Female,Education,8,51.35,10.1,SES-2022,2024-06-03,Education,7,Present
42530,21,Female,Education,8,51.35,10.1,SES-2008,2024-03-04,Computer Science,4,Absent
42530,21,Female,Education,8,51.35,10.1,SES-2030,2024-05-13,Business,7,Present
42529,21,Female,Education,8,51.35,10.1,SES-2006,2024-03-25,Education,5,Present
42529,21,Female,Social Sciences,4,72.22,8.5,SES-2044,2024-04-22,Social Sciences,5,Present
42529,21,Female,Social Sciences,4,72.22,8.5,SES-2033,2023-11-14,Education,2,Present
42526,22,Male,Engineering,4,55.85,5.2,SES-2002,2023-11-02,Computer Science,2,Present
42526,22,Female,Education,7,61.41,11.7,SES-2040,2023-10-24,Business,2,Present
42526,22,Female,Business,2,64.01,9.8,SES-2001,2024-02-05,Computer Science,4,Present
42525,20,Female,Computer Science,8,53.37,7.4,SES-2025,2023-11-24,Engineering,3,Absent
42525,20,Male,Business,8,89.76,7.3,SES-2041,2023-10-05,Business,2,Present
42522,19,Male,Education,1,64.14,8.5,SES-2002,2023-11-02,Computer Science,2,Present
42521,24,Male,Education,1,64.14,8.5,SES-2006,2024-03-25,Education,5,Present
42521,24,Male,Education,1,64.14,8.5,SES-2013,2023-10-22,Education,2,Present
42521,24,Male,Education,1,64.14,8.5,SES-2024,2024-06-05,Social Sciences,7,Present
42521,24,Male,Education,1,64.14,8.5,SES-2017,2024-03-23,Computer Science,4,Present
42520,22,Female,Engineering,2,54.95,5.3,SES-2013,2023-10-22,Education,2,Present
42517,22,Female,Business,1,78.53,8.6,SES-2038,2023-11-27,Social Sciences,2,Present
42516,18,Female,Computer Science,7,60.72,4.7,SES-2002,2023-11-02,Computer Science,2,Absent
42516,18,Female,Computer Science,7,60.72,4.7,SES-2036,2024-02-12,Education,4,Absent
42516,18,Female,Computer Science,7,60.72,4.7,SES-2001,2024-02-05,Computer Science,4,Present
42516,18,Female,Computer Science,7,60.72,4.7,SES-2000,2023-10-24,Social Sciences,2,Present
42515,20,Female,Computer Science,7,60.72,4.7,SES-2015,2023-11-09,Business,2,Absent
42514,21,Female,Computer Science,1,51.06,9.7,SES-2025,2023-11-24,Engineering,3,Absent
42514,21,Male,Education,6,59.97,3.1,SES-2004,2023-09-23,Engineering,1,Absent
42514,21,Male,Education,6,59.97,3.1,SES-2007,2024-06-09,Education,7,Absent
42514,21,Male,Education,6,59.97,3.1,SES-2003,2023-10-08,Engineering,2,Present
42514,21,Male,Education,6,59.97,3.1,SES-2042,2023-12-17,Engineering,3,Absent
42514,21,Male,Engineering,4,91.37,8.4,SES-2027,2024-04-05,Engineering,6,Absent
42514,21,Male,Engineering,4,91.37,8.4,SES-2046,2024-02-11,Computer Science,4,Present
42514,21,Male,Engineering,4,91.37,8.4,SES-2014,2024-03-28,Education,5,Absent
42514,21,Male,Engineering,4,91.37,8.4,SES-2003,2023-10-08,Engineering,2,Present
42513,19,Male,Engineering,4,91.37,8.4,SES-2028,2024-06-25,Computer Science,8,Absent
42509,17,Female,Education,1,87.22,4.5,SES-2035,2023-11-28,Social Sciences,3,Present
42508,24,Male,Engineering,6,45.11,7.7,SES-2032,2023-11-25,Social Sciences,2,Present
42508,24,Male,Engineering,6,45.11,7.7,SES-2049,2024-04-17,Education,6,Absent
42507,18,Male,Engineering,6,45.11,7.7,SES-2011,2023-11-03,Engineering,2,Absent
42507,18,Female,Engineering,4,74.16,12.4,SES-2044,2024-04-22,Social Sciences,5,Present
42507,18,Female,Engineering,4,74.16,12.4,SES-2041,2023-10-05,Business,2,Absent
42507,18,Female,Engineering,4,74.16,12.4,SES-2021,2024-02-26,Social Sciences,4,Present
42507,18,Female,Engineering,4,74.16,12.4,SES-2013,2023-10-22,Education,2,Present
42504,18,Male,Business,6,80.28,8.0,SES-2013,2023-10-22,Education,2,Present
42504,18,Male,Social Sciences,4,74.47,8.8,SES-2018,2023-11-06,Business,3,Absent
42504,18,Male,Social Sciences,4,74.47,8.8,SES-2010,2024-03-24,Business,5,Present
42504,18,Male,Computer Science,2,65.94,7.9,SES-2046,2024-02-11,Computer Science,4,Present
42503,22,Male,Computer Science,2,65.94,7.9,SES-2047,2024-02-01,Computer Science,4,Present
42503,22,Male,Computer Science,2,65.94,7.9,SES-2012,2024-04-19,Education,5,Present
42498,21,Female,Business,7,68.43,10.0,SES-2024,2024-06-05,Social Sciences,7,Present
42494,22,Male,Social Sciences,5,70.58,6.9,SES-2000,2023-10-24,Social Sciences,2,Present
42494,22,Male,Social Sciences,5,70.58,6.9,SES-2028,2024-06-25,Computer Science,8,Present
42494,22,Male,Social Sciences,5,70.58,6.9,SES-2035,2023-11-28,Social Sciences,3,Present
42494,22,Male,Computer Science,2,47.47,5.6,SES-2024,2024-06-05,Social Sciences,7,Absent
42492,17,Male,Computer Science,3,83.93,9.2,SES-2004,2023-09-23,Engineering,1,Absent
42492,17,Male,Computer Science,3,83.93,9.2,SES-2034,2024-06-24,Social Sciences,8,Present
42492,17,Male,Computer Science,3,83.93,9.2,SES-2021,2024-02-26,Social Sciences,4,Present
42492,17,Male,Education,8,69.49,9.7,SES-2009,2024-05-12,Social Sciences,7,Present
42491,23,Male,Education,8,69.49,9.7,SES-2044,2024-04-22,Social Sciences,5,Present
42485,20,Female,Education,5,66.9,8.0,SES-2012,2024-04-19,Education,5,Present
42481,17,Male,Engineering,6,45.47,7.8,SES-2002,2023-11-02,Computer Science,2,Present
42480,19,Male,Engineering,6,45.47,7.8,SES-2042,2023-12-17,Engineering,3,Absent
42480,19,Male,Engineering,6,45.47,7.8,SES-2011,2023-11-03,Engineering,2,Absent
42480,19,Female,Social Sciences,6,44.19,8.7,SES-2025,2023-11-24,Engineering,3,Absent
42480,19,Female,Social Sciences,6,44.19,8.7,SES-2043,2024-05-18,Education,7,Absent
42479,17,Female,Education,7,74.15,4.9,SES-2011,2023-11-03,Engineering,2,Absent
42478,20,Female,Education,7,74.15,4.9,SES-2031,2024-07-18,Computer Science,8,Present
42478,20,Female,Education,7,74.15,4.9,SES-2004,2023-09-23,Engineering,1,Present
42476,24,Male,Computer Science,6,81.9,16.8,SES-2000,2023-10-24,Social Sciences,2,Present
42475,22,Male,Education,7,52.4,6.4,SES-2018,2023-11-06,Business,3,Present
42475,22,Male,Education,7,52.4,6.4,SES-2046,2024-02-11,Computer Science,4,Present
42475,22,Male,Education,7,52.4,6.4,SES-2008,2024-03-04,Computer Science,4,Present
42475,22,Male,Education,7,52.4,6.4,SES-2020,2024-03-27,Computer Science,4,Present
42474,19,Female,Business,3,65.42,10.0,SES-2018,2023-11-06,Business,3,Absent
42474,19,Female,Business,3,65.42,10.0,SES-2019,2024-06-21,Engineering,7,Present
42469,18,Male,Engineering,6,68.87,11.3,SES-2009,2024-05-12,Social Sciences,7,Present
42469,18,Female,Education,2,89.92,9.5,SES-2014,2024-03-28,Education,5,Present
42468,22,Female,Education,2,89.92,9.5,SES-2022,2024-06-03,Education,7,Present
42468,22,Female,Education,2,89.92,9.5,SES-2041,2023-10-05,Business,2,Absent
42467,20,Female,Education,1,32.52,6.6,SES-2005,2024-05-15,Engineering,7,Absent
42467,20,Female,Education,1,32.52,6.6,SES-2018,2023-11-06,Business,3,Present
42467,20,Female,Education,1,32.52,6.6,SES-2024,2024-06-05,Social Sciences,7,Present
42466,23,Female,Education,8,79.47,6.5,SES-2027,2024-04-05,Engineering,6,Present
42465,23,Female,Education,8,79.47,6.5,SES-2015,2023-11-09,Business,2,Present
42465,23,Male,Education,3,65.86,13.1,SES-2017,2024-03-23,Computer Science,4,Present
42465,23,Male,Education,3,65.86,13.1,SES-2014,2024-03-28,Education,5,Present
42465,23,Male,Education,3,65.86,13.1,SES-2000,2023-10-24,Social Sciences,2,Present
42464,23,Male,Education,3,65.86,13.1,SES-2033,2023-11-14,Education,2,Present
42461,21,Male,Education,3,65.86,13.1,SES-2031,2024-07-18,Computer Science,8,Present
42461,21,Female,Computer Science,6,65.31,6.8,SES-2039,2024-02-08,Engineering,4,Present
42461,21,Female,Computer Science,6,65.31,6.8,SES-2028,2024-06-25,Computer Science,8,Present
42461,21,Female,Computer Science,6,65.31,6.8,SES-2012,2024-04-19,Education,5,Present
42459,22,Female,Business,3,49.92,5.5,SES-2015,2023-11-09,Business,2,Absent
42449,19,Male,Social Sciences,3,94.66,8.6,SES-2016,2024-04-12,Social Sciences,6,Present
42447,18,Male,Computer Science,1,69.83,11.1,SES-2042,2023-12-17,Engineering,3,Absent
42446,22,Male,Computer Science,1,69.83,11.1,SES-2025,2023-11-24,Engineering,3,Present
42446,22,Male,Education,7,78.89,12.2,SES-2045,2024-07-04,Education,8,Present
42441,19,Female,Engineering,1,62.79,15.2,SES-2039,2024-02-08,Engineering,4,Present
42440,23,Female,Engineering,1,62.79,15.2,SES-2025,2023-11-24,Engineering,3,Present
42438,20,Male,Education,2,72.02,9.6,SES-2041,2023-10-05,Business,2,Present
42438,20,Male,Education,2,72.02,9.6,SES-2049,2024-04-17,Education,6,Present
42438,20,Male,Education,2,72.02,9.6,SES-2019,2024-06-21,Engineering,7,Present
42438,20,Male,Social Sciences,1,57.0,7.7,SES-2020,2024-03-27,Computer Science,4,Present
42437,21,Male,Social Sciences,1,57.0,7.7,SES-2032,2023-11-25,Social Sciences,2,Present
42437,21,Male,Social Sciences,1,57.0,7.7,SES-2029,2023-10-21,Education,2,Present
42437,21,Male,Computer Science,3,72.3,7.5,SES-2044,2024-04-22,Social Sciences,5,Present
42437,21,Female,Engineering,3,72.51,7.0,SES-2022,2024-06-03,Education,7,Absent
42437,21,Female,Engineering,3,72.51,7.0,SES-2046,2024-02-11,Computer Science,4,Present
42437,21,Female,Engineering,3,72.51,7.0,SES-2012,2024-04-19,Education,5,Present
42433,21,Male,Computer Science,8,73.38,9.5,SES-2022,2024-06-03,Education,7,Present
42427,17,Male,Business,1,88.35,13.9,SES-2045,2024-07-04,Education,8,Present
42425,18,Male,Social Sciences,4,55.54,3.2,SES-2013,2023-10-22,Education,2,Absent
42425,18,Male,Social Sciences,4,55.54,3.2,SES-2047,2024-02-01,Computer Science,4,Present
42425,18,Male,Social Sciences,4,55.54,3.2,SES-2028,2024-06-25,Computer Science,8,Present
42425,18,Male,Social Sciences,4,55.54,3.2,SES-2024,2024-06-05,Social Sciences,7,Absent
42420,22,Male,Social Sciences,2,58.35,7.1,SES-2038,2023-11-27,Social Sciences,2,Absent
42420,22,Male,Social Sciences,2,58.35,7.1,SES-2033,2023-11-14,Education,2,Present
42420,22,Male,Computer Science,4,61.44,9.5,SES-2015,2023-11-09,Business,2,Present
42419,21,Male,Computer Science,4,61.44,9.5,SES-2014,2024-03-28,Education,5,Present
42419,21,Male,Computer Science,4,61.44,9.5,SES-2028,2024-06-25,Computer Science,8,Present
42413,20,Female,Social Sciences,8,80.57,9.3,SES-2008,2024-03-04,Computer Science,4,Present
42412,19,Male,Computer Science,4,69.33,10.7,SES-2045,2024-07-04,Education,8,Present
42412,19,Male,Computer Science,4,69.33,10.7,SES-2019,2024-06-21,Engineering,7,Present
42412,19,Male,Computer Science,4,69.33,10.7,SES-2002,2023-11-02,Computer Science,2,Present
42411,17,Male,Computer Science,4,69.33,10.7,SES-2021,2024-02-26,Social Sciences,4,Present
42411,17,Female,Computer Science,4,65.03,6.4,SES-2001,2024-02-05,Computer Science,4,Present
42410,21,Female,Computer Science,4,65.03,6.4,SES-2042,2023-12-17,Engineering,3,Present
42410,21,Female,Computer Science,4,65.03,6.4,SES-2041,2023-10-05,Business,2,Present
42410,21,Female,Engineering,5,57.49,10.0,SES-2034,2024-06-24,Social Sciences,8,Present
42410,21,Female,Engineering,5,57.49,10.0,SES-2047,2024-02-01,Computer Science,4,Present
42409,19,Female,Education,4,64.9,11.4,SES-2043,2024-05-18,Education,7,Present
42408,25,Female,Education,7,66.68,15.2,SES-2045,2024-07-04,Education,8,Present
42407,23,Male,Engineering,4,51.14,11.8,SES-2004,2023-09-23,Engineering,1,Present
42406,25,Male,Engineering,4,51.14,11.8,SES-2007,2024-06-09,Education,7,Present
42404,20,Male,Social Sciences,6,62.59,10.7,SES-2004,2023-09-23,Engineering,1,Present
42404,20,Male,Social Sciences,6,62.59,10.7,SES-2006,2024-03-25,Education,5,Present
42404,20,Male,Social Sciences,6,62.59,10.7,SES-2039,2024-02-08,Engineering,4,Absent
42403,23,Male,Social Sciences,6,62.59,10.7,SES-2011,2023-11-03,Engineering,2,Present
42403,23,Female,Business,8,55.38,9.3,SES-2025,2023-11-24,Engineering,3,Absent
42402,18,Male,Social Sciences,6,44.12,8.7,SES-2031,2024-07-18,Computer Science,8,Absent
42401,19,Male,Social Sciences,6,44.12,8.7,SES-2048,2023-09-03,Computer Science,1,Absent
42401,19,Male,Social Sciences,6,44.12,8.7,SES-2016,2024-04-12,Social Sciences,6,Present
42401,19,Male,Social Sciences,6,44.12,8.7,SES-2028,2024-06-25,Computer Science,8,Present
42400,20,Female,Engineering,5,54.98,11.3,SES-2005,2024-05-15,Engineering,7,Absent
42399,21,Female,Engineering,5,54.98,11.3,SES-2015,2023-11-09,Business,2,Present
42399,21,Female,Engineering,5,54.98,11.3,SES-2048,2023-09-03,Computer Science,1,Present
42399,21,Female,Engineering,5,54.98,11.3,SES-2016,2024-04-12,Social Sciences,6,Present
42398,18,Male,Business,5,77.2,6.5,SES-2018,2023-11-06,Business,3,Present
42398,18,Male,Business,5,77.2,6.5,SES-2005,2024-05-15,Engineering,7,Present
42397,21,Male,Business,5,77.2,6.5,SES-2037,2023-10-16,Computer Science,1,Present
42397,21,Male,Business,5,77.2,6.5,SES-2011,2023-11-03,Engineering,2,Present
42397,21,Female,Computer Science,7,53.34,3.6,SES-2036,2024-02-12,Education,4,Absent
42396,20,Female,Computer Science,7,53.34,3.6,SES-2007,2024-06-09,Education,7,Present
42395,18,Female,Computer Science,7,53.34,3.6,SES-2002,2023-11-02,Computer Science,2,Absent
42395,18,Female,Business,7,64.87,9.5,SES-2047,2024-02-01,Computer Science,4,Present
42393,21,Male,Computer Science,4,63.82,14.4,SES-2046,2024-02-11,Computer Science,4,Present
42392,21,Male,Computer Science,4,63.82,14.4,SES-2022,2024-06-03,Education,7,Present
42392,21,Female,Social Sciences,6,70.51,7.3,SES-2028,2024-06-25,Computer Science,8,Present
42392,21,Female,Social Sciences,6,70.51,7.3,SES-2042,2023-12-17,Engineering,3,Present
42391,18,Male,Business,3,47.87,11.0,SES-2018,2023-11-06,Business,3,Absent
42391,18,Female,Engineering,2,66.53,6.7,SES-2043,2024-05-18,Education,7,Present
42391,18,Female,Engineering,2,66.53,6.7,SES-2018,2023-11-06,Business,3,Present
42390,23,Female,Engineering,2,66.53,6.7,SES-2017,2024-03-23,Computer Science,4,Present
42390,23,Female,Engineering,2,66.53,6.7,SES-2041,2023-10-05,Business,2,Present
42390,23,Female,Engineering,5,68.19,8.7,SES-2045,2024-07-04,Education,8,Present
42390,23,Female,Engineering,5,68.19,8.7,SES-2034,2024-06-24,Social Sciences,8,Present
42390,23,Female,Engineering,5,68.19,8.7,SES-2003,2023-10-08,Engineering,2,Present
42390,23,Female,Engineering,5,68.19,8.7,SES-2038,2023-11-27,Social Sciences,2,Present
42389,24,Male,Computer Science,5,78.37,10.3,SES-2049,2024-04-17,Education,6,Present
42389,24,Male,Computer Science,5,78.37,10.3,SES-2003,2023-10-08,Engineering,2,Present
42388,21,Male,Computer Science,5,78.37,10.3,SES-2043,2024-05-18,Education,7,Present
42381,21,Female,Education,4,81.35,11.5,SES-2018,2023-11-06,Business,3,Present
42380,23,Male,Social Sciences,5,72.98,12.9,SES-2017,2024-03-23,Computer Science,4,Present
42380,23,Female,Engineering,2,57.3,9.7,SES-2007,2024-06-09,Education,7,Present
42379,22,Female,Engineering,2,57.3,9.7,SES-2029,2023-10-21,Education,2,Present
42379,22,Female,Engineering,2,57.3,9.7,SES-2008,2024-03-04,Computer Science,4,Present
42379,22,Female,Computer Science,4,62.04,6.0,SES-2046,2024-02-11,Computer Science,4,Present
42379,22,Female,Computer Science,2,71.74,11.3,SES-2000,2023-10-24,Social Sciences,2,Present
42379,22,Female,Computer Science,2,71.74,11.3,SES-2041,2023-10-05,Business,2,Present
42377,26,Male,Education,6,65.85,7.9,SES-2019,2024-06-21,Engineering,7,Present
42376,22,Female,Computer Science,3,47.6,5.7,SES-2046,2024-02-11,Computer Science,4,Present
42376,22,Female,Computer Science,3,47.6,5.7,SES-2036,2024-02-12,Education,4,Absent
42375,22,Female,Computer Science,3,47.6,5.7,SES-2013,2023-10-22,Education,2,Absent
42374,22,Female,Computer Science,3,47.6,5.7,SES-2031,2024-07-18,Computer Science,8,Absent
42374,22,Female,Computer Science,3,47.6,5.7,SES-2034,2024-06-24,Social Sciences,8,Absent
42373,22,Female,Computer Science,7,69.78,4.3,SES-2029,2023-10-21,Education,2,Absent
42373,22,Female,Computer Science,7,69.78,4.3,SES-2013,2023-10-22,Education,2,Absent
42372,22,Female,Computer Science,7,69.78,4.3,SES-2020,2024-03-27,Computer Science,4,Absent
42372,22,Female,Computer Science,7,69.78,4.3,SES-2030,2024-05-13,Business,7,Absent
42368,21,Male,Engineering,1,71.68,6.9,SES-2049,2024-04-17,Education,6,Present
42366,18,Male,Engineering,1,71.68,6.9,SES-2045,2024-07-04,Education,8,Present
42366,18,Male,Engineering,1,71.68,6.9,SES-2027,2024-04-05,Engineering,6,Present
42366,18,Female,Engineering,8,58.52,9.3,SES-2027,2024-04-05,Engineering,6,Present
42365,19,Female,Engineering,8,58.52,9.3,SES-2034,2024-06-24,Social Sciences,8,Present
42358,23,Female,Engineering,1,53.18,4.9,SES-2040,2023-10-24,Business,2,Absent
42358,23,Female,Engineering,1,53.18,4.9,SES-2038,2023-11-27,Social Sciences,2,Present
42358,23,Female,Engineering,1,53.18,4.9,SES-2020,2024-03-27,Computer Science,4,Present
42357,23,Female,Engineering,1,53.18,4.9,SES-2007,2024-06-09,Education,7,Absent
42357,23,Female,Engineering,1,71.38,13.8,SES-2027,2024-04-05,Engineering,6,Present
42357,23,Male,Social Sciences,7,68.76,12.2,SES-2000,2023-10-24,Social Sciences,2,Present
42351,21,Male,Social Sciences,3,62.59,8.2,SES-2028,2024-06-25,Computer Science,8,Present
42350,20,Male,Social Sciences,3,62.59,8.2,SES-2020,2024-03-27,Computer Science,4,Present
42348,23,Female,Engineering,8,57.68,5.2,SES-2036,2024-02-12,Education,4,Absent
42348,23,Female,Business,2,60.33,8.5,SES-2037,2023-10-16,Computer Science,1,Present
42348,23,Female,Business,2,60.33,8.5,SES-2005,2024-05-15,Engineering,7,Present
42348,23,Female,Business,2,60.33,8.5,SES-2024,2024-06-05,Social Sciences,7,Present
42343,19,Male,Business,5,71.16,5.0,SES-2026,2024-04-19,Business,5,Absent
42343,19,Male,Business,5,71.16,5.0,SES-2047,2024-02-01,Computer Science,4,Present
42342,24,Male,Business,5,71.16,5.0,SES-2020,2024-03-27,Computer Science,4,Present
42342,24,Male,Business,5,71.16,5.0,SES-2042,2023-12-17,Engineering,3,Present
42342,24,Female,Engineering,4,71.74,10.5,SES-2012,2024-04-19,Education,5,Present
42340,20,Male,Social Sciences,2,65.6,12.7,SES-2046,2024-02-11,Computer Science,4,Present
42340,20,Male,Social Sciences,2,65.6,12.7,SES-2002,2023-11-02,Computer Science,2,Present
42340,20,Male,Business,6,84.42,8.5,SES-2022,2024-06-03,Education,7,Absent
42340,20,Male,Business,6,84.42,8.5,SES-2004,2023-09-23,Engineering,1,Present
42339,22,Male,Computer Science,2,68.84,7.9,SES-2018,2023-11-06,Business,3,Present
42338,20,Male,Computer Science,2,68.84,7.9,SES-2008,2024-03-04,Computer Science,4,Present
42338,20,Male,Computer Science,2,68.84,7.9,SES-2003,2023-10-08,Engineering,2,Present
42338,20,Male,Computer Science,2,68.84,7.9,SES-2021,2024-02-26,Social Sciences,4,Present
42338,20,Male,Computer Science,2,68.84,7.9,SES-2016,2024-04-12,Social Sciences,6,Present
42338,20,Male,Education,2,68.01,11.7,SES-2040,2023-10-24,Business,2,Absent
42337,20,Male,Education,2,68.01,11.7,SES-2032,2023-11-25,Social Sciences,2,Present
42337,20,Male,Education,2,68.01,11.7,SES-2039,2024-02-08,Engineering,4,Present
42334,19,Female,Computer Science,3,63.12,6.0,SES-2019,2024-06-21,Engineering,7,Absent
42332,23,Female,Computer Science,5,72.86,6.1,SES-2001,2024-02-05,Computer Science,4,Present
42330,18,Male,Business,3,74.83,8.9,SES-2047,2024-02-01,Computer Science,4,Present
42329,19,Male,Business,3,74.83,8.9,SES-2046,2024-02-11,Computer Science,4,Present
42325,20,Female,Computer Science,4,65.2,7.7,SES-2039,2024-02-08,Engineering,4,Present
42325,20,Female,Computer Science,4,65.2,7.7,SES-2017,2024-03-23,Computer Science,4,Present
42324,19,Female,Computer Science,4,65.2,7.7,SES-2035,2023-11-28,Social Sciences,3,Present
42318,22,Female,Engineering,8,47.71,8.7,SES-2038,2023-11-27,Social Sciences,2,Absent
42318,22,Female,Business,2,69.37,6.2,SES-2014,2024-03-28,Education,5,Absent
42318,22,Female,Business,2,69.37,6.2,SES-2018,2023-11-06,Business,3,Present
42317,22,Female,Business,2,69.37,6.2,SES-2034,2024-06-24,Social Sciences,8,Present
42317,22,Male,Education,2,63.66,5.3,SES-2011,2023-11-03,Engineering,2,Present
42315,19,Male,Business,2,75.03,12.1,SES-2029,2023-10-21,Education,2,Present
42314,20,Male,Business,2,75.03,12.1,SES-2007,2024-06-09,Education,7,Present
42314,20,Male,Business,2,75.03,12.1,SES-2015,2023-11-09,Business,2,Present
42313,18,Male,Business,2,75.03,12.1,SES-2031,2024-07-18,Computer Science,8,Present
42313,18,Male,Business,2,75.03,12.1,SES-2032,2023-11-25,Social Sciences,2,Present
42313,18,Female,Computer Science,4,65.37,9.6,SES-2010,2024-03-24,Business,5,Present
42313,18,Male,Education,3,44.21,4.2,SES-2041,2023-10-05,Business,2,Absent
42313,18,Male,Education,3,44.21,4.2,SES-2030,2024-05-13,Business,7,Present
42312,18,Male,Education,3,44.21,4.2,SES-2024,2024-06-05,Social Sciences,7,Absent
42311,19,Male,Education,1,65.41,10.7,SES-2009,2024-05-12,Social Sciences,7,Present
42311,19,Male,Education,1,65.41,10.7,SES-2015,2023-11-09,Business,2,Present
42311,19,Male,Education,1,65.41,10.7,SES-2020,2024-03-27,Computer Science,4,Present
42311,19,Male,Education,1,65.41,10.7,SES-2049,2024-04-17,Education,6,Present
42309,21,Male,Education,7,73.63,6.4,SES-2036,2024-02-12,Education,4,Present
42309,21,Male,Education,7,73.63,6.4,SES-2032,2023-11-25,Social Sciences,2,Present
42309,21,Male,Education,7,73.63,6.4,SES-2016,2024-04-12,Social Sciences,6,Absent
42307,23,Female,Social Sciences,5,59.19,10.4,SES-2023,2024-04-21,Business,6,Present
42307,23,Female,Social Sciences,5,59.19,10.4,SES-2014,2024-03-28,Education,5,Present
42307,23,Female,Education,1,70.43,9.0,SES-2029,2023-10-21,Education,2,Present
42306,24,Female,Education,1,70.43,9.0,SES-2006,2024-03-25,Education,5,Present
42305,21,Female,Education,1,70.43,9.0,SES-2007,2024-06-09,Education,7,Absent
42295,21,Male,Computer Science,8,51.03,7.6,SES-2014,2024-03-28,Education,5,Present
42293,20,Male,Engineering,8,49.5,5.0,SES-2035,2023-11-28,Social Sciences,3,Absent
42293,20,Male,Engineering,8,49.5,5.0,SES-2019,2024-06-21,Engineering,7,Absent
42290,23,Male,Computer Science,2,71.44,5.0,SES-2025,2023-11-24,Engineering,3,Absent
42290,23,Male,Computer Science,2,71.44,5.0,SES-2010,2024-03-24,Business,5,Present
42290,23,Female,Social Sciences,7,71.86,7.9,SES-2026,2024-04-19,Business,5,Present
42290,23,Female,Social Sciences,7,71.86,7.9,SES-2017,2024-03-23,Computer Science,4,Present
42289,21,Female,Social Sciences,7,71.86,7.9,SES-2013,2023-10-22,Education,2,Present
42289,21,Female,Social Sciences,7,71.86,7.9,SES-2025,2023-11-24,Engineering,3,Present
42286,17,Female,Social Sciences,4,50.75,10.0,SES-2040,2023-10-24,Business,2,Present
42286,17,Female,Social Sciences,4,50.75,10.0,SES-2032,2023-11-25,Social Sciences,2,Present
42286,17,Female,Social Sciences,4,50.75,10.0,SES-2003,2023-10-08,Engineering,2,Present
42285,21,Male,Social Sciences,4,64.38,10.9,SES-2011,2023-11-03,Engineering,2,Present
42285,21,Female,Social Sciences,2,59.41,9.5,SES-2005,2024-05-15,Engineering,7,Present
42284,20,Female,Social Sciences,2,59.41,9.5,SES-2048,2023-09-03,Computer Science,1,Present
42284,20,Female,Social Sciences,2,59.41,9.5,SES-2009,2024-05-12,Social Sciences,7,Absent
42284,20,Female,Social Sciences,2,59.41,9.5,SES-2016,2024-04-12,Social Sciences,6,Present
42281,23,Male,Engineering,6,47.58,8.9,SES-2045,2024-07-04,Education,8,Absent
42281,23,Male,Engineering,6,47.58,8.9,SES-2012,2024-04-19,Education,5,Present
42281,23,Male,Engineering,6,47.58,8.9,SES-2046,2024-02-11,Computer Science,4,Absent
42280,21,Male,Engineering,6,47.58,8.9,SES-2037,2023-10-16,Computer Science,1,Absent
42280,21,Male,Engineering,6,47.58,8.9,SES-2001,2024-02-05,Computer Science,4,Present
42279,20,Female,Business,6,62.18,7.8,SES-2004,2023-09-23,Engineering,1,Present
42279,20,Female,Business,6,62.18,7.8,SES-2043,2024-05-18,Education,7,Present
42275,21,Male,Education,7,64.67,11.7,SES-2003,2023-10-08,Engineering,2,Present
42275,21,Female,Social Sciences,5,62.35,7.2,SES-2040,2023-10-24,Business,2,Present
42275,21,Female,Social Sciences,5,62.35,7.2,SES-2014,2024-03-28,Education,5,Present
42275,21,Female,Social Sciences,5,62.35,7.2,SES-2015,2023-11-09,Business,2,Present
42275,21,Female,Business,5,77.78,8.2,SES-2016,2024-04-12,Social Sciences,6,Present
42275,21,Female,Business,5,77.78,8.2,SES-2019,2024-06-21,Engineering,7,Absent
42275,21,Female,Business,5,77.78,8.2,SES-2017,2024-03-23,Computer Science,4,Absent
42275,21,Female,Business,5,77.78,8.2,SES-2040,2023-10-24,Business,2,Present
42275,21,Female,Business,5,77.78,8.2,SES-2024,2024-06-05,Social Sciences,7,Present
42275,21,Female,Computer Science,4,72.93,9.3,SES-2007,2024-06-09,Education,7,Present
42274,19,Female,Computer Science,4,72.93,9.3,SES-2018,2023-11-06,Business,3,Present
42274,19,Female,Computer Science,4,72.93,9.3,SES-2012,2024-04-19,Education,5,Present
42270,24,Female,Engineering,2,61.77,7.3,SES-2043,2024-05-18,Education,7,Present
42267,21,Female,Engineering,2,61.77,7.3,SES-2014,2024-03-28,Education,5,Present
42266,17,Male,Social Sciences,4,54.22,5.6,SES-2018,2023-11-06,Business,3,Present
42266,17,Male,Social Sciences,2,74.24,13.5,SES-2047,2024-02-01,Computer Science,4,Present
42265,22,Male,Education,4,51.26,4.2,SES-2048,2023-09-03,Computer Science,1,Absent
42264,19,Male,Education,4,51.26,4.2,SES-2040,2023-10-24,Business,2,Absent
42264,19,Male,Education,4,51.26,4.2,SES-2020,2024-03-27,Computer Science,4,Absent
42263,23,Female,Engineering,6,68.53,9.6,SES-2017,2024-03-23,Computer Science,4,Absent
42263,23,Female,Engineering,6,68.53,9.6,SES-2001,2024-02-05,Computer Science,4,Present
42263,23,Female,Engineering,6,68.53,9.6,SES-2011,2023-11-03,Engineering,2,Present
42263,23,Female,Engineering,6,68.53,9.6,SES-2021,2024-02-26,Social Sciences,4,Present
42262,20,Female,Education,4,45.98,9.6,SES-2003,2023-10-08,Engineering,2,Absent
42260,22,Male,Education,7,73.68,10.7,SES-2026,2024-04-19,Business,5,Present
42260,22,Female,Business,2,60.38,12.2,SES-2008,2024-03-04,Computer Science,4,Present
42260,22,Female,Business,2,60.38,12.2,SES-2026,2024-04-19,Business,5,Present
42259,24,Female,Business,2,60.38,12.2,SES-2038,2023-11-27,Social Sciences,2,Present
42259,24,Female,Business,2,60.38,12.2,SES-2027,2024-04-05,Engineering,6,Present
42259,24,Female,Business,2,60.38,12.2,SES-2001,2024-02-05,Computer Science,4,Absent
42253,18,Male,Education,1,69.76,8.0,SES-2033,2023-11-14,Education,2,Present
42253,18,Male,Education,1,69.76,8.0,SES-2026,2024-04-19,Business,5,Present
42250,20,Male,Education,1,69.76,8.0,SES-2018,2023-11-06,Business,3,Present
42250,20,Female,Computer Science,8,61.82,13.1,SES-2004,2023-09-23,Engineering,1,Present
42250,20,Female,Computer Science,8,61.82,13.1,SES-2019,2024-06-21,Engineering,7,Present
42248,20,Female,Computer Science,8,61.82,13.1,SES-2024,2024-06-05,Social Sciences,7,Present
42248,20,Female,Business,1,57.84,6.8,SES-2020,2024-03-27,Computer Science,4,Present
42247,19,Female,Business,1,57.84,6.8,SES-2034,2024-06-24,Social Sciences,8,Absent
42246,23,Female,Business,1,57.84,6.8,SES-2023,2024-04-21,Business,6,Present
42246,23,Male,Social Sciences,1,90.64,15.3,SES-2031,2024-07-18,Computer Science,8,Present
42246,23,Male,Social Sciences,1,90.64,15.3,SES-2044,2024-04-22,Social Sciences,5,Present
42244,21,Female,Business,8,78.93,13.6,SES-2046,2024-02-11,Computer Science,4,Present
42244,21,Female,Business,8,78.93,13.6,SES-2035,2023-11-28,Social Sciences,3,Present
42244,21,Female,Business,8,78.93,13.6,SES-2008,2024-03-04,Computer Science,4,Present
42243,23,Female,Business,8,78.93,13.6,SES-2005,2024-05-15,Engineering,7,Present
42243,23,Male,Engineering,2,80.39,15.4,SES-2009,2024-05-12,Social Sciences,7,Present
42242,23,Male,Engineering,2,80.39,15.4,SES-2029,2023-10-21,Education,2,Present
42242,23,Male,Engineering,2,80.39,15.4,SES-2035,2023-11-28,Social Sciences,3,Absent
42242,23,Male,Engineering,2,80.39,15.4,SES-2019,2024-06-21,Engineering,7,Present
42241,19,Male,Engineering,2,80.39,15.4,SES-2015,2023-11-09,Business,2,Present
42240,22,Female,Social Sciences,7,88.41,14.2,SES-2041,2023-10-05,Business,2,Present
42237,18,Male,Social Sciences,6,72.17,7.9,SES-2041,2023-10-05,Business,2,Absent
42237,18,Male,Social Sciences,6,72.17,7.9,SES-2009,2024-05-12,Social Sciences,7,Present
42237,18,Male,Social Sciences,6,72.17,7.9,SES-2045,2024-07-04,Education,8,Present
42237,18,Male,Social Sciences,6,72.17,7.9,SES-2043,2024-05-18,Education,7,Absent
42236,20,Male,Social Sciences,6,72.17,7.9,SES-2028,2024-06-25,Computer Science,8,Present
42236,20,Female,Education,1,51.51,7.4,SES-2039,2024-02-08,Engineering,4,Present
42235,22,Female,Education,1,51.51,7.4,SES-2008,2024-03-04,Computer Science,4,Present
42233,17,Male,Business,1,68.99,10.3,SES-2044,2024-04-22,Social Sciences,5,Present
42233,17,Female,Education,4,53.51,12.1,SES-2026,2024-04-19,Business,5,Present
42233,17,Female,Education,4,53.51,12.1,SES-2011,2023-11-03,Engineering,2,Present
42233,17,Female,Education,4,53.51,12.1,SES-2003,2023-10-08,Engineering,2,Present
42232,20,Female,Engineering,7,62.35,9.1,SES-2018,2023-11-06,Business,3,Absent
42231,19,Female,Engineering,7,62.35,9.1,SES-2046,2024-02-11,Computer Science,4,Absent
42224,22,Male,Engineering,7,51.64,4.2,SES-2037,2023-10-16,Computer Science,1,Present
42224,22,Male,Engineering,7,51.64,4.2,SES-2046,2024-02-11,Computer Science,4,Present
42224,22,Male,Engineering,7,51.64,4.2,SES-2023,2024-04-21,Business,6,Absent
42224,22,Male,Engineering,7,51.64,4.2,SES-2003,2023-10-08,Engineering,2,Absent
42224,22,Male,Engineering,7,51.64,4.2,SES-2008,2024-03-04,Computer Science,4,Absent
42222,24,Male,Engineering,6,63.49,14.2,SES-2007,2024-06-09,Education,7,Present
42222,24,Male,Engineering,6,63.49,14.2,SES-2034,2024-06-24,Social Sciences,8,Present
42222,24,Male,Engineering,6,63.49,14.2,SES-2028,2024-06-25,Computer Science,8,Present
42221,19,Male,Engineering,6,63.49,14.2,SES-2027,2024-04-05,Engineering,6,Present
42221,19,Male,Engineering,6,63.49,14.2,SES-2008,2024-03-04,Computer Science,4,Present
42220,19,Male,Computer Science,1,70.64,8.6,SES-2023,2024-04-21,Business,6,Present
42219,18,Male,Computer Science,1,70.64,8.6,SES-2008,2024-03-04,Computer Science,4,Present
42218,19,Male,Computer Science,1,70.64,8.6,SES-2017,2024-03-23,Computer Science,4,Present
42218,19,Male,Computer Science,1,70.64,8.6,SES-2024,2024-06-05,Social Sciences,7,Present
42217,19,Male,Engineering,4,90.56,8.6,SES-2007,2024-06-09,Education,7,Present
42217,19,Male,Engineering,4,90.56,8.6,SES-2036,2024-02-12,Education,4,Absent
42217,19,Male,Engineering,4,90.56,8.6,SES-2022,2024-06-03,Education,7,Present
42217,19,Male,Engineering,4,90.56,8.6,SES-2008,2024-03-04,Computer Science,4,Present
42215,18,Male,Engineering,4,90.56,8.6,SES-2040,2023-10-24,Business,2,Absent
42213,22,Female,Engineering,8,76.82,10.8,SES-2049,2024-04-17,Education,6,Present
42213,22,Male,Computer Science,6,63.63,11.6,SES-2029,2023-10-21,Education,2,Present
42212,21,Male,Computer Science,6,63.63,11.6,SES-2031,2024-07-18,Computer Science,8,Present
42212,21,Male,Computer Science,4,72.95,3.4,SES-2026,2024-04-19,Business,5,Absent
42210,19,Male,Computer Science,4,72.95,3.4,SES-2031,2024-07-18,Computer Science,8,Absent
42210,19,Male,Computer Science,4,72.95,3.4,SES-2049,2024-04-17,Education,6,Absent
42210,19,Male,Computer Science,4,72.95,3.4,SES-2013,2023-10-22,Education,2,Present
42209,24,Male,Computer Science,4,72.95,3.4,SES-2048,2023-09-03,Computer Science,1,Absent
42209,24,Female,Education,8,53.88,7.5,SES-2001,2024-02-05,Computer Science,4,Present
42209,24,Female,Education,8,53.88,7.5,SES-2010,2024-03-24,Business,5,Present
42208,21,Female,Social Sciences,7,64.54,7.9,SES-2033,2023-11-14,Education,2,Present
42208,21,Female,Social Sciences,7,64.54,7.9,SES-2045,2024-07-04,Education,8,Present
42208,21,Female,Social Sciences,7,64.54,7.9,SES-2003,2023-10-08,Engineering,2,Present
42207,21,Male,Education,3,60.94,9.0,SES-2042,2023-12-17,Engineering,3,Present
42207,21,Male,Education,3,60.94,9.0,SES-2008,2024-03-04,Computer Science,4,Present
42207,21,Male,Education,3,60.94,9.0,SES-2001,2024-02-05,Computer Science,4,Present
42207,21,Male,Education,3,60.94,9.0,SES-2023,2024-04-21,Business,6,Present
42207,21,Male,Education,3,60.94,9.0,SES-2015,2023-11-09,Business,2,Absent
42206,19,Female,Education,2,55.19,8.2,SES-2004,2023-09-23,Engineering,1,Present
42206,19,Female,Education,2,55.19,8.2,SES-2006,2024-03-25,Education,5,Absent
42206,19,Female,Education,5,63.3,14.0,SES-2038,2023-11-27,Social Sciences,2,Present
42205,21,Female,Education,5,63.3,14.0,SES-2023,2024-04-21,Business,6,Present
42205,21,Male,Computer Science,4,70.55,10.3,SES-2026,2024-04-19,Business,5,Present
42205,21,Male,Computer Science,4,70.55,10.3,SES-2049,2024-04-17,Education,6,Present
42205,21,Female,Business,4,78.64,9.0,SES-2024,2024-06-05,Social Sciences,7,Absent
42205,21,Female,Business,4,78.64,9.0,SES-2026,2024-04-19,Business,5,Present
42204,20,Female,Business,4,78.64,9.0,SES-2046,2024-02-11,Computer Science,4,Present
42203,23,Female,Business,4,78.64,9.0,SES-2043,2024-05-18,Education,7,Present
42203,23,Female,Business,4,78.64,9.0,SES-2009,2024-05-12,Social Sciences,7,Present
42203,23,Male,Engineering,2,69.81,10.9,SES-2027,2024-04-05,Engineering,6,Absent
42203,23,Male,Engineering,2,69.81,10.9,SES-2037,2023-10-16,Computer Science,1,Present
42202,24,Female,Business,5,59.65,13.7,SES-2003,2023-10-08,Engineering,2,Present
42202,24,Female,Business,5,59.65,13.7,SES-2011,2023-11-03,Engineering,2,Present
42202,24,Female,Business,5,59.65,13.7,SES-2041,2023-10-05,Business,2,Present
42202,24,Female,Engineering,2,56.45,8.5,SES-2023,2024-04-21,Business,6,Absent
42202,24,Female,Engineering,1,67.45,3.7,SES-2047,2024-02-01,Computer Science,4,Present
42202,24,Female,Engineering,1,67.45,3.7,SES-2002,2023-11-02,Computer Science,2,Absent
42201,20,Male,Engineering,8,57.2,6.2,SES-2018,2023-11-06,Business,3,Present
42201,20,Male,Engineering,8,57.2,6.2,SES-2042,2023-12-17,Engineering,3,Present
42199,18,Male,Engineering,2,72.31,8.9,SES-2007,2024-06-09,Education,7,Present
42199,18,Male,Engineering,2,72.31,8.9,SES-2014,2024-03-28,Education,5,Present
42195,22,Male,Business,1,59.4,9.7,SES-2014,2024-03-28,Education,5,Present
42195,22,Male,Business,1,59.4,9.7,SES-2019,2024-06-21,Engineering,7,Present
42194,23,Male,Business,1,59.4,9.7,SES-2009,2024-05-12,Social Sciences,7,Present
42193,22,Male,Business,1,59.4,9.7,SES-2003,2023-10-08,Engineering,2,Present
42191,21,Female,Education,7,52.36,7.4,SES-2038,2023-11-27,Social Sciences,2,Present
42190,20,Female,Education,7,52.36,7.4,SES-2045,2024-07-04,Education,8,Present
42190,20,Female,Education,7,52.36,7.4,SES-2022,2024-06-03,Education,7,Present
42189,19,Female,Education,7,52.36,7.4,SES-2024,2024-06-05,Social Sciences,7,Present
42189,19,Female,Education,7,52.36,7.4,SES-2019,2024-06-21,Engineering,7,Present
42188,18,Female,Computer Science,3,89.61,10.5,SES-2007,2024-06-09,Education,7,Present
42187,22,Female,Computer Science,3,89.61,10.5,SES-2019,2024-06-21,Engineering,7,Present
42187,22,Female,Computer Science,3,89.61,10.5,SES-2001,2024-02-05,Computer Science,4,Present
42187,22,Female,Computer Science,3,89.61,10.5,SES-2042,2023-12-17,Engineering,3,Present
42187,22,Female,Computer Science,3,89.61,10.5,SES-2027,2024-04-05,Engineering,6,Present
42178,19,Female,Computer Science,3,74.67,8.2,SES-2023,2024-04-21,Business,6,Present
42177,21,Female,Computer Science,3,74.67,8.2,SES-2005,2024-05-15,Engineering,7,Absent
42177,21,Female,Computer Science,6,83.83,5.6,SES-2044,2024-04-22,Social Sciences,5,Present
42175,22,Female,Education,7,63.17,8.3,SES-2010,2024-03-24,Business,5,Present
42171,23,Male,Computer Science,4,65.7,7.5,SES-2034,2024-06-24,Social Sciences,8,Present
42170,21,Male,Computer Science,4,65.7,7.5,SES-2032,2023-11-25,Social Sciences,2,Present
42170,21,Male,Computer Science,4,65.7,7.5,SES-2002,2023-11-02,Computer Science,2,Present
42169,24,Male,Computer Science,4,65.7,7.5,SES-2038,2023-11-27,Social Sciences,2,Present
42169,24,Male,Computer Science,4,65.7,7.5,SES-2027,2024-04-05,Engineering,6,Present
42169,24,Female,Social Sciences,1,56.34,4.6,SES-2012,2024-04-19,Education,5,Absent
42167,23,Male,Engineering,1,75.57,8.2,SES-2037,2023-10-16,Computer Science,1,Present
42165,21,Male,Engineering,1,75.57,8.2,SES-2011,2023-11-03,Engineering,2,Present
42164,24,Male,Engineering,1,75.57,8.2,SES-2045,2024-07-04,Education,8,Present
42164,24,Male,Engineering,1,75.57,8.2,SES-2018,2023-11-06,Business,3,Absent
42164,24,Female,Computer Science,8,73.74,10.2,SES-2047,2024-02-01,Computer Science,4,Present
42164,24,Female,Business,1,65.39,6.3,SES-2048,2023-09-03,Computer Science,1,Present
42164,24,Female,Business,1,65.39,6.3,SES-2029,2023-10-21,Education,2,Present
42162,19,Male,Engineering,7,73.56,8.2,SES-2001,2024-02-05,Computer Science,4,Present
42161,19,Male,Engineering,7,73.56,8.2,SES-2023,2024-04-21,Business,6,Present
42161,19,Male,Engineering,7,73.56,8.2,SES-2024,2024-06-05,Social Sciences,7,Absent
42161,19,Male,Engineering,7,73.56,8.2,SES-2021,2024-02-26,Social Sciences,4,Present
42161,19,Male,Engineering,7,73.56,8.2,SES-2032,2023-11-25,Social Sciences,2,Absent
42157,17,Male,Computer Science,2,52.12,5.0,SES-2010,2024-03-24,Business,5,Present
42157,17,Male,Computer Science,2,52.12,5.0,SES-2026,2024-04-19,Business,5,Present
42155,21,Male,Business,3,58.91,5.0,SES-2030,2024-05-13,Business,7,Present
42154,18,Male,Business,3,58.91,5.0,SES-2037,2023-10-16,Computer Science,1,Present
42154,18,Male,Engineering,7,43.99,5.2,SES-2024,2024-06-05,Social Sciences,7,Absent
42152,21,Male,Engineering,7,43.99,5.2,SES-2030,2024-05-13,Business,7,Absent
42152,21,Female,Engineering,1,89.09,13.4,SES-2044,2024-04-22,Social Sciences,5,Present
42152,21,Female,Engineering,1,89.09,13.4,SES-2038,2023-11-27,Social Sciences,2,Present
42152,21,Female,Business,5,71.92,5.1,SES-2023,2024-04-21,Business,6,Present
42151,22,Male,Business,5,64.46,6.5,SES-2009,2024-05-12,Social Sciences,7,Present
42151,22,Male,Business,5,64.46,6.5,SES-2001,2024-02-05,Computer Science,4,Absent
42151,22,Male,Business,5,64.46,6.5,SES-2010,2024-03-24,Business,5,Present
42148,21,Female,Engineering,1,68.4,12.1,SES-2047,2024-02-01,Computer Science,4,Present
42148,21,Female,Engineering,1,68.4,12.1,SES-2008,2024-03-04,Computer Science,4,Present
42147,22,Female,Engineering,1,68.4,12.1,SES-2004,2023-09-23,Engineering,1,Absent
42147,22,Female,Engineering,1,68.4,12.1,SES-2036,2024-02-12,Education,4,Present
42147,22,Female,Engineering,1,68.4,12.1,SES-2041,2023-10-05,Business,2,Present
42147,22,Male,Social Sciences,8,50.45,8.5,SES-2018,2023-11-06,Business,3,Present
42147,22,Male,Social Sciences,8,50.45,8.5,SES-2000,2023-10-24,Social Sciences,2,Present
42146,19,Male,Social Sciences,8,50.45,8.5,SES-2035,2023-11-28,Social Sciences,3,Absent
42146,19,Male,Engineering,5,74.66,10.7,SES-2004,2023-09-23,Engineering,1,Present
42146,19,Male,Engineering,5,74.66,10.7,SES-2032,2023-11-25,Social Sciences,2,Absent
42146,19,Male,Engineering,5,74.66,10.7,SES-2047,2024-02-01,Computer Science,4,Present
42145,24,Male,Engineering,5,74.66,10.7,SES-2046,2024-02-11,Computer Science,4,Present
42145,24,Male,Engineering,5,74.66,10.7,SES-2022,2024-06-03,Education,7,Present
42145,24,Female,Computer Science,3,58.82,9.4,SES-2035,2023-11-28,Social Sciences,3,Present
42144,22,Male,Computer Science,6,55.98,6.9,SES-2043,2024-05-18,Education,7,Present
42133,23,Male,Business,6,82.11,5.2,SES-2029,2023-10-21,Education,2,Present
42132,19,Male,Business,6,82.11,5.2,SES-2005,2024-05-15,Engineering,7,Present
42132,19,Male,Business,3,59.71,6.2,SES-2045,2024-07-04,Education,8,Absent
42132,19,Male,Business,3,59.71,6.2,SES-2036,2024-02-12,Education,4,Present
42132,19,Male,Business,3,59.71,6.2,SES-2049,2024-04-17,Education,6,Present
42132,19,Male,Business,3,59.71,6.2,SES-2020,2024-03-27,Computer Science,4,Present
42131,21,Female,Business,2,80.0,13.2,SES-2042,2023-12-17,Engineering,3,Present
42131,21,Female,Business,2,80.0,13.2,SES-2041,2023-10-05,Business,2,Present
42131,21,Female,Business,2,80.0,13.2,SES-2039,2024-02-08,Engineering,4,Present
42130,18,Female,Business,2,80.0,13.2,SES-2005,2024-05-15,Engineering,7,Present
42130,18,Female,Business,2,80.0,13.2,SES-2048,2023-09-03,Computer Science,1,Absent
42130,18,Female,Education,5,88.82,7.9,SES-2024,2024-06-05,Social Sciences,7,Present
42130,18,Female,Education,5,88.82,7.9,SES-2043,2024-05-18,Education,7,Present
42130,18,Female,Education,5,88.82,7.9,SES-2018,2023-11-06,Business,3,Present
42129,20,Male,Social Sciences,6,57.75,10.3,SES-2049,2024-04-17,Education,6,Absent
42129,20,Male,Social Sciences,6,57.75,10.3,SES-2044,2024-04-22,Social Sciences,5,Present
42129,20,Male,Social Sciences,6,57.75,10.3,SES-2038,2023-11-27,Social Sciences,2,Present
42128,23,Male,Social Sciences,6,57.75,10.3,SES-2009,2024-05-12,Social Sciences,7,Present
42128,23,Male,Social Sciences,6,57.75,10.3,SES-2047,2024-02-01,Computer Science,4,Present
42128,23,Female,Education,8,66.21,9.7,SES-2044,2024-04-22,Social Sciences,5,Present
42128,23,Female,Education,8,66.21,9.7,SES-2012,2024-04-19,Education,5,Present
42127,20,Female,Education,8,66.21,9.7,SES-2004,2023-09-23,Engineering,1,Present
42127,20,Female,Education,8,66.21,9.7,SES-2016,2024-04-12,Social Sciences,6,Present
42126,22,Male,Education,1,68.27,7.8,SES-2032,2023-11-25,Social Sciences,2,Present
42125,22,Male,Education,1,68.27,7.8,SES-2024,2024-06-05,Social Sciences,7,Present
42125,22,Male,Education,1,68.27,7.8,SES-2009,2024-05-12,Social Sciences,7,Present
42125,22,Male,Education,1,68.27,7.8,SES-2040,2023-10-24,Business,2,Present
42124,21,Male,Education,1,68.27,7.8,SES-2025,2023-11-24,Engineering,3,Present
42122,17,Male,Social Sciences,7,60.27,1.2,SES-2040,2023-10-24,Business,2,Present
42122,17,Male,Social Sciences,7,60.27,1.2,SES-2033,2023-11-14,Education,2,Absent
42122,17,Male,Social Sciences,7,60.27,1.2,SES-2009,2024-05-12,Social Sciences,7,Absent
42122,17,Female,Engineering,3,59.78,8.4,SES-2004,2023-09-23,Engineering,1,Present
42120,18,Female,Business,4,60.4,1.9,SES-2031,2024-07-18,Computer Science,8,Present
42120,18,Female,Business,4,60.4,1.9,SES-2001,2024-02-05,Computer Science,4,Absent
42120,18,Female,Business,6,64.51,7.7,SES-2032,2023-11-25,Social Sciences,2,Present
42120,18,Female,Business,6,64.51,7.7,SES-2031,2024-07-18,Computer Science,8,Present
42118,22,Female,Business,6,64.51,7.7,SES-2040,2023-10-24,Business,2,Present
42116,17,Male,Computer Science,5,73.18,13.1,SES-2033,2023-11-14,Education,2,Absent
42112,23,Female,Engineering,1,81.53,7.1,SES-2005,2024-05-15,Engineering,7,Present
42112,23,Male,Business,6,64.65,13.0,SES-2005,2024-05-15,Engineering,7,Present
42112,23,Male,Business,6,57.09,4.3,SES-2018,2023-11-06,Business,3,Present
42111,19,Male,Business,6,57.09,4.3,SES-2047,2024-02-01,Computer Science,4,Absent
42111,19,Male,Business,6,57.09,4.3,SES-2037,2023-10-16,Computer Science,1,Present
42111,19,Male,Business,6,57.09,4.3,SES-2012,2024-04-19,Education,5,Absent
42110,21,Male,Business,6,57.09,4.3,SES-2042,2023-12-17,Engineering,3,Present
42110,21,Female,Business,5,79.38,11.8,SES-2033,2023-11-14,Education,2,Present
42107,22,Female,Education,2,84.02,10.9,SES-2040,2023-10-24,Business,2,Present
42106,21,Female,Education,2,84.02,10.9,SES-2011,2023-11-03,Engineering,2,Present
42105,19,Female,Education,2,84.02,10.9,SES-2018,2023-11-06,Business,3,Present
42105,19,Female,Education,2,84.02,10.9,SES-2000,2023-10-24,Social Sciences,2,Absent
42105,19,Male,Social Sciences,3,64.0,5.3,SES-2041,2023-10-05,Business,2,Present
42105,19,Male,Social Sciences,3,64.0,5.3,SES-2021,2024-02-26,Social Sciences,4,Absent
42104,19,Male,Social Sciences,3,64.0,5.3,SES-2030,2024-05-13,Business,7,Present
42104,19,Male,Social Sciences,3,64.0,5.3,SES-2025,2023-11-24,Engineering,3,Present
42104,19,Male,Social Sciences,3,64.0,5.3,SES-2005,2024-05-15,Engineering,7,Present
42102,18,Female,Education,7,51.74,10.7,SES-2044,2024-04-22,Social Sciences,5,Present
42101,23,Male,Engineering,3,80.92,9.7,SES-2025,2023-11-24,Engineering,3,Present
42100,22,Male,Business,1,52.73,5.3,SES-2015,2023-11-09,Business,2,Absent
42100,22,Male,Business,1,52.73,5.3,SES-2017,2024-03-23,Computer Science,4,Present
42100,22,Male,Business,1,52.73,5.3,SES-2047,2024-02-01,Computer Science,4,Absent
42099,21,Male,Business,1,52.73,5.3,SES-2002,2023-11-02,Computer Science,2,Present
42098,20,Male,Engineering,5,55.28,2.6,SES-2034,2024-06-24,Social Sciences,8,Absent
42097,21,Male,Engineering,5,55.28,2.6,SES-2000,2023-10-24,Social Sciences,2,Absent
42097,21,Male,Engineering,5,55.28,2.6,SES-2012,2024-04-19,Education,5,Present
42096,20,Male,Engineering,5,55.28,2.6,SES-2036,2024-02-12,Education,4,Absent
42096,20,Male,Engineering,5,55.28,2.6,SES-2022,2024-06-03,Education,7,Absent
42092,24,Female,Social Sciences,5,61.26,9.8,SES-2016,2024-04-12,Social Sciences,6,Present
42092,24,Male,Engineering,7,59.02,11.5,SES-2024,2024-06-05,Social Sciences,7,Absent
42091,23,Male,Engineering,7,59.02,11.5,SES-2044,2024-04-22,Social Sciences,5,Present
42091,23,Male,Engineering,7,59.02,11.5,SES-2046,2024-02-11,Computer Science,4,Absent
42087,23,Male,Engineering,2,66.89,11.3,SES-2047,2024-02-01,Computer Science,4,Present
42085,17,Female,Social Sciences,7,37.85,9.0,SES-2030,2024-05-13,Business,7,Present
42085,17,Female,Social Sciences,7,37.85,9.0,SES-2026,2024-04-19,Business,5,Absent
42083,20,Female,Computer Science,1,66.94,8.4,SES-2031,2024-07-18,Computer Science,8,Absent
42083,20,Male,Business,1,58.57,5.0,SES-2032,2023-11-25,Social Sciences,2,Present
42081,23,Male,Business,1,58.57,5.0,SES-2004,2023-09-23,Engineering,1,Absent
42078,23,Female,Education,1,45.27,11.4,SES-2030,2024-05-13,Business,7,Absent
42078,23,Female,Education,1,45.27,11.4,SES-2031,2024-07-18,Computer Science,8,Absent
42078,23,Male,Education,8,58.95,6.3,SES-2011,2023-11-03,Engineering,2,Present
42078,23,Male,Education,8,58.95,6.3,SES-2024,2024-06-05,Social Sciences,7,Present
42078,23,Male,Education,8,58.95,6.3,SES-2010,2024-03-24,Business,5,Absent
42077,20,Male,Education,8,58.95,6.3,SES-2020,2024-03-27,Computer Science,4,Present
42077,20,Male,Education,8,58.95,6.3,SES-2017,2024-03-23,Computer Science,4,Present
42077,20,Female,Social Sciences,6,65.62,7.7,SES-2033,2023-11-14,Education,2,Present
42077,20,Female,Social Sciences,6,65.62,7.7,SES-2042,2023-12-17,Engineering,3,Present
42074,24,Female,Business,1,48.0,7.9,SES-2021,2024-02-26,Social Sciences,4,Absent
42074,24,Female,Business,1,48.0,7.9,SES-2020,2024-03-27,Computer Science,4,Absent
42074,24,Female,Business,1,48.0,7.9,SES-2009,2024-05-12,Social Sciences,7,Absent
42074,24,Female,Business,1,48.0,7.9,SES-2034,2024-06-24,Social Sciences,8,Absent
42073,20,Female,Business,7,66.3,8.7,SES-2047,2024-02-01,Computer Science,4,Present
42073,20,Female,Business,7,66.3,8.7,SES-2001,2024-02-05,Computer Science,4,Present
42073,20,Female,Business,7,66.3,8.7,SES-2027,2024-04-05,Engineering,6,Present
42072,20,Female,Business,7,66.3,8.7,SES-2032,2023-11-25,Social Sciences,2,Present
42072,20,Male,Education,2,58.17,8.9,SES-2047,2024-02-01,Computer Science,4,Present
42072,20,Male,Education,2,58.17,8.9,SES-2017,2024-03-23,Computer Science,4,Present
42072,20,Male,Engineering,4,71.19,11.0,SES-2020,2024-03-27,Computer Science,4,Present
42071,19,Male,Engineering,4,71.19,11.0,SES-2033,2023-11-14,Education,2,Present
42071,19,Male,Engineering,4,71.19,11.0,SES-2019,2024-06-21,Engineering,7,Absent
42071,19,Male,Engineering,4,71.19,11.0,SES-2030,2024-05-13,Business,7,Present
42071,19,Male,Engineering,4,71.19,11.0,SES-2031,2024-07-18,Computer Science,8,Present
42069,20,Female,Business,5,58.77,9.1,SES-2046,2024-02-11,Computer Science,4,Present
42069,20,Female,Business,5,58.77,9.1,SES-2044,2024-04-22,Social Sciences,5,Present
42069,20,Female,Business,5,58.77,9.1,SES-2040,2023-10-24,Business,2,Absent
42069,20,Female,Business,5,58.77,9.1,SES-2017,2024-03-23,Computer Science,4,Present
42069,20,Male,Computer Science,3,61.51,12.7,SES-2014,2024-03-28,Education,5,Present
42068,23,Male,Computer Science,3,61.51,12.7,SES-2012,2024-04-19,Education,5,Absent
42064,23,Female,Engineering,8,47.2,9.5,SES-2010,2024-03-24,Business,5,Present
42064,23,Female,Engineering,8,47.2,9.5,SES-2007,2024-06-09,Education,7,Absent
42064,23,Female,Engineering,8,47.2,9.5,SES-2006,2024-03-25,Education,5,Present
42059,22,Female,Education,2,71.0,14.0,SES-2045,2024-07-04,Education,8,Present
42058,22,Female,Education,2,71.0,14.0,SES-2002,2023-11-02,Computer Science,2,Present
42055,21,Female,Business,4,69.29,8.4,SES-2049,2024-04-17,Education,6,Present
42055,21,Female,Business,4,69.29,8.4,SES-2046,2024-02-11,Computer Science,4,Present
42054,19,Male,Business,3,56.27,6.9,SES-2044,2024-04-22,Social Sciences,5,Present
42054,19,Male,Business,3,56.27,6.9,SES-2011,2023-11-03,Engineering,2,Present
42053,19,Male,Business,3,56.27,6.9,SES-2031,2024-07-18,Computer Science,8,Present
42052,21,Female,Education,4,82.26,6.2,SES-2025,2023-11-24,Engineering,3,Present
42052,21,Female,Education,4,82.26,6.2,SES-2018,2023-11-06,Business,3,Present
42052,21,Female,Education,4,82.26,6.2,SES-2008,2024-03-04,Computer Science,4,Present
42052,21,Male,Social Sciences,5,60.61,7.1,SES-2004,2023-09-23,Engineering,1,Present
42051,27,Male,Social Sciences,5,60.61,7.1,SES-2013,2023-10-22,Education,2,Present
42051,27,Male,Social Sciences,5,60.61,7.1,SES-2025,2023-11-24,Engineering,3,Present
42051,27,Male,Social Sciences,5,60.61,7.1,SES-2006,2024-03-25,Education,5,Absent
42048,21,Female,Business,6,91.04,12.4,SES-2007,2024-06-09,Education,7,Present
42048,21,Female,Business,6,91.04,12.4,SES-2046,2024-02-11,Computer Science,4,Present
42048,21,Female,Business,6,91.04,12.4,SES-2045,2024-07-04,Education,8,Present
42047,21,Female,Business,6,91.04,12.4,SES-2012,2024-04-19,Education,5,Present
42047,21,Female,Business,6,91.04,12.4,SES-2033,2023-11-14,Education,2,Present
42047,21,Female,Computer Science,7,61.71,12.5,SES-2039,2024-02-08,Engineering,4,Present
42040,22,Male,Business,4,62.39,6.2,SES-2028,2024-06-25,Computer Science,8,Present
42040,22,Male,Business,4,62.39,6.2,SES-2022,2024-06-03,Education,7,Present
42040,22,Male,Business,4,62.39,6.2,SES-2001,2024-02-05,Computer Science,4,Absent
42040,22,Male,Business,4,62.39,6.2,SES-2024,2024-06-05,Social Sciences,7,Present
42040,22,Female,Engineering,6,40.0,7.3,SES-2005,2024-05-15,Engineering,7,Absent
42039,19,Female,Engineering,6,40.0,7.3,SES-2037,2023-10-16,Computer Science,1,Absent
42039,19,Female,Engineering,6,40.0,7.3,SES-2027,2024-04-05,Engineering,6,Absent
42039,19,Female,Engineering,6,40.0,7.3,SES-2049,2024-04-17,Education,6,Absent
42038,23,Female,Computer Science,3,59.88,11.1,SES-2019,2024-06-21,Engineering,7,Present
42034,22,Female,Engineering,3,47.29,10.8,SES-2049,2024-04-17,Education,6,Absent
42033,17,Female,Engineering,3,47.29,10.8,SES-2028,2024-06-25,Computer Science,8,Absent
42033,17,Female,Engineering,3,47.29,10.8,SES-2000,2023-10-24,Social Sciences,2,Absent
42033,17,Female,Engineering,3,47.29,10.8,SES-2044,2024-04-22,Social Sciences,5,Absent
42032,22,Female,Education,2,59.58,8.0,SES-2006,2024-03-25,Education,5,Absent
42032,22,Female,Education,2,59.58,8.0,SES-2024,2024-06-05,Social Sciences,7,Present
42031,21,Male,Business,5,57.86,9.0,SES-2017,2024-03-23,Computer Science,4,Present
42031,21,Male,Business,5,57.86,9.0,SES-2039,2024-02-08,Engineering,4,Present
42031,21,Female,Engineering,6,47.45,5.5,SES-2037,2023-10-16,Computer Science,1,Present
42030,17,Female,Engineering,4,61.73,8.8,SES-2045,2024-07-04,Education,8,Present
42030,17,Male,Social Sciences,6,64.59,11.0,SES-2008,2024-03-04,Computer Science,4,Present
42029,20,Male,Social Sciences,6,64.59,11.0,SES-2020,2024-03-27,Computer Science,4,Present
42029,20,Male,Social Sciences,6,64.59,11.0,SES-2038,2023-11-27,Social Sciences,2,Present
42029,20,Male,Social Sciences,6,64.59,11.0,SES-2021,2024-02-26,Social Sciences,4,Absent
42029,20,Male,Social Sciences,6,64.59,11.0,SES-2022,2024-06-03,Education,7,Absent
42029,20,Male,Business,5,59.81,11.8,SES-2025,2023-11-24,Engineering,3,Present
42025,20,Female,Education,2,73.98,9.7,SES-2045,2024-07-04,Education,8,Present
42025,20,Female,Computer Science,6,83.24,10.9,SES-2037,2023-10-16,Computer Science,1,Present
42024,20,Female,Computer Science,6,83.24,10.9,SES-2047,2024-02-01,Computer Science,4,Present
42024,20,Female,Computer Science,6,83.24,10.9,SES-2008,2024-03-04,Computer Science,4,Present
42024,20,Female,Engineering,5,43.24,4.4,SES-2022,2024-06-03,Education,7,Present
42024,20,Female,Engineering,5,43.24,4.4,SES-2015,2023-11-09,Business,2,Present
42021,21,Female,Engineering,5,84.2,7.7,SES-2018,2023-11-06,Business,3,Present
42021,21,Female,Engineering,5,83.02,7.5,SES-2022,2024-06-03,Education,7,Present
42021,21,Male,Social Sciences,6,86.66,7.9,SES-2031,2024-07-18,Computer Science,8,Present
42018,20,Male,Computer Science,8,53.07,7.5,SES-2044,2024-04-22,Social Sciences,5,Present
42015,21,Male,Computer Science,2,80.23,15.2,SES-2033,2023-11-14,Education,2,Present
42014,20,Male,Computer Science,4,68.64,13.0,SES-2002,2023-11-02,Computer Science,2,Present
42014,20,Male,Computer Science,4,68.64,13.0,SES-2029,2023-10-21,Education,2,Present
42013,19,Male,Computer Science,4,68.64,13.0,SES-2040,2023-10-24,Business,2,Present
42010,20,Female,Social Sciences,4,49.67,10.5,SES-2020,2024-03-27,Computer Science,4,Absent
42010,20,Female,Social Sciences,4,49.67,10.5,SES-2000,2023-10-24,Social Sciences,2,Present
42010,20,Male,Engineering,8,65.99,5.6,SES-2048,2023-09-03,Computer Science,1,Present
42009,21,Male,Engineering,8,65.99,5.6,SES-2044,2024-04-22,Social Sciences,5,Present
42006,21,Male,Engineering,1,85.18,9.9,SES-2021,2024-02-26,Social Sciences,4,Present
42005,21,Male,Engineering,1,85.18,9.9,SES-2039,2024-02-08,Engineering,4,Present
42005,21,Male,Engineering,1,85.18,9.9,SES-2002,2023-11-02,Computer Science,2,Present
42004,23,Male,Engineering,1,85.18,9.9,SES-2045,2024-07-04,Education,8,Present
42004,23,Male,Engineering,1,85.18,9.9,SES-2003,2023-10-08,Engineering,2,Present
42002,17,Male,Computer Science,3,69.48,6.4,SES-2031,2024-07-18,Computer Science,8,Present
42002,17,Male,Computer Science,3,69.48,6.4,SES-2015,2023-11-09,Business,2,Present
42002,17,Male,Computer Science,3,69.48,6.4,SES-2045,2024-07-04,Education,8,Present
41999,17,Female,Engineering,6,55.28,3.6,SES-2007,2024-06-09,Education,7,Present
41999,17,Female,Engineering,6,55.28,3.6,SES-2023,2024-04-21,Business,6,Absent
41998,23,Female,Computer Science,5,98.98,15.3,SES-2035,2023-11-28,Social Sciences,3,Present
41998,23,Female,Computer Science,5,98.98,15.3,SES-2009,2024-05-12,Social Sciences,7,Present
41998,23,Female,Computer Science,5,98.98,15.3,SES-2048,2023-09-03,Computer Science,1,Present
41997,26,Male,Computer Science,8,76.93,7.6,SES-2026,2024-04-19,Business,5,Present
41997,26,Male,Computer Science,8,76.93,7.6,SES-2021,2024-02-26,Social Sciences,4,Present
41997,26,Male,Computer Science,8,76.93,7.6,SES-2004,2023-09-23,Engineering,1,Present
41996,20,Male,Computer Science,8,76.93,7.6,SES-2030,2024-05-13,Business,7,Absent
41993,23,Female,Engineering,5,71.9,6.1,SES-2026,2024-04-19,Business,5,Present
41990,24,Female,Education,4,54.8,10.4,SES-2027,2024-04-05,Engineering,6,Present
41990,24,Female,Education,4,54.8,10.4,SES-2038,2023-11-27,Social Sciences,2,Absent
41990,24,Female,Education,4,54.8,10.4,SES-2022,2024-06-03,Education,7,Present
41988,27,Female,Engineering,4,74.99,8.8,SES-2000,2023-10-24,Social Sciences,2,Present
41988,27,Female,Engineering,4,74.99,8.8,SES-2012,2024-04-19,Education,5,Present
41986,21,Male,Social Sciences,3,49.29,10.1,SES-2006,2024-03-25,Education,5,Absent
41985,22,Male,Social Sciences,3,49.29,10.1,SES-2042,2023-12-17,Engineering,3,Absent
41983,25,Male,Social Sciences,3,49.29,10.1,SES-2007,2024-06-09,Education,7,Present
41983,25,Male,Social Sciences,3,49.29,10.1,SES-2008,2024-03-04,Computer Science,4,Present
41983,25,Male,Social Sciences,3,49.29,10.1,SES-2016,2024-04-12,Social Sciences,6,Absent
41980,17,Female,Education,1,82.28,11.7,SES-2004,2023-09-23,Engineering,1,Present
41979,21,Female,Education,1,82.28,11.7,SES-2031,2024-07-18,Computer Science,8,Present
41979,21,Female,Education,1,82.28,11.7,SES-2046,2024-02-11,Computer Science,4,Present
41979,21,Female,Education,1,82.28,11.7,SES-2022,2024-06-03,Education,7,Present
41978,21,Female,Education,1,82.28,11.7,SES-2036,2024-02-12,Education,4,Present
41977,20,Male,Business,5,43.03,11.1,SES-2027,2024-04-05,Engineering,6,Present
41977,20,Male,Business,5,43.03,11.1,SES-2013,2023-10-22,Education,2,Absent
41977,20,Male,Business,5,43.03,11.1,SES-2029,2023-10-21,Education,2,Absent
41973,24,Female,Education,8,83.47,10.8,SES-2014,2024-03-28,Education,5,Present
41970,24,Female,Computer Science,5,51.77,9.4,SES-2014,2024-03-28,Education,5,Present
41970,24,Female,Computer Science,5,51.77,9.4,SES-2047,2024-02-01,Computer Science,4,Present
41970,24,Female,Computer Science,5,51.77,9.4,SES-2000,2023-10-24,Social Sciences,2,Present
41969,20,Female,Computer Science,5,51.77,9.4,SES-2029,2023-10-21,Education,2,Present
41969,20,Female,Computer Science,5,51.77,9.4,SES-2005,2024-05-15,Engineering,7,Present
41969,20,Female,Engineering,2,47.74,7.4,SES-2000,2023-10-24,Social Sciences,2,Absent
41969,20,Female,Engineering,2,47.74,7.4,SES-2049,2024-04-17,Education,6,Present
41968,22,Female,Engineering,2,47.74,7.4,SES-2039,2024-02-08,Engineering,4,Present
41968,22,Female,Engineering,2,47.74,7.4,SES-2010,2024-03-24,Business,5,Absent
41968,22,Female,Engineering,2,47.74,7.4,SES-2004,2023-09-23,Engineering,1,Absent
41968,22,Female,Engineering,4,39.41,0.9,SES-2003,2023-10-08,Engineering,2,Present
41967,21,Female,Engineering,4,39.41,0.9,SES-2038,2023-11-27,Social Sciences,2,Absent
41967,21,Female,Engineering,4,39.41,0.9,SES-2034,2024-06-24,Social Sciences,8,Absent
41966,20,Female,Engineering,4,39.41,0.9,SES-2043,2024-05-18,Education,7,Absent
41966,20,Female,Engineering,4,39.41,0.9,SES-2001,2024-02-05,Computer Science,4,Absent
41965,24,Female,Computer Science,4,57.27,10.2,SES-2038,2023-11-27,Social Sciences,2,Present
41964,21,Male,Computer Science,1,43.82,11.2,SES-2002,2023-11-02,Computer Science,2,Absent
41964,21,Male,Computer Science,1,43.82,11.2,SES-2036,2024-02-12,Education,4,Absent
41964,21,Male,Business,1,57.54,4.8,SES-2007,2024-06-09,Education,7,Absent
41964,21,Male,Business,1,57.54,4.8,SES-2037,2023-10-16,Computer Science,1,Absent
41962,19,Male,Business,1,57.54,4.8,SES-2008,2024-03-04,Computer Science,4,Absent
41962,19,Male,Business,1,57.54,4.8,SES-2015,2023-11-09,Business,2,Absent
41960,22,Female,Social Sciences,8,80.25,6.0,SES-2047,2024-02-01,Computer Science,4,Absent
41960,22,Female,Social Sciences,8,80.25,6.0,SES-2048,2023-09-03,Computer Science,1,Absent
41960,22,Female,Social Sciences,8,80.25,6.0,SES-2042,2023-12-17,Engineering,3,Present
41960,22,Female,Social Sciences,8,80.25,6.0,SES-2008,2024-03-04,Computer Science,4,Present
41959,21,Male,Business,6,78.62,11.4,SES-2012,2024-04-19,Education,5,Present
41959,21,Male,Business,6,78.62,11.4,SES-2029,2023-10-21,Education,2,Absent
41957,22,Female,Computer Science,7,53.13,6.3,SES-2018,2023-11-06,Business,3,Present
41957,22,Female,Computer Science,7,53.13,6.3,SES-2019,2024-06-21,Engineering,7,Present
41955,19,Male,Computer Science,4,49.35,10.5,SES-2023,2024-04-21,Business,6,Present
41955,19,Male,Computer Science,4,49.35,10.5,SES-2034,2024-06-24,Social Sciences,8,Absent
41954,22,Male,Computer Science,4,49.35,10.5,SES-2017,2024-03-23,Computer Science,4,Absent
41953,21,Male,Computer Science,4,49.35,10.5,SES-2048,2023-09-03,Computer Science,1,Absent
41953,21,Male,Business,6,54.05,9.6,SES-2010,2024-03-24,Business,5,Present
41953,21,Male,Business,6,54.05,9.6,SES-2005,2024-05-15,Engineering,7,Present
41948,23,Male,Computer Science,3,64.64,8.0,SES-2011,2023-11-03,Engineering,2,Absent
41948,23,Male,Computer Science,3,64.64,8.0,SES-2022,2024-06-03,Education,7,Present
41946,18,Male,Computer Science,3,64.64,8.0,SES-2000,2023-10-24,Social Sciences,2,Absent
41945,18,Male,Computer Science,3,64.64,8.0,SES-2013,2023-10-22,Education,2,Present
41945,18,Female,Social Sciences,6,65.07,7.1,SES-2032,2023-11-25,Social Sciences,2,Present
41945,18,Female,Social Sciences,6,65.07,7.1,SES-2042,2023-12-17,Engineering,3,Present
41945,18,Female,Social Sciences,6,65.07,7.1,SES-2038,2023-11-27,Social Sciences,2,Present
41945,18,Female,Social Sciences,6,65.07,7.1,SES-2017,2024-03-23,Computer Science,4,Present
41944,24,Female,Social Sciences,6,65.07,7.1,SES-2001,2024-02-05,Computer Science,4,Present
41939,18,Male,Computer Science,2,76.86,7.4,SES-2020,2024-03-27,Computer Science,4,Present
41939,18,Male,Computer Science,2,76.86,7.4,SES-2021,2024-02-26,Social Sciences,4,Present
41939,18,Male,Computer Science,2,76.86,7.4,SES-2041,2023-10-05,Business,2,Present
41938,19,Male,Computer Science,7,69.13,10.5,SES-2028,2024-06-25,Computer Science,8,Present
41938,19,Male,Computer Science,7,69.13,10.5,SES-2041,2023-10-05,Business,2,Present
41938,19,Male,Computer Science,7,69.13,10.5,SES-2012,2024-04-19,Education,5,Present
41937,17,Male,Computer Science,7,69.13,10.5,SES-2046,2024-02-11,Computer Science,4,Present
41937,17,Male,Business,7,64.41,11.2,SES-2006,2024-03-25,Education,5,Present
41937,17,Male,Business,7,64.41,11.2,SES-2009,2024-05-12,Social Sciences,7,Present
41936,24,Male,Business,7,64.41,11.2,SES-2028,2024-06-25,Computer Science,8,Present
41936,24,Female,Social Sciences,6,67.57,5.0,SES-2035,2023-11-28,Social Sciences,3,Present
41936,24,Female,Social Sciences,6,67.57,5.0,SES-2034,2024-06-24,Social Sciences,8,Present
41936,24,Female,Social Sciences,6,67.57,5.0,SES-2049,2024-04-17,Education,6,Present
41932,20,Male,Social Sciences,5,75.24,11.7,SES-2038,2023-11-27,Social Sciences,2,Present
41931,20,Male,Social Sciences,5,75.24,11.7,SES-2005,2024-05-15,Engineering,7,Present
41931,20,Male,Social Sciences,5,75.24,11.7,SES-2046,2024-02-11,Computer Science,4,Present
41929,21,Female,Business,3,60.21,9.9,SES-2015,2023-11-09,Business,2,Present
41929,21,Female,Business,3,60.21,9.9,SES-2047,2024-02-01,Computer Science,4,Present
41928,19,Male,Engineering,6,46.06,5.8,SES-2042,2023-12-17,Engineering,3,Present
41928,19,Female,Computer Science,1,83.03,14.4,SES-2009,2024-05-12,Social Sciences,7,Absent
41927,22,Male,Business,7,57.1,12.4,SES-2020,2024-03-27,Computer Science,4,Present
41927,22,Male,Business,7,57.1,12.4,SES-2043,2024-05-18,Education,7,Present
41924,19,Female,Computer Science,7,62.08,7.9,SES-2002,2023-11-02,Computer Science,2,Present
41923,18,Female,Computer Science,7,62.08,7.9,SES-2043,2024-05-18,Education,7,Present
41923,18,Female,Computer Science,7,62.08,7.9,SES-2021,2024-02-26,Social Sciences,4,Present
41923,18,Female,Computer Science,7,62.08,7.9,SES-2013,2023-10-22,Education,2,Present
41922,19,Female,Computer Science,7,62.08,7.9,SES-2015,2023-11-09,Business,2,Absent
41921,22,Female,Education,1,55.61,5.6,SES-2013,2023-10-22,Education,2,Present
41921,22,Female,Engineering,6,55.67,2.6,SES-2023,2024-04-21,Business,6,Absent
41917,21,Female,Engineering,8,77.15,8.8,SES-2045,2024-07-04,Education,8,Present
41916,22,Male,Computer Science,4,59.72,6.1,SES-2003,2023-10-08,Engineering,2,Present
41911,18,Female,Business,1,45.2,5.8,SES-2040,2023-10-24,Business,2,Absent
41911,18,Female,Business,1,45.2,5.8,SES-2013,2023-10-22,Education,2,Present
41910,22,Female,Business,1,45.2,5.8,SES-2011,2023-11-03,Engineering,2,Absent
41910,22,Female,Business,1,45.2,5.8,SES-2004,2023-09-23,Engineering,1,Present
41910,22,Female,Business,1,45.2,5.8,SES-2047,2024-02-01,Computer Science,4,Absent
41910,22,Female,Business,1,62.4,10.3,SES-2036,2024-02-12,Education,4,Present
41909,20,Female,Engineering,5,59.43,4.0,SES-2013,2023-10-22,Education,2,Absent
41908,20,Female,Engineering,5,59.43,4.0,SES-2017,2024-03-23,Computer Science,4,Absent
41908,20,Female,Education,5,70.44,8.2,SES-2011,2023-11-03,Engineering,2,Present
41908,20,Male,Engineering,7,77.26,12.1,SES-2003,2023-10-08,Engineering,2,Absent
41908,20,Male,Engineering,7,77.26,12.1,SES-2042,2023-12-17,Engineering,3,Present
41907,23,Male,Engineering,7,77.26,12.1,SES-2012,2024-04-19,Education,5,Absent
41904,17,Male,Education,2,57.14,14.9,SES-2047,2024-02-01,Computer Science,4,Present
41900,23,Male,Education,3,69.2,10.2,SES-2014,2024-03-28,Education,5,Present
41899,19,Male,Education,3,69.2,10.2,SES-2044,2024-04-22,Social Sciences,5,Present
41899,19,Male,Education,3,69.2,10.2,SES-2019,2024-06-21,Engineering,7,Present
41895,17,Male,Computer Science,1,76.2,3.9,SES-2049,2024-04-17,Education,6,Absent
41895,17,Male,Computer Science,1,76.2,3.9,SES-2011,2023-11-03,Engineering,2,Absent
41895,17,Male,Education,6,44.99,8.9,SES-2001,2024-02-05,Computer Science,4,Absent
41895,17,Female,Computer Science,2,56.42,9.0,SES-2024,2024-06-05,Social Sciences,7,Present
41895,17,Female,Computer Science,2,56.42,9.0,SES-2033,2023-11-14,Education,2,Absent
41894,23,Female,Computer Science,2,56.42,9.0,SES-2035,2023-11-28,Social Sciences,3,Present
41894,23,Female,Computer Science,2,56.42,9.0,SES-2046,2024-02-11,Computer Science,4,Present
41894,23,Female,Social Sciences,5,56.12,9.4,SES-2011,2023-11-03,Engineering,2,Absent
41894,23,Female,Social Sciences,5,56.12,9.4,SES-2005,2024-05-15,Engineering,7,Present
41893,19,Female,Social Sciences,5,56.12,9.4,SES-2021,2024-02-26,Social Sciences,4,Present
41892,18,Female,Social Sciences,5,56.12,9.4,SES-2024,2024-06-05,Social Sciences,7,Present
41892,18,Female,Social Sciences,5,56.12,9.4,SES-2046,2024-02-11,Computer Science,4,Present
41892,18,Female,Computer Science,6,65.02,5.7,SES-2010,2024-03-24,Business,5,Present
41892,18,Male,Education,8,65.97,7.4,SES-2006,2024-03-25,Education,5,Present
41891,21,Male,Education,8,65.97,7.4,SES-2000,2023-10-24,Social Sciences,2,Present
41888,20,Male,Engineering,2,57.86,4.3,SES-2018,2023-11-06,Business,3,Present
41888,20,Male,Engineering,2,57.86,4.3,SES-2045,2024-07-04,Education,8,Absent
41888,20,Male,Engineering,2,57.86,4.3,SES-2021,2024-02-26,Social Sciences,4,Absent
41886,26,Male,Computer Science,1,72.24,10.9,SES-2011,2023-11-03,Engineering,2,Absent
41886,26,Male,Computer Science,1,72.24,10.9,SES-2028,2024-06-25,Computer Science,8,Present
41886,26,Male,Engineering,4,75.77,4.6,SES-2000,2023-10-24,Social Sciences,2,Absent
41884,20,Male,Engineering,4,57.16,6.9,SES-2049,2024-04-17,Education,6,Present
41883,21,Female,Computer Science,1,49.33,9.2,SES-2025,2023-11-24,Engineering,3,Absent
41882,19,Female,Computer Science,1,49.33,9.2,SES-2032,2023-11-25,Social Sciences,2,Absent
41882,19,Female,Computer Science,1,49.33,9.2,SES-2035,2023-11-28,Social Sciences,3,Absent
41878,17,Male,Business,5,66.1,9.2,SES-2028,2024-06-25,Computer Science,8,Present
41878,17,Male,Business,5,66.1,9.2,SES-2045,2024-07-04,Education,8,Present
41876,24,Male,Business,5,66.1,9.2,SES-2012,2024-04-19,Education,5,Present
41876,24,Male,Business,5,66.1,9.2,SES-2046,2024-02-11,Computer Science,4,Present
41876,24,Male,Computer Science,4,54.85,7.3,SES-2012,2024-04-19,Education,5,Present
41876,24,Male,Computer Science,4,54.85,7.3,SES-2005,2024-05-15,Engineering,7,Present
41876,24,Male,Computer Science,4,54.85,7.3,SES-2034,2024-06-24,Social Sciences,8,Present
41875,21,Male,Computer Science,4,54.85,7.3,SES-2016,2024-04-12,Social Sciences,6,Present
41874,24,Female,Education,3,65.63,8.5,SES-2026,2024-04-19,Business,5,Present
41872,17,Female,Computer Science,6,77.54,11.1,SES-2033,2023-11-14,Education,2,Present
41871,24,Female,Computer Science,6,77.54,11.1,SES-2027,2024-04-05,Engineering,6,Absent
41866,18,Male,Education,1,51.95,3.6,SES-2038,2023-11-27,Social Sciences,2,Absent
41866,18,Male,Education,1,51.95,3.6,SES-2014,2024-03-28,Education,5,Absent
41862,22,Female,Social Sciences,3,78.63,13.3,SES-2038,2023-11-27,Social Sciences,2,Present
41861,25,Female,Social Sciences,3,78.63,13.3,SES-2024,2024-06-05,Social Sciences,7,Present
41861,25,Female,Social Sciences,3,78.63,13.3,SES-2022,2024-06-03,Education,7,Present
41861,25,Female,Social Sciences,3,78.63,13.3,SES-2027,2024-04-05,Engineering,6,Present
41858,20,Male,Education,6,81.1,14.2,SES-2045,2024-07-04,Education,8,Present
41858,20,Male,Education,6,81.1,14.2,SES-2013,2023-10-22,Education,2,Present
41856,20,Male,Education,6,81.1,14.2,SES-2002,2023-11-02,Computer Science,2,Present
41856,20,Female,Engineering,8,61.12,7.8,SES-2008,2024-03-04,Computer Science,4,Absent
41856,20,Female,Engineering,8,61.12,7.8,SES-2023,2024-04-21,Business,6,Present
41854,20,Male,Education,3,73.72,7.8,SES-2027,2024-04-05,Engineering,6,Present
41854,20,Male,Education,3,73.72,7.8,SES-2031,2024-07-18,Computer Science,8,Present
41854,20,Female,Computer Science,4,75.96,9.4,SES-2026,2024-04-19,Business,5,Present
41854,20,Female,Computer Science,4,75.96,9.4,SES-2002,2023-11-02,Computer Science,2,Present
41854,20,Female,Computer Science,4,75.96,9.4,SES-2033,2023-11-14,Education,2,Present
41853,22,Female,Computer Science,4,75.96,9.4,SES-2024,2024-06-05,Social Sciences,7,Present
41852,20,Female,Computer Science,4,75.96,9.4,SES-2019,2024-06-21,Engineering,7,Present
41852,20,Female,Computer Science,6,76.42,10.6,SES-2039,2024-02-08,Engineering,4,Present
41851,18,Female,Computer Science,6,76.42,10.6,SES-2003,2023-10-08,Engineering,2,Present
41851,18,Female,Computer Science,6,76.42,10.6,SES-2024,2024-06-05,Social Sciences,7,Absent
41851,18,Female,Engineering,5,71.54,7.9,SES-2032,2023-11-25,Social Sciences,2,Present
41851,18,Female,Engineering,5,71.54,7.9,SES-2039,2024-02-08,Engineering,4,Absent
41850,19,Female,Engineering,5,71.54,7.9,SES-2001,2024-02-05,Computer Science,4,Absent
41847,24,Female,Computer Science,6,75.69,5.3,SES-2005,2024-05-15,Engineering,7,Present
41846,24,Female,Computer Science,6,75.69,5.3,SES-2024,2024-06-05,Social Sciences,7,Present
41845,21,Female,Computer Science,1,74.8,4.1,SES-2005,2024-05-15,Engineering,7,Absent
41843,25,Male,Education,1,43.36,8.3,SES-2012,2024-04-19,Education,5,Absent
41843,25,Male,Education,1,43.36,8.3,SES-2032,2023-11-25,Social Sciences,2,Absent
41843,25,Male,Education,1,43.36,8.3,SES-2020,2024-03-27,Computer Science,4,Absent
41841,21,Male,Engineering,5,66.71,7.1,SES-2035,2023-11-28,Social Sciences,3,Present
41841,21,Male,Engineering,5,66.71,7.1,SES-2010,2024-03-24,Business,5,Present
41841,21,Male,Engineering,5,66.71,7.1,SES-2019,2024-06-21,Engineering,7,Present
41841,21,Male,Education,2,79.99,12.8,SES-2042,2023-12-17,Engineering,3,Present
41838,20,Male,Education,2,79.99,12.8,SES-2026,2024-04-19,Business,5,Present
41837,21,Male,Education,2,79.99,12.8,SES-2048,2023-09-03,Computer Science,1,Present
41836,21,Female,Engineering,8,83.61,14.7,SES-2005,2024-05-15,Engineering,7,Present
41836,21,Female,Engineering,8,83.61,14.7,SES-2027,2024-04-05,Engineering,6,Present
41835,23,Female,Business,3,48.84,9.6,SES-2034,2024-06-24,Social Sciences,8,Absent
41834,20,Female,Business,3,48.84,9.6,SES-2011,2023-11-03,Engineering,2,Absent
41833,18,Female,Business,3,48.84,9.6,SES-2006,2024-03-25,Education,5,Present
41833,18,Female,Business,3,48.84,9.6,SES-2013,2023-10-22,Education,2,Absent
41832,18,Female,Business,3,48.84,9.6,SES-2014,2024-03-28,Education,5,Absent
41831,19,Female,Education,1,70.62,13.2,SES-2046,2024-02-11,Computer Science,4,Absent
41831,19,Female,Education,1,70.62,13.2,SES-2035,2023-11-28,Social Sciences,3,Present
41831,19,Female,Education,1,70.62,13.2,SES-2041,2023-10-05,Business,2,Present
41830,22,Female,Computer Science,7,75.5,8.7,SES-2029,2023-10-21,Education,2,Present
41830,22,Female,Computer Science,7,75.5,8.7,SES-2025,2023-11-24,Engineering,3,Present
41830,22,Female,Business,6,56.32,6.6,SES-2025,2023-11-24,Engineering,3,Present
41828,21,Male,Engineering,6,64.05,1.1,SES-2012,2024-04-19,Education,5,Present
41828,21,Male,Engineering,6,64.05,1.1,SES-2033,2023-11-14,Education,2,Absent
41828,21,Male,Engineering,6,64.05,1.1,SES-2029,2023-10-21,Education,2,Present
41828,21,Male,Engineering,6,64.05,1.1,SES-2017,2024-03-23,Computer Science,4,Absent
41818,17,Male,Engineering,4,59.88,11.6,SES-2028,2024-06-25,Computer Science,8,Present
41818,17,Male,Engineering,4,59.88,11.6,SES-2005,2024-05-15,Engineering,7,Present
41817,19,Female,Engineering,5,63.57,5.9,SES-2048,2023-09-03,Computer Science,1,Present
41816,18,Female,Engineering,5,63.57,5.9,SES-2044,2024-04-22,Social Sciences,5,Present
41815,19,Male,Computer Science,5,64.47,9.3,SES-2017,2024-03-23,Computer Science,4,Present
41811,20,Male,Engineering,4,70.11,9.9,SES-2035,2023-11-28,Social Sciences,3,Present
41811,20,Male,Engineering,4,70.11,9.9,SES-2047,2024-02-01,Computer Science,4,Present
41811,20,Male,Engineering,4,70.11,9.9,SES-2045,2024-07-04,Education,8,Present
41810,21,Male,Engineering,4,70.11,9.9,SES-2027,2024-04-05,Engineering,6,Present
41809,18,Male,Engineering,4,70.11,9.9,SES-2042,2023-12-17,Engineering,3,Present
41809,18,Male,Business,7,63.82,4.9,SES-2033,2023-11-14,Education,2,Present
41809,18,Male,Business,7,63.82,4.9,SES-2000,2023-10-24,Social Sciences,2,Absent
41809,18,Male,Business,7,63.82,4.9,SES-2022,2024-06-03,Education,7,Absent
41809,18,Male,Business,7,63.82,4.9,SES-2025,2023-11-24,Engineering,3,Absent
41809,18,Male,Business,7,63.82,4.9,SES-2014,2024-03-28,Education,5,Absent
41809,18,Male,Business,5,66.88,5.8,SES-2026,2024-04-19,Business,5,Present
41809,18,Male,Business,5,66.88,5.8,SES-2047,2024-02-01,Computer Science,4,Present
41809,18,Male,Business,5,66.88,5.8,SES-2039,2024-02-08,Engineering,4,Present
41807,20,Male,Business,5,66.88,5.8,SES-2033,2023-11-14,Education,2,Present
41798,20,Male,Computer Science,3,53.14,8.6,SES-2021,2024-02-26,Social Sciences,4,Present
41798,20,Male,Computer Science,3,53.14,8.6,SES-2046,2024-02-11,Computer Science,4,Present
41797,22,Male,Education,1,46.12,7.1,SES-2034,2024-06-24,Social Sciences,8,Present
41796,19,Male,Computer Science,3,40.53,10.0,SES-2007,2024-06-09,Education,7,Absent
41796,19,Male,Computer Science,3,40.53,10.0,SES-2049,2024-04-17,Education,6,Absent
41796,19,Male,Computer Science,3,40.53,10.0,SES-2045,2024-07-04,Education,8,Absent
41793,20,Female,Computer Science,4,68.09,3.0,SES-2016,2024-04-12,Social Sciences,6,Absent
41793,20,Female,Computer Science,4,68.09,3.0,SES-2000,2023-10-24,Social Sciences,2,Absent
41792,23,Male,Social Sciences,3,66.56,11.3,SES-2009,2024-05-12,Social Sciences,7,Present
41791,23,Female,Business,2,69.5,12.1,SES-2018,2023-11-06,Business,3,Present
41791,23,Female,Business,2,69.5,12.1,SES-2024,2024-06-05,Social Sciences,7,Absent
41791,23,Female,Business,2,69.5,12.1,SES-2013,2023-10-22,Education,2,Present
41790,19,Female,Business,2,69.5,12.1,SES-2012,2024-04-19,Education,5,Present
41785,22,Female,Engineering,2,67.67,7.4,SES-2034,2024-06-24,Social Sciences,8,Present
41784,26,Female,Engineering,2,67.67,7.4,SES-2007,2024-06-09,Education,7,Present
41784,26,Female,Engineering,2,67.67,7.4,SES-2017,2024-03-23,Computer Science,4,Present
41782,18,Female,Engineering,7,63.34,8.5,SES-2010,2024-03-24,Business,5,Present
41782,18,Female,Engineering,7,63.34,8.5,SES-2006,2024-03-25,Education,5,Present
41781,22,Female,Business,1,66.45,4.9,SES-2011,2023-11-03,Engineering,2,Absent
41781,22,Female,Business,1,66.45,4.9,SES-2026,2024-04-19,Business,5,Absent
41780,22,Male,Business,1,41.84,9.6,SES-2019,2024-06-21,Engineering,7,Present
41780,22,Male,Business,1,41.84,9.6,SES-2012,2024-04-19,Education,5,Absent
41780,22,Male,Business,1,41.84,9.6,SES-2016,2024-04-12,Social Sciences,6,Absent
41780,22,Male,Business,1,41.84,9.6,SES-2038,2023-11-27,Social Sciences,2,Present
41778,22,Female,Computer Science,5,91.25,8.1,SES-2024,2024-06-05,Social Sciences,7,Present
41778,22,Female,Business,1,75.52,7.3,SES-2011,2023-11-03,Engineering,2,Present
41777,21,Female,Business,1,75.52,7.3,SES-2020,2024-03-27,Computer Science,4,Present
41777,21,Female,Business,3,55.44,11.7,SES-2001,2024-02-05,Computer Science,4,Present
41776,21,Female,Engineering,4,78.7,12.2,SES-2043,2024-05-18,Education,7,Present
41775,23,Female,Engineering,4,78.7,12.2,SES-2037,2023-10-16,Computer Science,1,Absent
41775,23,Female,Engineering,4,78.7,12.2,SES-2040,2023-10-24,Business,2,Present
41775,23,Female,Engineering,4,78.7,12.2,SES-2047,2024-02-01,Computer Science,4,Present
41775,23,Female,Social Sciences,3,75.84,8.3,SES-2014,2024-03-28,Education,5,Present
41774,21,Female,Social Sciences,3,75.84,8.3,SES-2015,2023-11-09,Business,2,Absent
41771,21,Female,Computer Science,2,78.03,9.3,SES-2030,2024-05-13,Business,7,Absent
41770,18,Female,Computer Science,2,78.03,9.3,SES-2021,2024-02-26,Social Sciences,4,Present
41770,18,Female,Computer Science,2,78.03,9.3,SES-2007,2024-06-09,Education,7,Present
41770,18,Female,Computer Science,2,78.03,9.3,SES-2049,2024-04-17,Education,6,Absent
41769,24,Female,Engineering,3,81.3,10.8,SES-2031,2024-07-18,Computer Science,8,Present
41769,24,Female,Engineering,3,81.3,10.8,SES-2013,2023-10-22,Education,2,Absent
41769,24,Female,Engineering,3,81.3,10.8,SES-2017,2024-03-23,Computer Science,4,Present
41769,24,Male,Business,4,63.33,1.0,SES-2004,2023-09-23,Engineering,1,Present
41767,22,Male,Business,4,63.33,1.0,SES-2049,2024-04-17,Education,6,Absent
41766,23,Male,Business,4,63.33,1.0,SES-2029,2023-10-21,Education,2,Absent
41766,23,Male,Business,4,63.33,1.0,SES-2048,2023-09-03,Computer Science,1,Absent
41766,23,Male,Education,8,70.4,10.2,SES-2028,2024-06-25,Computer Science,8,Present
41766,23,Male,Education,8,70.4,10.2,SES-2041,2023-10-05,Business,2,Present
41765,22,Female,Business,1,71.81,7.7,SES-2047,2024-02-01,Computer Science,4,Present
41765,22,Female,Business,1,71.81,7.7,SES-2013,2023-10-22,Education,2,Present
41763,20,Female,Social Sciences,5,57.97,6.1,SES-2012,2024-04-19,Education,5,Present
41761,22,Female,Social Sciences,5,57.97,6.1,SES-2028,2024-06-25,Computer Science,8,Present
41758,20,Female,Business,5,79.63,10.2,SES-2049,2024-04-17,Education,6,Present
41758,20,Female,Business,5,79.63,10.2,SES-2002,2023-11-02,Computer Science,2,Present
41757,19,Female,Business,5,79.63,10.2,SES-2029,2023-10-21,Education,2,Present
41757,19,Female,Computer Science,3,65.24,7.9,SES-2017,2024-03-23,Computer Science,4,Absent
41757,19,Female,Computer Science,3,65.24,7.9,SES-2012,2024-04-19,Education,5,Present
41757,19,Female,Computer Science,3,65.24,7.9,SES-2020,2024-03-27,Computer Science,4,Present
41751,20,Male,Business,5,77.4,10.2,SES-2024,2024-06-05,Social Sciences,7,Present
41749,20,Female,Engineering,5,64.42,10.1,SES-2019,2024-06-21,Engineering,7,Present
41749,20,Male,Computer Science,5,47.76,10.2,SES-2021,2024-02-26,Social Sciences,4,Present
41749,20,Male,Computer Science,5,47.76,10.2,SES-2016,2024-04-12,Social Sciences,6,Absent
41749,20,Male,Computer Science,5,47.76,10.2,SES-2018,2023-11-06,Business,3,Absent
41747,20,Male,Social Sciences,8,56.99,10.2,SES-2046,2024-02-11,Computer Science,4,Present
41747,20,Male,Social Sciences,8,56.99,10.2,SES-2010,2024-03-24,Business,5,Present
41747,20,Female,Engineering,1,78.96,9.6,SES-2007,2024-06-09,Education,7,Present
41747,20,Female,Engineering,1,78.96,9.6,SES-2049,2024-04-17,Education,6,Present
41745,19,Female,Engineering,1,78.96,9.6,SES-2047,2024-02-01,Computer Science,4,Present
41741,20,Male,Computer Science,2,62.92,6.3,SES-2035,2023-11-28,Social Sciences,3,Present
41741,20,Male,Computer Science,2,62.92,6.3,SES-2019,2024-06-21,Engineering,7,Present
41741,20,Male,Social Sciences,2,47.46,7.2,SES-2011,2023-11-03,Engineering,2,Present
41740,21,Male,Business,1,65.62,8.4,SES-2045,2024-07-04,Education,8,Present
41739,25,Male,Business,8,51.09,14.2,SES-2002,2023-11-02,Computer Science,2,Present
41738,20,Male,Business,8,51.09,14.2,SES-2039,2024-02-08,Engineering,4,Present
41738,20,Male,Business,8,51.09,14.2,SES-2010,2024-03-24,Business,5,Present
41737,21,Male,Business,8,51.09,14.2,SES-2016,2024-04-12,Social Sciences,6,Present
41737,21,Female,Education,8,75.23,12.5,SES-2037,2023-10-16,Computer Science,1,Present
41735,23,Female,Education,8,75.23,12.5,SES-2043,2024-05-18,Education,7,Present
41734,20,Female,Education,8,75.23,12.5,SES-2005,2024-05-15,Engineering,7,Present
41734,20,Female,Education,8,75.23,12.5,SES-2040,2023-10-24,Business,2,Present
41734,20,Male,Computer Science,8,75.94,11.5,SES-2033,2023-11-14,Education,2,Present
41734,20,Male,Computer Science,8,75.94,11.5,SES-2030,2024-05-13,Business,7,Present
41732,24,Male,Computer Science,8,75.94,11.5,SES-2041,2023-10-05,Business,2,Present
41732,24,Male,Computer Science,8,75.94,11.5,SES-2022,2024-06-03,Education,7,Absent
41732,24,Male,Computer Science,8,81.73,14.3,SES-2022,2024-06-03,Education,7,Present
41731,21,Male,Computer Science,8,81.73,14.3,SES-2014,2024-03-28,Education,5,Present
41731,21,Male,Computer Science,8,81.73,14.3,SES-2013,2023-10-22,Education,2,Present
41731,21,Male,Computer Science,8,81.73,14.3,SES-2029,2023-10-21,Education,2,Present
41726,22,Female,Computer Science,8,58.18,3.6,SES-2007,2024-06-09,Education,7,Absent
41725,20,Female,Computer Science,8,58.18,3.6,SES-2039,2024-02-08,Engineering,4,Absent
41725,20,Female,Computer Science,8,58.18,3.6,SES-2004,2023-09-23,Engineering,1,Absent
41721,23,Female,Social Sciences,2,68.1,2.7,SES-2020,2024-03-27,Computer Science,4,Absent
41721,23,Female,Social Sciences,2,68.1,2.7,SES-2008,2024-03-04,Computer Science,4,Absent
41718,19,Female,Education,5,77.1,9.8,SES-2047,2024-02-01,Computer Science,4,Present
41717,17,Female,Education,5,77.1,9.8,SES-2025,2023-11-24,Engineering,3,Present
41717,17,Female,Education,5,77.1,9.8,SES-2040,2023-10-24,Business,2,Present
41717,17,Female,Education,5,77.1,9.8,SES-2042,2023-12-17,Engineering,3,Present
41716,19,Female,Education,7,69.01,10.3,SES-2011,2023-11-03,Engineering,2,Present
41716,19,Female,Education,7,69.01,10.3,SES-2007,2024-06-09,Education,7,Absent
41716,19,Female,Education,7,69.01,10.3,SES-2008,2024-03-04,Computer Science,4,Present
41716,19,Female,Education,7,69.01,10.3,SES-2028,2024-06-25,Computer Science,8,Present
41716,19,Female,Education,7,69.01,10.3,SES-2041,2023-10-05,Business,2,Present
41715,18,Female,Engineering,1,64.28,11.1,SES-2008,2024-03-04,Computer Science,4,Present
41715,18,Female,Engineering,1,64.28,11.1,SES-2040,2023-10-24,Business,2,Present
41714,17,Female,Engineering,1,64.28,11.1,SES-2029,2023-10-21,Education,2,Present
41714,17,Male,Computer Science,7,56.42,9.3,SES-2020,2024-03-27,Computer Science,4,Present
41714,17,Male,Computer Science,7,56.42,9.3,SES-2036,2024-02-12,Education,4,Absent
41714,17,Male,Computer Science,7,56.42,9.3,SES-2001,2024-02-05,Computer Science,4,Absent
41713,21,Male,Computer Science,7,56.42,9.3,SES-2005,2024-05-15,Engineering,7,Absent
41712,26,Male,Computer Science,7,56.42,9.3,SES-2028,2024-06-25,Computer Science,8,Present
41712,26,Male,Computer Science,1,69.76,9.5,SES-2031,2024-07-18,Computer Science,8,Present
41709,23,Male,Business,8,67.85,14.0,SES-2030,2024-05-13,Business,7,Present
41709,23,Male,Business,8,67.85,14.0,SES-2044,2024-04-22,Social Sciences,5,Present
41708,23,Male,Engineering,6,64.93,12.4,SES-2024,2024-06-05,Social Sciences,7,Absent
41706,19,Male,Engineering,6,64.93,12.4,SES-2021,2024-02-26,Social Sciences,4,Absent
41706,19,Male,Engineering,6,64.93,12.4,SES-2027,2024-04-05,Engineering,6,Absent
41706,19,Male,Engineering,6,64.93,12.4,SES-2033,2023-11-14,Education,2,Present
41705,21,Male,Social Sciences,2,79.79,7.5,SES-2031,2024-07-18,Computer Science,8,Present
41705,21,Male,Social Sciences,2,79.79,7.5,SES-2004,2023-09-23,Engineering,1,Absent
41704,24,Male,Engineering,6,63.44,10.2,SES-2007,2024-06-09,Education,7,Present
41704,24,Male,Engineering,6,63.44,10.2,SES-2013,2023-10-22,Education,2,Present
41703,23,Male,Engineering,2,66.61,9.1,SES-2026,2024-04-19,Business,5,Present
41702,17,Male,Engineering,2,66.61,9.1,SES-2015,2023-11-09,Business,2,Present
41702,17,Male,Engineering,2,66.61,9.1,SES-2009,2024-05-12,Social Sciences,7,Present
41702,17,Male,Engineering,2,66.61,9.1,SES-2008,2024-03-04,Computer Science,4,Absent
41699,20,Male,Engineering,1,58.61,9.9,SES-2047,2024-02-01,Computer Science,4,Present
41699,20,Male,Engineering,1,58.61,9.9,SES-2030,2024-05-13,Business,7,Present
41699,20,Male,Engineering,1,58.61,9.9,SES-2025,2023-11-24,Engineering,3,Present
41697,19,Female,Business,4,55.0,7.1,SES-2036,2024-02-12,Education,4,Present
41697,19,Female,Business,4,55.0,7.1,SES-2017,2024-03-23,Computer Science,4,Present
41697,19,Female,Business,8,59.68,8.4,SES-2012,2024-04-19,Education,5,Present
41697,19,Female,Business,8,59.68,8.4,SES-2038,2023-11-27,Social Sciences,2,Present
41696,19,Male,Engineering,2,82.1,14.7,SES-2001,2024-02-05,Computer Science,4,Present
41694,20,Male,Engineering,2,82.1,14.7,SES-2012,2024-04-19,Education,5,Absent
41694,20,Male,Engineering,2,82.1,14.7,SES-2032,2023-11-25,Social Sciences,2,Present
41694,20,Female,Computer Science,3,70.89,7.5,SES-2002,2023-11-02,Computer Science,2,Present
41694,20,Female,Computer Science,3,70.89,7.5,SES-2001,2024-02-05,Computer Science,4,Present
41694,20,Female,Computer Science,3,70.89,7.5,SES-2021,2024-02-26,Social Sciences,4,Absent
41694,20,Female,Computer Science,3,70.89,7.5,SES-2012,2024-04-19,Education,5,Absent
41694,20,Female,Computer Science,3,70.89,7.5,SES-2014,2024-03-28,Education,5,Present
41694,20,Female,Business,4,47.08,9.2,SES-2024,2024-06-05,Social Sciences,7,Absent
41694,20,Female,Business,4,47.08,9.2,SES-2023,2024-04-21,Business,6,Absent
41692,21,Male,Business,6,59.21,5.2,SES-2028,2024-06-25,Computer Science,8,Present
41691,21,Male,Business,6,59.21,5.2,SES-2038,2023-11-27,Social Sciences,2,Present
41691,21,Male,Business,6,59.21,5.2,SES-2026,2024-04-19,Business,5,Present
41691,21,Male,Business,6,59.21,5.2,SES-2037,2023-10-16,Computer Science,1,Absent
41691,21,Male,Business,6,59.21,5.2,SES-2021,2024-02-26,Social Sciences,4,Absent
41689,19,Male,Education,1,72.97,8.0,SES-2003,2023-10-08,Engineering,2,Present
41687,22,Male,Computer Science,6,63.74,4.9,SES-2044,2024-04-22,Social Sciences,5,Absent
41687,22,Male,Computer Science,6,63.74,4.9,SES-2046,2024-02-11,Computer Science,4,Absent
41687,22,Male,Computer Science,6,63.74,4.9,SES-2004,2023-09-23,Engineering,1,Absent
41685,23,Male,Education,5,57.49,10.4,SES-2048,2023-09-03,Computer Science,1,Present
41685,23,Male,Education,5,57.49,10.4,SES-2043,2024-05-18,Education,7,Present
41685,23,Male,Education,5,57.49,10.4,SES-2028,2024-06-25,Computer Science,8,Absent
41684,23,Male,Education,5,57.49,10.4,SES-2035,2023-11-28,Social Sciences,3,Present
41684,23,Female,Computer Science,3,67.44,9.5,SES-2018,2023-11-06,Business,3,Present
41683,22,Female,Computer Science,3,67.44,9.5,SES-2019,2024-06-21,Engineering,7,Present
41682,19,Female,Computer Science,3,67.44,9.5,SES-2004,2023-09-23,Engineering,1,Present
41682,19,Female,Computer Science,3,67.44,9.5,SES-2041,2023-10-05,Business,2,Present
41682,19,Female,Computer Science,3,67.44,9.5,SES-2030,2024-05-13,Business,7,Present
41680,22,Female,Business,2,90.44,6.2,SES-2005,2024-05-15,Engineering,7,Present
41680,22,Female,Business,2,90.44,6.2,SES-2041,2023-10-05,Business,2,Present
41680,22,Male,Education,6,77.66,12.1,SES-2037,2023-10-16,Computer Science,1,Present
41678,22,Male,Education,6,77.66,12.1,SES-2043,2024-05-18,Education,7,Absent
41675,19,Female,Social Sciences,3,98.3,8.4,SES-2049,2024-04-17,Education,6,Present
41675,19,Female,Social Sciences,3,98.3,8.4,SES-2029,2023-10-21,Education,2,Present
41674,21,Female,Social Sciences,3,98.3,8.4,SES-2021,2024-02-26,Social Sciences,4,Present
41674,21,Female,Social Sciences,3,98.3,8.4,SES-2012,2024-04-19,Education,5,Present
41674,21,Female,Education,6,60.89,8.5,SES-2024,2024-06-05,Social Sciences,7,Present
41672,21,Female,Education,6,60.89,8.5,SES-2048,2023-09-03,Computer Science,1,Present
41672,21,Female,Education,6,60.89,8.5,SES-2029,2023-10-21,Education,2,Present
41671,23,Female,Education,6,60.89,8.5,SES-2012,2024-04-19,Education,5,Present
41670,20,Female,Computer Science,2,75.95,7.2,SES-2024,2024-06-05,Social Sciences,7,Present
41666,24,Female,Computer Science,2,69.94,8.7,SES-2025,2023-11-24,Engineering,3,Present
41666,24,Female,Computer Science,2,69.94,8.7,SES-2024,2024-06-05,Social Sciences,7,Present
41664,23,Female,Computer Science,2,69.94,8.7,SES-2004,2023-09-23,Engineering,1,Present
41664,23,Female,Social Sciences,5,67.56,8.8,SES-2030,2024-05-13,Business,7,Present
41664,23,Female,Social Sciences,5,67.56,8.8,SES-2042,2023-12-17,Engineering,3,Absent
41664,23,Female,Social Sciences,5,67.56,8.8,SES-2003,2023-10-08,Engineering,2,Present
41664,23,Male,Computer Science,2,65.81,9.7,SES-2032,2023-11-25,Social Sciences,2,Present
41664,23,Male,Computer Science,2,65.81,9.7,SES-2036,2024-02-12,Education,4,Present
41664,23,Female,Business,4,72.41,5.4,SES-2045,2024-07-04,Education,8,Present
41664,23,Female,Business,4,72.41,5.4,SES-2034,2024-06-24,Social Sciences,8,Absent
41661,21,Female,Business,4,72.41,5.4,SES-2044,2024-04-22,Social Sciences,5,Present
41659,18,Female,Engineering,2,60.31,8.0,SES-2035,2023-11-28,Social Sciences,3,Present
41659,18,Female,Engineering,2,60.31,8.0,SES-2037,2023-10-16,Computer Science,1,Present
41659,18,Female,Engineering,2,60.31,8.0,SES-2028,2024-06-25,Computer Science,8,Present
41655,20,Male,Education,5,75.91,13.1,SES-2028,2024-06-25,Computer Science,8,Absent
41655,20,Male,Social Sciences,1,67.05,9.4,SES-2018,2023-11-06,Business,3,Present
41655,20,Male,Social Sciences,1,67.05,9.4,SES-2007,2024-06-09,Education,7,Present
41655,20,Male,Social Sciences,1,67.05,9.4,SES-2020,2024-03-27,Computer Science,4,Present
41654,20,Male,Social Sciences,1,67.05,9.4,SES-2045,2024-07-04,Education,8,Absent
41653,21,Female,Business,1,72.7,12.6,SES-2013,2023-10-22,Education,2,Present
41653,21,Female,Business,1,72.7,12.6,SES-2014,2024-03-28,Education,5,Present
41653,21,Female,Business,6,87.7,15.6,SES-2019,2024-06-21,Engineering,7,Absent
41653,21,Female,Computer Science,2,61.62,8.8,SES-2040,2023-10-24,Business,2,Present
41653,21,Female,Computer Science,2,61.62,8.8,SES-2020,2024-03-27,Computer Science,4,Present
41651,21,Male,Engineering,1,68.62,7.5,SES-2041,2023-10-05,Business,2,Absent
41651,21,Male,Engineering,1,68.62,7.5,SES-2030,2024-05-13,Business,7,Present
41650,20,Male,Engineering,1,68.62,7.5,SES-2012,2024-04-19,Education,5,Present
41643,22,Male,Computer Science,3,56.61,5.9,SES-2010,2024-03-24,Business,5,Present
41643,22,Female,Computer Science,3,56.05,5.5,SES-2012,2024-04-19,Education,5,Present
41642,22,Female,Computer Science,3,56.05,5.5,SES-2022,2024-06-03,Education,7,Present
41642,22,Female,Computer Science,3,56.05,5.5,SES-2017,2024-03-23,Computer Science,4,Present
41640,24,Male,Engineering,8,47.38,11.7,SES-2047,2024-02-01,Computer Science,4,Absent
41640,24,Male,Engineering,8,47.38,11.7,SES-2020,2024-03-27,Computer Science,4,Absent
41639,19,Male,Computer Science,3,54.76,7.3,SES-2013,2023-10-22,Education,2,Present
41639,19,Female,Engineering,5,92.48,10.6,SES-2045,2024-07-04,Education,8,Present
41638,19,Female,Engineering,5,92.48,10.6,SES-2038,2023-11-27,Social Sciences,2,Present
41638,19,Female,Engineering,5,92.48,10.6,SES-2027,2024-04-05,Engineering,6,Present
41636,23,Female,Engineering,5,92.48,10.6,SES-2024,2024-06-05,Social Sciences,7,Present
41636,23,Male,Computer Science,3,52.63,7.4,SES-2031,2024-07-18,Computer Science,8,Present
41635,19,Male,Computer Science,3,52.63,7.4,SES-2003,2023-10-08,Engineering,2,Absent
41635,19,Male,Computer Science,3,52.63,7.4,SES-2014,2024-03-28,Education,5,Present
41634,18,Male,Computer Science,6,60.11,7.8,SES-2034,2024-06-24,Social Sciences,8,Absent
41633,21,Male,Computer Science,6,60.11,7.8,SES-2010,2024-03-24,Business,5,Present
41633,21,Male,Business,2,71.54,11.2,SES-2006,2024-03-25,Education,5,Present
41633,21,Male,Business,1,41.83,10.7,SES-2018,2023-11-06,Business,3,Absent
41633,21,Male,Business,1,41.83,10.7,SES-2049,2024-04-17,Education,6,Absent
41633,21,Male,Business,1,41.83,10.7,SES-2035,2023-11-28,Social Sciences,3,Present
41632,20,Male,Business,1,41.83,10.7,SES-2007,2024-06-09,Education,7,Absent
41631,20,Male,Business,1,41.83,10.7,SES-2008,2024-03-04,Computer Science,4,Absent
41631,20,Male,Business,2,67.86,12.8,SES-2033,2023-11-14,Education,2,Present
41631,20,Male,Business,2,67.86,12.8,SES-2024,2024-06-05,Social Sciences,7,Present
41631,20,Male,Business,2,67.86,12.8,SES-2032,2023-11-25,Social Sciences,2,Absent
41630,22,Male,Business,2,67.86,12.8,SES-2043,2024-05-18,Education,7,Present
41622,18,Female,Engineering,7,57.64,7.4,SES-2023,2024-04-21,Business,6,Present
41620,25,Male,Engineering,3,58.38,12.9,SES-2027,2024-04-05,Engineering,6,Present
41620,25,Male,Business,3,76.01,9.4,SES-2040,2023-10-24,Business,2,Present
41620,25,Male,Business,3,76.01,9.4,SES-2024,2024-06-05,Social Sciences,7,Present
41620,25,Male,Business,3,76.01,9.4,SES-2007,2024-06-09,Education,7,Present
41620,25,Male,Business,3,76.01,9.4,SES-2011,2023-11-03,Engineering,2,Present
41620,25,Male,Business,3,76.01,9.4,SES-2043,2024-05-18,Education,7,Present
41620,25,Female,Engineering,6,80.64,11.7,SES-2009,2024-05-12,Social Sciences,7,Present
41619,17,Female,Engineering,6,80.64,11.7,SES-2037,2023-10-16,Computer Science,1,Present
41619,17,Female,Engineering,6,80.64,11.7,SES-2032,2023-11-25,Social Sciences,2,Present
41618,21,Female,Engineering,6,80.64,11.7,SES-2038,2023-11-27,Social Sciences,2,Present
41618,21,Female,Business,2,66.81,14.6,SES-2033,2023-11-14,Education,2,Present
41617,18,Female,Business,2,66.81,14.6,SES-2037,2023-10-16,Computer Science,1,Present
41614,21,Female,Business,2,66.81,14.6,SES-2038,2023-11-27,Social Sciences,2,Present
41613,23,Female,Engineering,2,62.43,8.5,SES-2009,2024-05-12,Social Sciences,7,Present
41609,23,Male,Education,6,59.79,7.7,SES-2033,2023-11-14,Education,2,Absent
41609,23,Male,Education,6,59.79,7.7,SES-2029,2023-10-21,Education,2,Present
41609,23,Male,Education,6,59.79,7.7,SES-2034,2024-06-24,Social Sciences,8,Present
41607,22,Male,Business,2,65.07,10.6,SES-2023,2024-04-21,Business,6,Present
41602,19,Female,Education,7,81.75,12.9,SES-2035,2023-11-28,Social Sciences,3,Present
41602,19,Female,Education,7,81.75,12.9,SES-2020,2024-03-27,Computer Science,4,Absent
41599,18,Male,Engineering,1,52.58,9.0,SES-2023,2024-04-21,Business,6,Absent
41598,17,Male,Computer Science,2,70.98,6.4,SES-2023,2024-04-21,Business,6,Present
41598,17,Male,Computer Science,2,70.98,6.4,SES-2001,2024-02-05,Computer Science,4,Present
41598,17,Male,Computer Science,2,70.98,6.4,SES-2016,2024-04-12,Social Sciences,6,Absent
41598,17,Male,Computer Science,2,70.98,6.4,SES-2022,2024-06-03,Education,7,Present
41597,27,Male,Computer Science,2,70.98,6.4,SES-2018,2023-11-06,Business,3,Present
41597,27,Female,Education,3,58.18,10.6,SES-2014,2024-03-28,Education,5,Present
41597,27,Female,Education,3,58.18,10.6,SES-2029,2023-10-21,Education,2,Present
41595,20,Female,Education,3,58.18,10.6,SES-2019,2024-06-21,Engineering,7,Present
41594,22,Female,Education,4,77.66,14.9,SES-2014,2024-03-28,Education,5,Present
41594,22,Female,Education,4,77.66,14.9,SES-2001,2024-02-05,Computer Science,4,Present
41594,22,Male,Business,6,65.27,11.1,SES-2034,2024-06-24,Social Sciences,8,Absent
41594,22,Male,Business,6,65.27,11.1,SES-2007,2024-06-09,Education,7,Present
41590,23,Female,Engineering,7,72.51,6.8,SES-2049,2024-04-17,Education,6,Absent
41590,23,Male,Business,5,54.58,7.8,SES-2005,2024-05-15,Engineering,7,Present
41590,23,Male,Business,5,54.58,7.8,SES-2020,2024-03-27,Computer Science,4,Present
41590,23,Male,Business,5,54.58,7.8,SES-2037,2023-10-16,Computer Science,1,Present
41590,23,Male,Business,5,54.58,7.8,SES-2004,2023-09-23,Engineering,1,Present
41590,23,Male,Business,5,54.58,7.8,SES-2042,2023-12-17,Engineering,3,Present
41589,22,Female,Social Sciences,4,82.25,10.8,SES-2018,2023-11-06,Business,3,Present
41588,19,Male,Social Sciences,4,67.77,11.0,SES-2013,2023-10-22,Education,2,Present
41588,19,Male,Social Sciences,4,67.77,11.0,SES-2032,2023-11-25,Social Sciences,2,Present
41588,19,Male,Social Sciences,4,67.77,11.0,SES-2009,2024-05-12,Social Sciences,7,Present
41588,19,Female,Engineering,5,71.57,8.8,SES-2024,2024-06-05,Social Sciences,7,Absent
41588,19,Female,Engineering,5,71.57,8.8,SES-2012,2024-04-19,Education,5,Absent
41587,21,Female,Engineering,7,53.35,17.3,SES-2004,2023-09-23,Engineering,1,Absent
41587,21,Female,Engineering,7,53.35,17.3,SES-2041,2023-10-05,Business,2,Present
41587,21,Female,Engineering,7,53.35,17.3,SES-2019,2024-06-21,Engineering,7,Present
41587,21,Female,Engineering,7,53.35,17.3,SES-2017,2024-03-23,Computer Science,4,Absent
41584,19,Female,Business,1,47.96,5.2,SES-2022,2024-06-03,Education,7,Absent
41584,19,Female,Business,1,47.96,5.2,SES-2011,2023-11-03,Engineering,2,Absent
41584,19,Female,Business,1,47.96,5.2,SES-2042,2023-12-17,Engineering,3,Absent
41584,19,Female,Business,1,47.96,5.2,SES-2041,2023-10-05,Business,2,Absent
41584,19,Male,Computer Science,8,67.4,9.5,SES-2035,2023-11-28,Social Sciences,3,Present
41583,22,Male,Computer Science,8,67.4,9.5,SES-2029,2023-10-21,Education,2,Present
41582,17,Male,Computer Science,8,67.4,9.5,SES-2001,2024-02-05,Computer Science,4,Present
41582,17,Male,Computer Science,8,67.4,9.5,SES-2048,2023-09-03,Computer Science,1,Present
41581,21,Female,Engineering,4,85.87,8.5,SES-2048,2023-09-03,Computer Science,1,Absent
41577,24,Female,Engineering,4,85.87,8.5,SES-2004,2023-09-23,Engineering,1,Present
41574,21,Female,Computer Science,8,78.66,9.3,SES-2022,2024-06-03,Education,7,Present
41574,21,Female,Computer Science,8,78.66,9.3,SES-2029,2023-10-21,Education,2,Present
41574,21,Female,Computer Science,8,78.66,9.3,SES-2027,2024-04-05,Engineering,6,Present
41572,19,Female,Computer Science,8,78.66,9.3,SES-2005,2024-05-15,Engineering,7,Present
41572,19,Female,Engineering,5,70.3,7.5,SES-2044,2024-04-22,Social Sciences,5,Present
41572,19,Female,Engineering,5,70.3,7.5,SES-2048,2023-09-03,Computer Science,1,Present
41570,20,Female,Social Sciences,3,67.63,14.0,SES-2006,2024-03-25,Education,5,Present
41570,20,Female,Social Sciences,3,67.63,14.0,SES-2007,2024-06-09,Education,7,Present
